time,mag,latitude,longitude,depth
2025-05-19 12:58:35,3.0,32.8,101.2,15
2025-05-19 01:30:30,4.2,33.83,90.38,10
2025-05-18 07:36:31,3.1,28.92,95.82,10
2025-05-16 19:37:10,3.6,39.7,82.93,12
2025-05-16 09:00:07,4.5,25.12,98.13,10
2025-05-15 22:33:02,3.0,23.36,118.5,9
2025-05-14 12:14:22,3.1,29.03,87.03,10
2025-05-13 08:01:55,3.9,30.84,98.96,9
2025-05-12 06:33:18,3.0,41.4,78.88,10
2025-05-12 05:11:21,5.5,28.91,87.54,10
2025-05-12 00:31:49,3.0,41.32,83.28,15
2025-05-11 16:09:14,3.6,40.9,78.08,10
2025-05-10 09:33:07,3.4,34.11,86.47,10
2025-05-10 00:38:53,3.1,41.19,83.72,15
2025-05-09 14:25:50,3.4,41.86,89.05,15
2025-05-09 09:41:56,3.3,34.46,93.19,10
2025-05-09 05:51:50,3.4,41.8,81.69,16
2025-05-08 22:48:35,3.0,29.02,87.02,10
2025-05-07 03:43:29,3.1,41.13,83.75,8
2025-05-05 18:53:27,5.7,23.87,121.94,15
2025-05-05 18:10:01,4.9,23.89,121.94,16
2025-05-04 14:45:43,3.8,41.91,82.35,10
2025-05-03 21:31:44,3.0,28.6,87.46,10
2025-05-03 15:54:05,3.2,33.6,81.92,10
2025-04-30 00:41:34,3.2,41.14,83.75,13
2025-04-29 16:20:32,3.8,33.62,81.92,10
2025-04-29 16:17:23,4.8,33.58,81.93,10
2025-04-28 19:27:57,3.2,36.89,80.13,18
2025-04-28 19:00:10,3.9,29.02,87.04,10
2025-04-28 13:08:14,4.1,32.76,105.49,14
2025-04-27 06:39:04,4.0,40.9,84.09,20
2025-04-27 00:27:59,3.0,37.93,102.18,8
2025-04-26 12:39:29,3.0,30.85,98.91,10
2025-04-26 12:21:45,4.9,30.87,98.95,10
2025-04-25 15:45:23,3.0,26.28,100.02,10
2025-04-24 00:08:59,4.8,26.27,100.0,10
2025-04-23 20:54:19,3.4,29.04,87.05,10
2025-04-23 19:56:41,3.0,26.29,100.01,8
2025-04-23 18:44:08,3.2,26.27,100.02,9
2025-04-22 15:28:02,3.3,29.13,93.77,10
2025-04-22 09:30:02,3.7,45.47,82.58,20
2025-04-21 09:07:49,4.6,32.56,93.46,10
2025-04-21 08:03:21,3.6,29.27,86.99,10
2025-04-20 23:48:39,3.3,42.16,81.19,10
2025-04-20 04:27:27,3.0,37.27,102.95,10
2025-04-19 16:35:06,3.9,40.6,83.7,15
2025-04-19 13:10:39,3.0,40.63,77.15,10
2025-04-19 05:37:30,3.2,40.75,78.74,10
2025-04-17 08:53:08,3.7,35.12,81.04,10
2025-04-17 06:46:19,3.8,29.5,104.85,10
2025-04-17 03:34:40,3.0,37.27,102.94,10
2025-04-17 03:21:01,3.9,34.07,86.45,10
2025-04-16 14:41:25,3.1,29.02,87.04,10
2025-04-16 02:05:33,3.0,22.83,115.85,17
2025-04-15 00:18:27,3.3,32.53,93.48,10
2025-04-14 19:43:32,3.1,41.01,83.09,18
2025-04-13 23:17:05,3.3,31.18,93.51,10
2025-04-13 21:45:55,3.8,31.15,93.53,10
2025-04-12 16:34:02,3.1,29.64,104.8,8
2025-04-12 16:08:28,3.6,43.19,88.68,10
2025-04-12 13:00:08,3.2,44.19,89.2,10
2025-04-11 17:57:25,3.9,28.44,87.46,10
2025-04-11 07:59:19,4.1,23.98,122.59,15
2025-04-10 21:35:21,3.9,36.23,78.06,79
2025-04-10 19:15:27,3.2,33.33,96.0,10
2025-04-10 13:12:33,3.1,28.67,86.62,10
2025-04-10 12:09:09,3.1,40.23,77.67,19
2025-04-09 23:51:31,3.3,44.23,89.14,11
2025-04-09 19:29:30,3.0,34.01,103.72,9
2025-04-09 09:53:27,4.6,24.67,121.66,33
2025-04-08 18:00:31,3.3,44.19,89.15,10
2025-04-08 16:19:05,3.7,39.99,118.86,10
2025-04-05 07:38:12,3.2,28.91,87.51,10
2025-04-03 11:46:58,4.2,23.28,120.27,20
2025-04-03 11:28:00,3.1,32.94,100.0,10
2025-04-03 09:53:18,3.6,39.81,113.16,15
2025-04-02 15:18:20,3.6,40.63,83.69,18
2025-04-02 08:19:19,3.7,28.28,87.32,10
2025-04-02 08:11:13,3.2,28.29,87.33,10
2025-04-01 02:13:49,3.2,24.33,98.38,10
2025-03-31 20:24:11,3.4,41.38,83.48,15
2025-03-31 10:46:06,3.2,41.35,83.47,11
2025-03-31 05:44:09,3.8,29.97,90.21,30
2025-03-30 20:46:58,3.0,22.13,110.98,10
2025-03-30 20:24:53,3.7,41.33,83.76,10
2025-03-29 18:50:06,4.4,27.0,103.42,10
2025-03-28 19:56:37,3.1,34.75,87.78,10
2025-03-28 17:48:16,3.0,23.8,98.72,10
2025-03-28 17:45:04,3.0,23.8,98.72,10
2025-03-27 13:22:44,3.2,45.88,121.44,20
2025-03-26 20:42:11,3.4,28.74,86.68,10
2025-03-26 14:09:09,3.0,28.41,87.53,10
2025-03-26 05:50:18,3.8,40.88,84.13,18
2025-03-26 01:21:13,4.2,39.42,116.6,20
2025-03-25 16:15:11,3.2,41.19,83.79,21
2025-03-25 13:49:00,3.8,23.14,101.64,10
2025-03-25 09:40:48,4.2,23.96,121.67,30
2025-03-24 19:21:37,4.9,28.03,105.18,8
2025-03-24 12:42:59,3.3,29.1,93.77,10
2025-03-24 12:38:30,4.1,29.15,93.74,10
2025-03-24 02:43:58,3.1,41.18,93.3,10
2025-03-22 21:41:05,3.2,32.28,88.05,10
2025-03-22 14:05:37,3.3,42.27,125.96,15
2025-03-20 03:35:34,3.0,27.01,103.42,10
2025-03-18 19:21:53,3.4,29.64,104.59,8
2025-03-18 19:20:44,3.9,29.67,104.62,8
2025-03-18 15:19:05,3.1,31.22,103.44,10
2025-03-18 04:52:21,3.4,44.42,83.25,19
2025-03-18 00:35:05,3.0,38.13,75.71,114
2025-03-17 21:29:57,3.0,30.24,108.4,8
2025-03-17 05:25:49,3.6,33.26,98.78,10
2025-03-15 22:43:28,3.1,40.71,83.99,15
2025-03-14 20:49:50,3.5,34.55,83.83,10
2025-03-14 09:26:41,3.6,38.28,75.72,148
2025-03-14 08:31:21,3.3,27.08,92.22,10
2025-03-13 16:37:16,3.4,28.96,87.51,10
2025-03-13 13:09:37,5.0,23.07,121.55,15
2025-03-13 04:12:16,3.3,28.5,87.47,10
2025-03-11 15:09:00,3.2,28.74,87.54,10
2025-03-09 20:35:33,3.0,41.25,84.07,15
2025-03-09 20:17:47,3.0,40.01,83.02,10
2025-03-09 19:54:04,3.4,31.26,103.63,15
2025-03-09 05:00:08,3.6,28.35,87.58,10
2025-03-08 17:19:53,3.0,28.4,87.5,10
2025-03-08 16:50:15,4.7,28.38,87.51,10
2025-03-08 07:43:02,3.4,29.88,111.6,0
2025-03-07 17:04:55,3.0,35.75,115.44,14
2025-03-07 02:41:38,3.4,41.15,83.75,15
2025-03-05 21:27:39,4.5,23.16,120.48,20
2025-03-05 18:53:38,4.5,42.0,82.54,17
2025-03-04 16:16:46,3.0,39.77,118.45,11
2025-03-03 20:53:58,3.0,39.56,98.35,16
2025-03-02 18:58:24,3.2,28.33,104.91,8
2025-03-02 14:23:29,3.8,28.33,104.91,12
2025-03-01 20:43:32,3.0,39.57,98.35,16
2025-03-01 13:38:50,3.4,28.51,87.45,10
2025-02-28 23:37:59,3.0,25.14,99.96,10
2025-02-28 18:05:42,3.4,27.53,92.76,10
2025-02-28 17:30:15,3.0,23.2,103.48,10
2025-02-27 17:18:14,3.2,28.56,96.56,10
2025-02-27 15:38:14,3.9,42.0,82.48,20
2025-02-27 15:26:59,3.7,42.02,82.5,19
2025-02-27 03:37:23,3.2,39.53,98.33,14
2025-02-26 19:15:34,3.0,28.42,87.5,10
2025-02-26 00:15:02,3.1,28.41,87.63,10
2025-02-25 21:54:55,3.1,28.41,87.63,10
2025-02-25 16:13:17,3.4,41.45,83.84,10
2025-02-25 06:29:23,3.0,42.16,85.62,25
2025-02-25 05:43:22,3.1,40.79,83.91,17
2025-02-24 19:38:14,3.0,22.42,101.53,12
2025-02-23 17:54:31,3.2,29.48,101.88,10
2025-02-22 13:26:27,3.6,29.74,101.14,10
2025-02-22 02:41:41,3.6,35.74,115.4,16
2025-02-21 18:11:45,3.7,28.46,87.46,10
2025-02-21 16:51:20,3.4,41.01,82.86,20
2025-02-21 07:16:50,3.7,32.73,120.16,9
2025-02-20 20:04:37,4.2,38.44,106.24,15
2025-02-18 13:02:39,3.0,24.34,107.2,10
2025-02-17 19:03:27,3.0,30.46,104.66,22
2025-02-16 11:28:55,3.8,28.87,87.52,10
2025-02-12 01:10:23,3.9,33.81,89.15,10
2025-02-11 17:46:59,3.0,41.17,83.72,15
2025-02-10 17:52:23,3.2,49.78,122.9,15
2025-02-09 23:23:32,3.2,28.26,87.55,10
2025-02-09 23:07:22,3.1,39.07,100.04,10
2025-02-09 15:36:58,3.1,29.05,86.63,10
2025-02-09 07:00:54,3.0,32.72,120.17,8
2025-02-09 06:16:31,3.1,49.55,117.64,10
2025-02-09 00:12:33,3.6,41.06,83.44,20
2025-02-08 11:53:58,3.3,39.11,101.19,15
2025-02-08 00:46:59,4.2,23.29,120.57,10
2025-02-08 00:35:33,3.2,22.88,103.6,10
2025-02-07 20:57:54,3.2,41.98,89.53,12
2025-02-06 22:25:31,3.3,28.0,105.49,11
2025-02-06 16:21:13,3.1,33.53,92.91,10
2025-02-06 14:21:24,3.0,41.16,83.78,16
2025-02-05 08:53:22,3.8,41.21,83.77,10
2025-02-05 07:42:33,5.0,41.23,83.74,10
2025-02-05 04:00:07,4.1,38.39,76.27,10
2025-02-05 03:59:14,3.4,38.38,76.3,10
2025-02-04 04:33:02,3.2,40.78,77.84,15
2025-02-03 02:03:35,3.0,43.59,88.43,30
2025-02-02 15:17:14,3.2,28.43,87.52,10
2025-02-01 10:05:02,3.2,41.05,78.51,9
2025-01-30 15:16:17,4.2,23.28,120.52,10
2025-01-30 12:28:00,3.9,33.79,89.14,10
2025-01-30 10:11:55,5.2,23.25,120.57,10
2025-01-28 13:05:40,4.0,35.23,89.77,10
2025-01-28 12:16:08,3.9,41.34,83.44,8
2025-01-28 07:59:38,3.3,48.46,129.18,10
2025-01-28 02:33:35,3.0,29.53,104.02,8
2025-01-27 17:33:36,4.1,28.55,87.42,10
2025-01-27 10:09:35,3.0,40.83,78.67,10
2025-01-27 08:18:50,4.7,22.75,121.1,10
2025-01-27 05:58:54,3.0,32.01,117.59,10
2025-01-26 07:38:54,5.1,23.17,120.48,10
2025-01-26 00:10:51,4.4,22.8,120.68,15
2025-01-25 22:17:36,3.4,29.4,103.33,18
2025-01-25 19:49:17,5.1,23.31,120.46,11
2025-01-25 16:23:26,4.1,29.53,104.04,10
2025-01-25 13:30:50,3.2,29.47,101.88,8
2025-01-25 06:01:57,4.3,23.2,120.48,21
2025-01-25 01:51:28,3.1,37.0,85.04,10
2025-01-24 23:16:20,3.1,23.33,117.45,14
2025-01-24 19:18:42,4.8,23.18,120.47,15
2025-01-24 13:59:17,3.5,28.78,87.48,14
2025-01-23 18:18:27,3.2,35.71,80.65,10
2025-01-23 11:45:42,4.1,36.94,78.87,15
2025-01-23 05:50:19,4.0,29.59,104.89,10
2025-01-22 20:33:40,3.2,28.87,87.53,10
2025-01-22 19:55:43,4.0,23.78,121.53,11
2025-01-22 19:30:22,3.3,28.72,87.48,10
2025-01-22 06:37:18,3.8,35.71,89.64,10
2025-01-22 03:42:06,4.1,23.32,120.64,12
2025-01-22 02:48:21,4.6,21.18,120.99,24
2025-01-21 18:45:26,3.7,29.54,104.04,9
2025-01-21 08:14:16,4.1,28.28,87.54,10
2025-01-21 05:03:10,4.6,28.2,87.56,10
2025-01-21 04:05:59,4.0,23.27,120.52,17
2025-01-21 01:42:32,4.3,23.2,120.52,14
2025-01-21 00:29:23,4.0,23.19,120.5,15
2025-01-21 00:26:24,4.3,23.25,120.45,15
2025-01-21 00:17:27,6.2,23.24,120.51,14
2025-01-20 21:59:54,4.4,29.57,104.88,10
2025-01-20 21:34:27,3.2,28.29,87.55,10
2025-01-20 19:23:07,3.2,29.57,104.87,10
2025-01-20 17:45:29,3.0,38.37,75.73,145
2025-01-20 07:51:56,4.1,40.95,83.98,18
2025-01-20 05:07:48,4.9,33.12,102.64,8
2025-01-20 01:56:43,3.3,28.35,87.52,10
2025-01-20 00:48:39,3.1,35.31,89.75,10
2025-01-20 00:04:55,3.8,35.15,89.97,10
2025-01-19 14:30:05,3.1,40.82,80.38,21
2025-01-19 07:14:27,3.2,38.4,106.23,19
2025-01-19 06:14:25,3.4,44.24,86.74,26
2025-01-19 00:26:27,4.2,28.36,87.57,10
2025-01-18 23:36:51,4.6,28.35,87.57,10
2025-01-18 10:56:18,3.2,38.4,106.24,15
2025-01-18 04:38:17,3.3,39.99,75.73,20
2025-01-16 21:32:37,3.0,40.92,84.0,15
2025-01-16 21:12:30,3.8,33.65,81.8,10
2025-01-16 20:51:49,3.0,34.8,97.51,10
2025-01-16 20:25:43,3.6,33.5,89.44,10
2025-01-16 18:52:01,3.7,31.97,117.61,12
2025-01-16 13:18:42,3.0,28.91,87.52,10
2025-01-16 11:19:58,4.4,28.47,87.5,10
2025-01-16 10:57:20,3.6,28.88,87.52,10
2025-01-16 07:07:10,3.8,38.35,75.65,134
2025-01-16 04:50:49,3.4,28.8,87.5,10
2025-01-15 22:58:33,3.3,29.82,92.25,10
2025-01-15 19:36:26,3.1,41.04,83.49,19
2025-01-15 01:32:56,3.0,28.03,105.47,9
2025-01-14 17:55:40,3.6,41.29,83.59,15
2025-01-14 08:59:15,3.0,28.48,87.49,10
2025-01-14 04:14:56,3.2,28.31,87.63,10
2025-01-13 23:44:42,4.2,28.47,87.5,10
2025-01-13 23:27:44,3.0,28.39,87.38,10
2025-01-13 23:19:06,3.8,28.45,87.53,10
2025-01-13 22:55:08,3.3,28.41,87.52,10
2025-01-13 21:14:54,3.1,28.42,87.5,10
2025-01-13 20:58:20,5.0,28.45,87.52,10
2025-01-13 20:57:36,4.9,28.42,87.5,10
2025-01-13 20:17:04,3.0,28.71,87.45,10
2025-01-12 20:12:28,3.7,23.7,121.65,24
2025-01-12 17:54:00,3.4,28.67,87.47,10
2025-01-12 14:51:22,3.1,28.44,87.46,10
2025-01-12 09:54:49,3.4,38.58,115.98,13
2025-01-12 08:00:04,3.1,28.75,87.38,10
2025-01-12 05:41:54,3.0,38.41,106.23,17
2025-01-12 04:27:09,4.3,23.77,121.69,21
2025-01-12 02:51:04,3.5,34.33,83.35,10
2025-01-12 01:27:26,3.1,28.48,87.49,10
2025-01-11 03:33:22,3.6,43.14,94.26,10
2025-01-11 01:48:47,4.0,41.33,79.01,10
2025-01-10 21:46:17,3.1,28.69,87.51,10
2025-01-10 20:32:53,3.0,41.86,82.02,21
2025-01-10 20:31:25,4.1,36.16,111.23,20
2025-01-10 07:19:04,3.0,28.89,87.49,10
2025-01-10 06:58:02,3.6,28.38,87.52,10
2025-01-10 04:49:50,3.1,33.14,86.86,10
2025-01-10 01:56:17,3.5,28.46,87.48,10
2025-01-09 17:18:44,3.0,28.86,87.46,10
2025-01-09 15:28:43,3.8,28.45,87.47,10
2025-01-09 08:34:19,4.0,32.62,88.52,10
2025-01-09 04:49:30,3.4,34.82,97.56,10
2025-01-09 04:17:16,3.1,32.26,93.13,10
2025-01-08 21:05:07,3.2,34.78,97.55,10
2025-01-08 15:47:33,3.7,34.78,97.54,10
2025-01-08 15:44:20,5.5,34.79,97.51,14
2025-01-08 15:08:52,3.0,28.87,87.52,10
2025-01-08 11:51:20,4.0,28.42,87.44,10
2025-01-08 09:43:41,3.7,28.44,87.46,10
2025-01-08 09:28:08,3.1,28.39,87.4,10
2025-01-08 08:41:19,3.0,28.51,87.51,10
2025-01-08 08:08:19,3.1,28.77,87.46,10
2025-01-08 03:52:51,3.8,28.82,87.55,10
2025-01-08 01:36:00,3.0,28.88,87.47,10
2025-01-07 23:37:22,3.0,28.4,87.45,10
2025-01-07 23:22:32,3.2,28.45,87.5,10
2025-01-07 23:06:31,3.3,28.87,87.49,10
2025-01-07 22:04:10,3.1,28.67,87.37,10
2025-01-07 21:29:34,3.6,28.68,87.41,10
2025-01-07 21:07:39,3.1,28.84,87.55,10
2025-01-07 15:54:08,3.9,28.46,87.49,10
2025-01-07 15:36:57,3.1,29.62,102.03,10
2025-01-07 15:04:31,3.2,28.64,87.48,10
2025-01-07 14:47:43,3.3,28.04,99.61,10
2025-01-07 13:57:14,3.9,28.78,87.5,10
2025-01-07 11:52:42,3.2,28.9,87.46,10
2025-01-07 11:45:54,3.5,28.7,87.36,10
2025-01-07 11:41:11,3.5,28.91,87.43,10
2025-01-07 11:27:31,3.6,28.97,87.51,10
2025-01-07 11:19:37,3.7,29.01,87.52,10
2025-01-07 10:34:49,3.9,28.4,87.44,10
2025-01-07 10:32:42,3.2,28.64,87.5,10
2025-01-07 10:27:40,3.8,28.51,87.47,10
2025-01-07 10:22:44,3.0,28.78,87.47,10
2025-01-07 10:14:25,4.6,33.62,87.17,10
2025-01-07 10:04:08,3.0,28.86,87.52,10
2025-01-07 10:01:07,3.4,28.85,87.51,10
2025-01-07 09:59:48,3.9,28.93,87.49,10
2025-01-07 09:49:21,3.0,28.48,99.4,8
2025-01-07 09:43:48,4.1,28.22,87.63,10
2025-01-07 09:37:12,4.2,28.36,87.67,10
2025-01-07 09:31:57,3.8,28.77,87.5,10
2025-01-07 09:24:26,4.4,28.35,87.37,10
2025-01-07 09:05:16,6.8,28.5,87.45,10
2025-01-07 08:52:51,3.6,28.38,108.43,8
2025-01-07 08:11:46,3.3,28.53,87.42,10
2025-01-06 23:26:48,4.6,33.4,87.05,10
2025-01-06 14:13:25,3.0,36.33,114.2,13
2025-01-06 00:51:18,3.2,29.82,92.25,10
2025-01-05 23:37:03,4.1,41.77,81.58,18
2025-01-05 07:42:59,3.2,38.95,77.76,13
2025-01-04 06:45:57,3.0,29.52,101.88,8
2025-01-04 01:41:34,3.2,41.05,83.42,18
2025-01-03 02:27:00,3.2,41.93,82.43,10
2025-01-02 22:58:37,3.6,41.92,82.46,10
2025-01-02 16:43:31,4.6,38.41,106.26,10
2025-01-02 12:40:51,4.2,43.81,81.27,20
2025-01-02 11:41:48,3.3,29.56,104.04,15
2025-01-02 10:01:17,4.8,38.4,106.22,10
2024-12-31 16:05:19,3.1,39.99,75.75,10
2024-12-30 05:52:53,3.5,40.22,77.49,15
2024-12-30 03:51:37,4.4,23.54,120.66,10
2024-12-29 16:58:47,4.3,41.09,83.43,15
2024-12-29 06:24:02,3.2,41.06,78.51,12
2024-12-27 10:34:11,3.0,40.75,77.71,23
2024-12-27 07:32:36,3.3,41.89,83.01,20
2024-12-27 00:17:59,3.0,28.36,104.89,10
2024-12-26 17:20:54,3.1,29.05,105.38,8
2024-12-26 16:08:50,4.8,23.97,121.9,31
2024-12-26 10:22:52,3.8,41.4,83.83,17
2024-12-25 10:11:26,3.4,40.04,106.62,15
2024-12-24 22:43:24,3.6,38.42,106.24,12
2024-12-24 20:56:06,3.0,38.4,106.23,14
2024-12-23 06:37:39,3.1,28.82,94.95,10
2024-12-22 11:07:30,3.0,40.74,82.61,10
2024-12-21 13:01:58,3.4,34.15,78.88,10
2024-12-21 12:49:03,3.0,41.78,81.18,10
2024-12-21 07:06:00,3.1,27.1,103.33,10
2024-12-21 02:32:25,3.9,29.83,92.26,10
2024-12-20 22:35:18,3.0,40.36,84.08,18
2024-12-19 08:59:37,3.6,49.93,123.17,18
2024-12-19 00:46:41,3.8,25.96,100.5,10
2024-12-18 18:01:05,3.3,40.08,78.29,17
2024-12-18 01:26:51,3.7,33.61,93.1,10
2024-12-17 20:32:29,3.8,40.12,77.14,35
2024-12-17 18:43:34,3.1,41.16,83.42,22
2024-12-17 16:50:27,3.0,40.78,83.24,29
2024-12-16 08:23:26,3.3,41.18,83.25,20
2024-12-15 04:37:25,3.0,34.75,87.64,10
2024-12-13 17:09:28,3.1,41.23,83.31,21
2024-12-13 07:26:52,3.8,40.9,84.19,17
2024-12-13 07:22:42,4.2,40.91,84.15,18
2024-12-12 15:38:49,3.9,41.1,83.47,19
2024-12-12 13:40:23,3.0,32.28,93.83,10
2024-12-11 23:53:50,3.6,40.1,78.11,16
2024-12-10 21:56:47,4.0,24.75,122.51,95
2024-12-10 14:21:24,3.0,43.78,89.54,30
2024-12-09 02:12:23,3.9,33.65,81.74,10
2024-12-08 12:53:29,3.4,37.8,95.62,10
2024-12-08 11:41:49,3.0,35.57,89.61,10
2024-12-08 06:07:49,4.6,29.35,94.92,30
2024-12-08 02:00:21,3.7,29.84,92.26,10
2024-12-07 15:48:29,4.3,24.0,122.16,7
2024-12-07 10:36:22,3.5,34.17,89.33,10
2024-12-06 04:17:15,3.3,39.63,97.16,8
2024-12-05 11:18:35,3.2,41.18,83.39,22
2024-12-05 01:46:46,3.4,40.83,84.12,18
2024-12-04 08:42:08,3.4,29.83,92.25,8
2024-12-04 00:01:34,3.0,41.39,83.85,15
2024-12-03 01:57:17,3.3,40.93,84.0,16
2024-12-02 16:18:48,3.4,29.74,101.12,10
2024-12-01 23:56:44,3.0,51.67,120.9,10
2024-11-30 17:32:40,3.8,40.2,77.53,21
2024-11-29 05:00:04,3.0,27.53,104.04,10
2024-11-28 04:31:41,4.6,40.46,77.63,10
2024-11-27 23:32:22,4.3,23.95,121.75,10
2024-11-27 03:09:32,3.1,43.54,89.57,15
2024-11-25 16:39:04,3.9,37.61,75.89,114
2024-11-25 13:00:29,3.1,29.82,92.25,10
2024-11-25 07:20:11,3.0,29.25,105.13,8
2024-11-24 07:53:28,4.3,45.52,119.59,10
2024-11-23 18:06:55,3.7,42.22,80.61,10
2024-11-23 13:45:46,3.2,40.97,77.82,10
2024-11-22 22:42:04,3.6,29.82,92.25,10
2024-11-22 20:40:18,4.7,23.21,120.23,15
2024-11-21 09:16:42,3.4,32.96,98.43,18
2024-11-20 01:08:12,3.6,39.55,74.92,10
2024-11-19 22:43:45,3.1,41.25,83.03,14
2024-11-18 15:06:24,4.1,29.83,92.25,10
2024-11-18 15:01:56,4.4,29.83,92.26,10
2024-11-18 14:06:57,3.3,40.21,83.19,20
2024-11-18 03:00:05,3.6,36.28,76.95,10
2024-11-15 23:02:16,3.8,27.2,102.26,17
2024-11-15 15:27:26,3.0,40.95,83.97,20
2024-11-15 04:48:57,3.6,34.58,82.48,10
2024-11-14 14:10:27,3.0,41.18,83.33,10
2024-11-14 10:38:15,4.5,23.9,121.7,15
2024-11-14 04:40:30,3.0,40.46,87.09,10
2024-11-14 00:54:50,3.2,29.84,92.26,10
2024-11-14 00:26:49,3.0,39.02,75.41,10
2024-11-13 12:15:03,3.4,29.83,92.25,10
2024-11-12 22:41:36,3.4,29.82,92.26,10
2024-11-11 13:29:21,3.7,29.81,92.27,10
2024-11-11 13:16:02,3.2,40.91,84.17,18
2024-11-10 21:05:30,3.0,41.27,83.77,18
2024-11-10 17:56:50,3.8,41.17,83.41,20
2024-11-10 09:35:07,3.9,25.4,101.93,10
2024-11-08 13:00:52,4.0,29.81,92.26,10
2024-11-08 09:38:36,3.3,41.13,83.58,17
2024-11-08 08:03:34,3.1,40.88,84.15,17
2024-11-08 07:06:16,3.2,36.67,100.93,10
2024-11-07 18:31:09,3.6,41.04,115.23,10
2024-11-07 04:19:53,4.5,29.85,92.25,10
2024-11-07 01:19:39,4.5,23.59,121.61,20
2024-11-06 11:22:29,3.1,28.35,104.89,10
2024-11-06 11:01:54,3.0,29.8,92.24,10
2024-11-05 18:44:12,3.0,36.86,83.71,10
2024-11-04 10:51:29,3.1,31.67,92.08,10
2024-11-04 07:31:53,3.1,41.18,78.66,8
2024-11-03 05:36:30,3.3,37.87,99.67,8
2024-11-02 13:50:53,4.2,41.68,79.25,15
2024-11-02 06:22:56,3.8,40.89,84.19,19
2024-11-02 06:03:44,3.9,29.81,92.24,10
2024-11-02 05:35:49,4.2,33.72,86.4,10
2024-11-02 04:59:20,3.1,33.87,86.65,10
2024-11-02 01:05:15,3.1,43.83,86.17,26
2024-11-01 20:26:37,3.2,28.32,104.93,11
2024-11-01 05:40:48,3.5,46.83,131.7,10
2024-11-01 00:18:18,4.7,23.52,121.64,25
2024-10-31 09:45:01,3.6,29.82,92.25,10
2024-10-31 09:32:38,4.1,29.83,92.25,10
2024-10-30 19:18:26,4.1,40.53,111.23,18
2024-10-29 00:53:57,3.6,40.96,83.98,17
2024-10-28 21:08:31,4.0,27.69,94.26,10
2024-10-28 17:59:56,3.6,40.94,83.99,19
2024-10-28 16:54:37,3.0,31.48,104.22,9
2024-10-28 15:53:29,3.2,43.39,83.67,10
2024-10-27 20:05:19,3.6,38.49,91.68,9
2024-10-27 18:21:43,4.8,23.97,121.78,31
2024-10-27 16:35:51,3.0,35.28,102.79,8
2024-10-27 14:56:55,4.0,23.43,120.42,10
2024-10-27 14:19:12,4.2,23.36,120.48,18
2024-10-26 18:23:57,3.0,26.09,104.4,10
2024-10-26 16:35:57,5.5,40.98,83.93,10
2024-10-26 09:19:05,3.6,34.09,83.25,25
2024-10-26 07:07:21,3.0,35.82,80.68,10
2024-10-25 08:27:25,3.0,40.94,83.97,20
2024-10-24 06:49:32,3.2,41.19,78.6,12
2024-10-24 05:11:18,4.0,32.49,90.28,10
2024-10-22 06:40:04,3.7,40.84,84.11,20
2024-10-22 03:07:39,3.2,37.32,102.57,10
2024-10-21 21:53:22,3.5,40.88,84.22,10
2024-10-21 09:17:58,3.5,24.62,120.07,10
2024-10-21 06:57:11,3.1,29.79,92.25,10
2024-10-21 06:54:33,3.2,29.8,92.24,10
2024-10-20 05:04:47,3.7,40.81,84.15,18
2024-10-20 01:34:04,3.9,41.24,84.07,14
2024-10-20 00:47:44,3.2,40.13,106.8,15
2024-10-19 21:58:57,3.3,39.88,103.83,15
2024-10-19 10:28:30,3.4,40.86,84.18,15
2024-10-19 00:46:36,3.1,38.68,74.94,10
2024-10-18 17:15:22,3.2,35.96,82.21,10
2024-10-17 06:23:01,5.3,41.11,78.53,10
2024-10-17 04:06:00,3.0,40.93,83.97,17
2024-10-17 03:56:15,3.0,40.92,83.99,17
2024-10-17 02:55:41,3.4,40.88,84.19,16
2024-10-17 00:23:44,3.1,40.07,83.29,18
2024-10-16 23:38:51,3.7,40.05,83.28,18
2024-10-16 22:00:43,3.8,40.9,84.13,20
2024-10-16 21:58:21,4.4,24.03,121.71,36
2024-10-16 19:43:50,4.9,40.91,84.17,17
2024-10-16 19:39:58,3.8,40.88,84.15,18
2024-10-15 21:15:25,3.2,40.91,83.98,18
2024-10-15 16:53:57,3.3,40.94,83.99,16
2024-10-15 09:09:55,3.0,40.88,84.03,15
2024-10-15 03:08:08,3.1,43.69,86.15,27
2024-10-15 02:50:29,3.7,40.12,78.6,10
2024-10-15 01:07:17,3.6,40.94,83.95,20
2024-10-14 21:30:07,3.9,40.89,83.94,10
2024-10-14 21:17:14,4.1,24.18,121.96,28
2024-10-14 04:00:58,3.1,40.88,84.12,17
2024-10-13 19:36:31,4.1,24.08,121.51,10
2024-10-13 09:01:38,3.6,40.94,83.97,16
2024-10-13 07:30:28,4.5,40.93,83.95,17
2024-10-13 07:22:22,3.7,40.95,83.94,18
2024-10-13 07:05:27,3.0,40.91,83.95,17
2024-10-13 06:49:50,3.0,40.91,83.95,10
2024-10-13 02:17:40,3.0,40.89,83.95,10
2024-10-13 01:06:04,3.8,40.89,84.16,18
2024-10-12 03:19:41,3.1,41.95,82.41,14
2024-10-12 03:06:51,3.1,41.96,82.39,17
2024-10-12 01:46:37,3.1,40.87,84.19,10
2024-10-12 01:44:57,3.2,40.86,84.17,10
2024-10-11 16:47:20,3.8,40.02,75.71,20
2024-10-11 09:23:53,3.0,39.06,74.53,14
2024-10-11 03:27:49,3.1,32.83,82.2,10
2024-10-10 17:51:32,3.0,28.41,104.82,12
2024-10-10 01:52:51,4.5,28.12,105.13,10
2024-10-08 22:26:43,3.1,40.69,81.99,20
2024-10-08 06:47:45,3.3,41.2,83.52,20
2024-10-07 14:00:52,3.0,40.98,83.93,13
2024-10-07 09:24:58,3.1,39.6,113.51,14
2024-10-06 16:48:34,3.7,23.98,118.68,18
2024-10-06 10:32:29,3.3,41.15,83.62,15
2024-10-05 11:33:18,3.6,30.64,84.55,10
2024-10-05 05:20:16,3.0,41.34,83.79,13
2024-10-04 17:27:40,3.0,39.98,97.65,12
2024-10-04 08:36:58,3.2,41.13,83.46,10
2024-10-02 19:12:41,3.3,40.83,84.15,18
2024-10-02 19:08:07,3.8,40.83,84.14,19
2024-10-02 16:18:11,3.9,40.84,84.16,15
2024-10-02 12:08:04,3.7,40.82,84.12,17
2024-10-01 16:34:54,3.3,31.97,117.61,10
2024-10-01 10:58:34,3.4,32.97,98.41,8
2024-10-01 09:08:43,3.4,40.01,83.68,20
2024-09-28 07:29:37,3.6,41.36,84.01,15
2024-09-28 01:52:25,3.2,34.45,86.14,10
2024-09-26 23:02:22,4.0,40.91,84.14,18
2024-09-26 06:41:10,3.6,40.89,84.15,18
2024-09-26 02:26:41,3.3,41.16,83.39,18
2024-09-25 19:53:34,3.8,41.64,88.69,21
2024-09-25 19:29:13,3.8,32.0,117.61,12
2024-09-25 18:15:43,3.3,38.41,106.26,10
2024-09-24 12:36:28,3.3,29.52,104.12,8
2024-09-24 11:18:54,3.3,40.91,84.17,15
2024-09-23 23:37:19,3.6,23.38,100.06,10
2024-09-23 21:52:10,3.0,40.86,84.16,10
2024-09-23 19:20:21,4.2,41.36,84.01,15
2024-09-23 12:30:06,4.0,40.86,84.16,20
2024-09-22 00:58:09,3.8,31.56,88.37,10
2024-09-21 18:51:09,4.5,24.3,121.6,20
2024-09-18 23:09:51,4.2,23.86,122.47,10
2024-09-18 20:08:16,4.7,31.98,117.6,12
2024-09-18 07:52:34,3.0,44.01,85.25,15
2024-09-17 16:33:03,4.6,43.72,88.26,32
2024-09-15 16:17:02,4.6,40.88,84.16,14
2024-09-14 09:16:36,3.6,28.08,104.84,10
2024-09-14 05:12:11,3.9,31.99,117.62,10
2024-09-14 02:29:51,4.7,31.4,86.53,14
2024-09-14 01:32:13,3.4,41.08,78.53,15
2024-09-13 20:27:17,3.6,33.66,85.36,26
2024-09-13 18:01:08,3.8,34.01,82.21,10
2024-09-13 14:30:59,3.4,40.88,84.14,20
2024-09-13 06:04:16,3.8,31.75,85.36,10
2024-09-13 03:38:50,3.4,23.12,101.11,10
2024-09-13 02:19:36,3.0,41.37,83.82,10
2024-09-11 21:26:54,3.7,39.42,122.21,10
2024-09-09 11:05:18,3.4,41.11,83.45,18
2024-09-07 13:16:48,4.7,23.88,121.8,20
2024-09-06 18:21:14,3.5,34.57,83.71,10
2024-09-06 02:22:54,3.0,35.37,113.56,15
2024-09-04 04:34:40,3.8,34.53,83.68,10
2024-09-03 23:46:57,3.6,40.99,78.36,10
2024-09-02 16:26:24,5.0,23.9,121.73,20
2024-09-02 07:16:10,3.8,40.25,83.23,34
2024-09-02 05:21:54,3.3,43.39,84.82,15
2024-09-01 14:53:51,3.2,29.75,101.11,15
2024-09-01 04:57:20,3.8,40.76,109.82,15
2024-09-01 02:21:40,4.0,23.87,121.7,10
2024-08-31 18:40:18,3.1,28.08,105.15,10
2024-08-31 02:00:02,3.2,39.74,118.61,14
2024-08-30 04:48:38,3.0,36.64,86.95,20
2024-08-30 02:37:14,3.1,42.24,80.61,10
2024-08-29 23:31:23,3.1,41.25,84.1,15
2024-08-29 04:14:52,4.0,24.15,121.74,25
2024-08-28 05:15:00,3.6,23.61,100.58,10
2024-08-27 03:44:48,3.0,40.88,83.96,14
2024-08-26 09:09:18,3.3,41.16,83.46,20
2024-08-25 15:18:28,3.4,24.89,99.3,10
2024-08-25 15:02:18,3.2,40.93,83.95,16
2024-08-25 14:58:12,3.4,40.95,83.97,12
2024-08-23 15:41:03,3.1,40.9,84.17,19
2024-08-23 11:01:54,3.4,42.99,85.51,15
2024-08-22 13:13:36,3.2,40.96,83.95,20
2024-08-22 09:37:36,3.2,40.95,83.95,20
2024-08-22 09:11:19,3.1,40.95,83.96,18
2024-08-22 07:38:00,5.0,40.92,83.97,15
2024-08-22 05:14:37,3.8,41.28,78.74,10
2024-08-20 23:04:36,4.6,22.79,101.03,10
2024-08-18 21:07:31,3.4,33.54,121.2,17
2024-08-18 18:21:49,3.2,41.26,78.74,15
2024-08-18 12:17:15,3.0,33.15,119.97,8
2024-08-17 21:10:10,4.2,24.41,122.06,10
2024-08-17 06:19:29,4.0,23.84,121.54,18
2024-08-17 04:24:02,3.4,40.88,84.14,17
2024-08-16 07:35:52,6.1,23.74,121.95,16
2024-08-16 05:40:46,3.0,32.55,84.89,10
2024-08-15 17:33:05,4.0,24.45,121.78,9
2024-08-15 17:06:46,5.4,24.46,121.82,20
2024-08-15 11:51:34,3.3,41.2,83.75,15
2024-08-15 07:38:37,3.1,28.13,103.52,11
2024-08-14 22:42:59,3.0,26.85,100.26,9
2024-08-14 09:36:11,4.3,40.87,84.15,20
2024-08-14 09:34:41,3.7,40.88,84.15,21
2024-08-14 01:45:01,3.0,43.37,84.81,15
2024-08-13 20:08:57,3.6,28.22,100.69,19
2024-08-10 23:16:42,3.9,41.33,83.76,10
2024-08-09 04:06:14,3.9,43.74,86.25,20
2024-08-08 21:32:09,3.3,25.35,101.61,10
2024-08-08 15:13:00,3.7,39.39,73.62,10
2024-08-07 10:44:47,3.1,29.55,102.02,9
2024-08-06 09:32:32,3.4,40.3,77.25,10
2024-08-06 05:59:53,3.0,38.37,74.89,152
2024-08-05 22:24:45,3.3,38.52,91.7,9
2024-08-05 03:09:38,3.4,31.81,101.23,10
2024-08-04 00:28:39,3.1,29.96,87.01,10
2024-08-03 05:25:01,3.0,40.88,84.19,18
2024-08-03 05:19:30,3.9,40.84,84.12,21
2024-08-03 05:16:24,3.1,40.85,84.12,20
2024-08-02 17:53:18,3.1,27.0,101.04,10
2024-08-02 06:14:44,3.0,38.53,91.67,11
2024-08-02 00:18:02,3.0,29.24,105.56,8
2024-08-01 11:18:10,3.0,28.16,105.18,10
2024-08-01 07:20:30,3.2,28.21,100.7,8
2024-07-31 08:39:18,3.2,28.22,100.69,11
2024-07-30 17:27:55,3.3,26.99,101.04,10
2024-07-30 16:24:06,3.7,38.23,93.63,9
2024-07-30 15:35:52,3.1,32.2,92.74,10
2024-07-30 09:59:17,3.2,41.43,83.56,16
2024-07-30 09:27:33,4.0,29.5,98.8,10
2024-07-30 04:42:08,3.1,21.74,111.8,13
2024-07-29 22:50:49,3.6,25.41,99.25,10
2024-07-29 01:47:07,3.3,44.03,82.21,30
2024-07-28 05:41:53,3.4,40.84,84.1,21
2024-07-28 05:22:21,3.1,33.34,87.27,10
2024-07-27 19:21:46,4.5,21.86,121.22,28
2024-07-26 20:50:23,3.6,34.17,86.46,10
2024-07-26 10:23:53,4.2,24.11,122.32,10
2024-07-25 09:27:21,3.6,40.85,84.13,21
2024-07-24 18:18:27,3.0,40.82,84.12,22
2024-07-24 16:39:32,4.2,40.85,84.1,25
2024-07-24 11:31:21,4.3,40.17,76.58,17
2024-07-24 07:55:02,4.6,26.27,104.74,10
2024-07-23 20:22:48,3.6,24.25,98.07,13
2024-07-23 13:30:53,3.0,40.85,84.13,21
2024-07-23 09:22:56,3.0,32.53,89.21,10
2024-07-23 05:14:56,3.1,41.16,83.48,18
2024-07-22 23:02:18,3.2,33.2,88.46,10
2024-07-22 06:50:02,3.1,33.02,116.27,8
2024-07-21 13:52:45,3.3,38.31,78.21,13
2024-07-21 09:24:22,3.2,40.78,77.81,15
2024-07-21 02:10:06,4.7,43.38,84.79,14
2024-07-20 22:18:56,4.8,40.9,84.13,14
2024-07-20 10:07:30,3.6,40.32,77.1,17
2024-07-20 09:56:58,4.5,40.84,84.11,18
2024-07-20 06:21:04,3.2,33.88,86.67,10
2024-07-19 14:22:02,4.0,24.29,98.12,14
2024-07-19 00:24:45,3.0,26.98,103.08,14
2024-07-18 18:50:26,3.0,40.74,84.11,10
2024-07-18 18:05:28,3.1,29.95,86.99,10
2024-07-18 13:48:10,3.6,44.35,83.34,16
2024-07-17 12:23:57,3.0,28.21,100.69,11
2024-07-17 04:14:52,3.4,40.82,84.14,15
2024-07-17 03:57:39,3.1,40.78,84.17,10
2024-07-17 01:29:29,3.7,40.81,84.14,10
2024-07-15 06:05:37,3.4,40.81,84.17,15
2024-07-15 05:58:53,3.9,40.82,84.15,17
2024-07-15 05:44:49,3.0,40.82,84.14,14
2024-07-14 06:49:31,3.4,29.97,87.0,10
2024-07-13 07:39:04,3.3,40.83,84.14,15
2024-07-12 22:35:40,3.6,40.83,84.12,17
2024-07-12 21:57:48,3.2,40.81,84.13,12
2024-07-12 09:56:17,3.6,40.78,84.18,10
2024-07-12 00:14:22,3.2,40.74,84.16,10
2024-07-11 08:49:18,3.1,41.88,82.15,20
2024-07-11 06:12:08,3.1,40.81,84.13,10
2024-07-11 03:49:25,3.0,29.97,86.99,10
2024-07-10 21:38:15,3.1,30.15,82.67,10
2024-07-10 21:34:42,3.8,40.81,84.16,15
2024-07-10 04:05:57,3.2,40.13,77.28,24
2024-07-10 03:17:59,3.3,34.25,86.52,10
2024-07-08 16:07:19,3.6,32.61,119.6,8
2024-07-07 16:02:04,3.4,40.77,83.42,24
2024-07-07 13:15:22,3.2,40.87,84.16,18
2024-07-07 10:56:42,3.4,29.27,105.5,8
2024-07-06 13:34:45,3.8,26.72,100.84,10
2024-07-06 10:09:13,3.1,40.87,84.13,17
2024-07-06 06:17:20,3.1,40.81,84.14,17
2024-07-05 21:01:24,3.2,28.42,104.82,11
2024-07-05 06:04:27,4.8,40.86,84.15,20
2024-07-05 00:51:43,3.0,42.68,83.11,10
2024-07-04 14:02:40,3.4,40.84,84.17,10
2024-07-03 14:10:30,3.7,40.81,84.11,15
2024-07-03 09:04:16,3.2,25.45,106.56,10
2024-06-30 21:46:59,3.2,40.91,84.16,17
2024-06-28 19:06:22,3.0,42.27,81.15,15
2024-06-28 13:59:34,3.1,28.34,104.97,9
2024-06-28 10:53:33,3.5,25.53,106.63,8
2024-06-28 03:38:24,3.2,39.76,74.42,10
2024-06-28 00:08:58,3.0,26.79,100.85,10
2024-06-27 12:29:57,3.1,41.16,78.65,13
2024-06-27 09:28:16,3.6,25.44,106.55,10
2024-06-26 16:36:12,4.4,26.78,100.85,15
2024-06-26 16:30:15,3.3,26.78,100.85,14
2024-06-26 16:19:06,4.5,26.78,100.84,15
2024-06-26 11:54:59,3.3,41.11,90.48,35
2024-06-26 06:48:53,3.3,25.4,106.59,10
2024-06-25 13:25:21,3.6,40.88,84.16,15
2024-06-25 13:25:00,3.4,40.85,84.16,15
2024-06-25 09:13:59,3.3,40.85,84.15,16
2024-06-24 13:36:10,4.9,40.95,84.1,18
2024-06-24 12:59:55,3.1,41.31,83.85,10
2024-06-24 07:48:31,3.1,25.47,106.54,10
2024-06-23 23:36:13,3.7,40.87,84.13,17
2024-06-23 22:27:09,4.9,23.84,121.71,19
2024-06-23 22:11:30,3.4,34.11,86.41,10
2024-06-23 20:42:48,4.2,33.92,86.26,10
2024-06-23 20:40:17,4.6,33.99,86.25,10
2024-06-23 19:15:25,3.0,40.81,84.11,10
2024-06-23 16:27:49,3.5,25.38,106.55,10
2024-06-23 16:08:07,3.1,25.45,106.56,13
2024-06-23 03:00:39,3.3,40.81,84.14,11
2024-06-22 13:43:14,3.4,41.17,83.34,17
2024-06-21 01:18:22,3.0,25.46,106.57,8
2024-06-20 19:36:08,4.8,40.21,77.68,10
2024-06-20 00:59:24,4.1,40.81,84.19,18
2024-06-18 21:42:52,3.9,35.19,87.82,10
2024-06-18 11:46:57,4.0,24.13,121.9,19
2024-06-16 13:39:00,4.2,39.08,75.27,27
2024-06-16 12:15:56,3.6,43.46,81.45,20
2024-06-15 22:24:27,3.2,39.9,77.33,18
2024-06-15 07:24:16,4.2,34.09,86.47,10
2024-06-14 14:26:40,3.2,40.85,84.08,15
2024-06-14 06:02:28,3.0,27.01,103.4,10
2024-06-14 00:49:08,3.1,35.81,80.69,12
2024-06-13 03:22:34,3.4,34.77,88.12,10
2024-06-13 01:47:18,3.1,34.11,86.37,10
2024-06-12 15:31:05,3.2,32.49,93.56,10
2024-06-12 11:48:15,4.7,33.61,97.46,10
2024-06-12 05:51:32,4.2,23.81,121.67,20
2024-06-11 20:43:03,3.1,40.83,84.17,10
2024-06-11 02:35:11,3.0,41.22,83.37,19
2024-06-11 01:35:24,5.0,40.89,84.15,20
2024-06-10 04:06:51,3.1,39.95,83.39,15
2024-06-10 00:01:16,4.0,34.26,86.55,10
2024-06-09 12:35:05,3.4,27.64,93.17,10
2024-06-09 11:43:45,4.0,46.58,119.31,20
2024-06-08 11:16:34,3.5,26.3,118.15,8
2024-06-08 05:50:56,3.1,46.1,118.11,15
2024-06-07 20:25:30,3.0,41.38,83.85,10
2024-06-07 20:23:03,4.2,32.12,101.27,11
2024-06-06 17:50:56,3.0,40.79,84.14,14
2024-06-06 15:04:05,3.6,40.82,84.13,10
2024-06-06 12:08:38,3.1,41.21,83.7,13
2024-06-05 21:00:15,3.2,40.96,106.76,14
2024-06-05 20:05:15,3.8,32.63,86.05,10
2024-06-05 01:42:42,3.1,34.1,86.39,10
2024-06-05 01:00:51,3.7,40.28,77.09,30
2024-06-04 12:14:09,3.0,27.4,101.74,8
2024-06-04 02:54:02,3.6,34.22,86.42,10
2024-06-04 00:45:54,3.3,36.76,76.94,93
2024-06-02 09:27:24,4.1,23.75,121.67,10
2024-06-01 20:37:50,3.2,34.41,86.45,10
2024-06-01 18:58:56,3.7,34.23,86.33,10
2024-06-01 11:15:18,3.0,34.54,86.65,10
2024-06-01 10:59:54,3.8,34.47,86.42,10
2024-06-01 08:46:37,5.9,34.14,86.36,8
2024-06-01 08:32:38,4.2,24.35,122.08,10
2024-06-01 01:10:59,5.2,24.01,121.59,10
2024-05-31 15:21:25,3.1,40.81,79.08,12
2024-05-31 07:24:19,3.1,40.87,79.01,16
2024-05-31 01:10:20,3.7,28.21,100.66,8
2024-05-30 23:52:16,4.0,23.95,121.75,32
2024-05-30 15:31:28,3.1,41.02,83.35,20
2024-05-30 11:24:26,3.0,36.59,82.48,10
2024-05-30 09:11:38,4.5,24.2,121.79,32
2024-05-30 07:54:44,4.3,24.01,121.86,17
2024-05-30 06:45:22,3.7,41.04,83.35,20
2024-05-30 06:38:38,3.0,28.25,100.68,14
2024-05-29 09:05:10,4.1,41.28,84.0,16
2024-05-28 09:13:02,3.6,30.16,81.26,10
2024-05-27 21:53:34,3.2,28.48,96.33,10
2024-05-27 18:47:45,3.0,28.23,100.69,10
2024-05-27 18:39:16,4.1,28.24,100.67,8
2024-05-27 18:37:10,4.5,28.24,100.7,8
2024-05-27 16:43:55,3.0,28.24,100.69,9
2024-05-27 16:25:34,4.4,28.25,100.68,9
2024-05-27 11:07:10,5.0,28.25,100.7,8
2024-05-27 07:02:52,3.8,30.56,86.31,10
2024-05-27 06:19:56,3.7,40.87,78.25,10
2024-05-27 01:54:51,3.9,38.29,75.17,125
2024-05-26 19:10:29,3.0,29.24,105.52,15
2024-05-26 06:03:33,3.1,36.78,77.06,90
2024-05-25 17:28:55,3.0,40.87,83.96,13
2024-05-25 01:07:10,4.4,24.22,121.84,21
2024-05-24 21:15:42,3.1,32.35,95.55,9
2024-05-24 07:27:10,3.0,41.82,82.43,21
2024-05-24 05:40:53,3.0,41.83,82.43,20
2024-05-24 04:17:50,3.4,41.78,82.43,18
2024-05-24 01:38:26,3.4,41.77,82.45,17
2024-05-24 00:11:14,3.6,41.84,82.48,20
2024-05-24 00:05:56,3.8,41.84,82.49,20
2024-05-23 23:38:45,3.2,41.83,82.44,15
2024-05-23 23:22:52,3.2,41.76,82.42,10
2024-05-23 23:07:30,3.3,41.79,82.43,22
2024-05-23 22:46:15,3.2,41.82,82.45,15
2024-05-23 22:30:13,4.5,41.83,82.45,15
2024-05-22 16:00:42,5.0,23.8,121.74,10
2024-05-22 12:22:47,3.2,40.35,82.61,10
2024-05-22 00:54:09,3.0,27.19,102.99,10
2024-05-21 09:38:36,3.4,29.78,102.02,11
2024-05-21 07:39:22,3.0,29.78,102.02,11
2024-05-21 05:26:59,3.8,33.64,81.92,10
2024-05-21 02:31:31,3.3,41.33,78.99,11
2024-05-20 15:19:37,3.0,40.36,77.03,19
2024-05-20 13:10:22,5.2,40.28,77.05,19
2024-05-19 08:45:55,3.6,41.73,79.44,15
2024-05-19 03:38:48,4.6,36.42,77.1,10
2024-05-19 03:35:44,3.9,40.35,113.78,13
2024-05-18 15:10:17,3.3,40.91,78.25,10
2024-05-16 15:56:07,3.4,39.28,97.24,8
2024-05-15 08:49:10,3.0,31.55,104.05,13
2024-05-13 04:11:13,3.1,28.25,100.68,11
2024-05-12 14:00:43,3.1,41.26,83.78,13
2024-05-12 13:52:54,3.4,41.25,83.79,13
2024-05-12 02:32:14,3.1,31.99,117.6,15
2024-05-11 17:44:39,4.4,23.99,121.77,17
2024-05-11 15:11:37,3.7,40.77,83.93,11
2024-05-11 13:16:01,4.5,23.85,121.73,8
2024-05-10 15:45:19,5.6,24.22,121.89,10
2024-05-10 09:52:25,4.2,37.6,75.0,10
2024-05-10 09:37:24,4.6,23.86,121.59,10
2024-05-10 09:35:39,4.6,23.76,121.64,10
2024-05-09 15:33:08,3.1,33.39,86.93,10
2024-05-09 09:42:14,3.0,41.26,83.28,14
2024-05-08 19:31:23,4.2,24.1,122.56,20
2024-05-08 18:47:38,3.0,40.31,77.06,30
2024-05-08 16:40:44,4.3,23.71,121.61,9
2024-05-08 10:26:46,3.6,44.18,123.85,12
2024-05-06 17:52:46,5.2,23.7,121.57,25
2024-05-06 17:45:32,5.3,23.71,121.62,20
2024-05-06 08:54:10,3.1,40.76,83.94,10
2024-05-02 22:18:37,3.4,41.38,83.85,10
2024-05-02 10:07:27,4.5,22.5,121.46,10
2024-05-02 07:09:18,3.1,41.89,82.26,20
2024-05-02 03:17:23,4.5,40.89,78.36,10
2024-05-01 03:22:55,3.4,30.54,83.73,10
2024-04-30 11:11:47,3.0,40.78,78.58,10
2024-04-30 10:23:53,3.1,40.29,83.96,18
2024-04-29 21:55:43,3.1,28.14,92.63,10
2024-04-29 20:06:19,3.1,40.99,78.31,10
2024-04-29 01:40:20,4.0,24.14,121.77,31
2024-04-28 20:09:15,3.2,41.37,78.96,10
2024-04-28 19:31:09,4.4,41.33,78.98,14
2024-04-28 11:43:50,4.4,38.27,122.96,30
2024-04-27 13:47:55,3.0,31.32,103.72,17
2024-04-27 03:13:27,4.0,24.18,121.73,25
2024-04-27 02:49:28,5.3,24.21,121.77,27
2024-04-27 02:21:23,5.6,24.08,121.77,30
2024-04-26 20:28:13,4.6,23.8,121.56,10
2024-04-26 13:48:55,3.1,41.2,83.74,20
2024-04-25 21:00:54,3.2,35.85,111.26,16
2024-04-25 17:24:44,3.9,41.18,78.54,10
2024-04-25 13:56:45,3.0,40.3,83.95,16
2024-04-25 09:23:20,4.1,23.82,121.62,10
2024-04-25 08:19:14,4.0,23.7,121.58,9
2024-04-25 02:11:55,5.0,23.95,122.31,10
2024-04-24 16:40:08,3.1,49.2,122.74,20
2024-04-24 15:30:52,4.4,23.81,121.61,10
2024-04-24 13:05:16,4.3,25.24,99.96,10
2024-04-24 13:01:19,4.1,24.28,122.04,10
2024-04-24 00:02:21,4.4,24.08,121.74,14
2024-04-23 21:54:47,3.2,28.54,103.75,10
2024-04-23 20:40:51,4.2,23.76,121.63,8
2024-04-23 20:26:35,3.1,41.08,78.54,10
2024-04-23 13:08:08,4.0,23.76,121.56,10
2024-04-23 10:27:06,4.1,23.83,121.58,10
2024-04-23 10:23:53,4.4,23.9,121.55,10
2024-04-23 10:21:01,5.0,23.82,121.6,10
2024-04-23 09:45:46,5.0,23.8,121.58,10
2024-04-23 08:04:06,6.0,23.87,121.59,10
2024-04-23 05:31:40,5.3,23.81,121.6,10
2024-04-23 05:24:33,5.0,23.73,121.49,10
2024-04-23 05:19:37,5.2,23.76,121.58,10
2024-04-23 05:14:47,4.8,23.75,121.51,10
2024-04-23 05:11:01,4.2,23.75,121.52,10
2024-04-23 05:04:22,5.1,23.69,121.52,10
2024-04-23 04:52:58,4.8,23.81,121.48,8
2024-04-23 04:49:58,5.8,23.69,121.58,10
2024-04-23 04:03:08,4.8,23.8,121.61,10
2024-04-23 03:34:06,4.6,23.77,121.58,10
2024-04-23 03:19:54,4.8,23.88,121.57,10
2024-04-23 02:32:50,6.2,23.81,121.53,10
2024-04-23 02:26:53,6.3,23.7,121.68,10
2024-04-23 01:40:25,4.2,23.7,121.51,10
2024-04-23 00:33:05,4.0,23.84,121.69,12
2024-04-22 22:11:25,5.9,23.79,121.49,9
2024-04-22 21:42:57,4.2,23.83,121.65,10
2024-04-22 21:13:41,5.1,23.67,121.54,10
2024-04-22 21:08:48,4.4,42.02,82.56,15
2024-04-22 21:00:43,4.4,23.72,121.58,10
2024-04-22 19:45:37,4.8,23.7,121.58,10
2024-04-22 19:44:00,4.5,23.77,121.6,10
2024-04-22 19:34:29,4.6,23.74,121.53,10
2024-04-22 19:25:59,4.8,23.75,121.45,10
2024-04-22 19:25:14,4.6,23.71,121.53,10
2024-04-22 19:22:07,4.4,23.78,121.59,10
2024-04-22 19:13:11,4.9,23.81,121.68,11
2024-04-22 19:10:14,4.3,23.71,121.55,8
2024-04-22 18:50:32,5.7,23.76,121.51,10
2024-04-22 18:49:07,4.9,23.7,121.57,10
2024-04-22 18:46:12,5.3,23.74,121.59,10
2024-04-22 17:52:55,4.7,23.78,121.61,9
2024-04-22 17:17:11,4.5,23.78,121.49,10
2024-04-22 17:15:56,4.6,23.64,121.41,10
2024-04-22 17:12:11,4.9,23.78,121.55,8
2024-04-22 17:08:40,5.3,23.72,121.59,10
2024-04-22 00:38:02,3.1,41.34,78.89,10
2024-04-22 00:35:50,4.6,24.24,121.68,9
2024-04-21 15:20:05,3.6,39.63,74.28,11
2024-04-21 11:47:22,3.1,38.64,74.9,10
2024-04-21 10:40:56,5.0,23.49,121.6,20
2024-04-21 10:09:36,3.0,37.88,75.82,100
2024-04-20 09:44:03,4.0,33.6,81.86,10
2024-04-19 22:25:52,3.9,24.31,121.83,18
2024-04-19 13:27:56,3.8,41.84,81.71,9
2024-04-19 07:55:26,3.2,28.44,102.04,14
2024-04-19 05:54:10,4.2,25.22,99.96,10
2024-04-19 01:52:57,3.3,33.63,81.85,10
2024-04-19 01:44:22,3.8,33.51,81.76,10
2024-04-19 01:40:02,4.5,33.49,81.81,10
2024-04-18 23:33:24,3.1,38.34,75.65,135
2024-04-18 15:43:32,3.4,33.6,81.85,10
2024-04-18 10:13:40,3.2,34.33,85.18,10
2024-04-18 08:23:33,3.0,41.19,78.76,10
2024-04-17 20:21:57,4.1,33.5,81.75,10
2024-04-17 17:17:09,4.6,23.93,121.75,23
2024-04-17 12:22:34,4.7,42.0,82.5,17
2024-04-17 09:19:31,3.0,41.32,83.52,11
2024-04-17 06:47:19,3.9,45.26,124.72,10
2024-04-17 02:59:49,4.2,24.1,121.83,18
2024-04-16 20:00:21,3.3,37.09,85.21,10
2024-04-15 09:49:22,3.1,35.64,119.62,8
2024-04-15 02:16:24,4.5,37.78,101.24,10
2024-04-14 21:50:58,3.9,41.12,78.55,10
2024-04-14 14:26:18,3.1,32.46,82.82,10
2024-04-14 11:04:23,3.2,33.62,81.98,10
2024-04-13 22:26:35,4.2,24.05,121.6,9
2024-04-13 20:38:46,4.2,23.6,121.66,8
2024-04-13 13:44:41,5.2,33.56,81.84,10
2024-04-13 02:44:36,4.3,23.44,120.17,10
2024-04-12 16:13:41,4.8,41.12,78.6,10
2024-04-12 13:04:55,3.7,33.49,81.77,10
2024-04-12 09:25:16,3.0,44.67,93.28,12
2024-04-11 08:42:34,3.3,41.98,82.53,18
2024-04-11 02:53:50,4.5,41.99,82.54,13
2024-04-11 00:55:12,4.4,24.14,121.87,12
2024-04-10 22:56:17,5.6,41.98,82.56,16
2024-04-10 18:57:39,4.8,41.88,82.36,20
2024-04-09 22:07:01,4.7,27.88,100.05,10
2024-04-09 17:22:45,4.3,39.55,97.77,11
2024-04-09 15:06:40,3.2,41.91,82.24,19
2024-04-09 12:10:24,3.6,42.39,83.34,18
2024-04-09 06:14:07,4.0,24.01,121.77,21
2024-04-09 02:02:35,4.6,23.92,121.83,28
2024-04-08 13:09:34,4.5,24.23,121.93,23
2024-04-08 07:20:47,3.0,41.94,82.24,20
2024-04-08 07:16:29,3.7,41.91,82.24,17
2024-04-08 07:15:45,3.0,41.92,82.23,20
2024-04-08 06:49:28,4.0,24.24,121.96,25
2024-04-08 04:47:59,5.1,41.93,82.07,18
2024-04-07 22:20:59,3.7,41.91,82.16,17
2024-04-07 19:03:09,4.2,41.89,82.17,18
2024-04-07 18:22:16,3.0,41.91,82.0,15
2024-04-07 18:01:19,4.8,24.1,122.25,20
2024-04-07 17:48:39,3.1,41.95,82.33,17
2024-04-07 17:45:28,3.4,41.87,82.36,17
2024-04-07 16:53:52,3.0,41.91,82.01,15
2024-04-07 16:46:18,5.4,41.94,82.14,17
2024-04-07 16:44:05,3.8,41.91,82.1,22
2024-04-07 05:15:09,4.1,23.98,121.8,17
2024-04-06 23:53:09,4.5,24.15,122.0,23
2024-04-06 18:47:11,4.8,23.91,121.79,25
2024-04-06 11:52:53,4.5,24.1,121.97,10
2024-04-06 11:12:17,3.2,32.23,104.96,18
2024-04-06 10:29:20,4.9,27.01,103.44,10
2024-04-06 09:48:50,3.3,41.24,78.59,12
2024-04-06 09:37:51,4.4,23.7,121.98,13
2024-04-06 04:26:26,4.6,23.91,121.85,21
2024-04-05 17:04:55,4.0,24.0,121.8,20
2024-04-05 15:03:38,3.6,40.83,84.1,13
2024-04-05 14:12:47,4.5,23.77,121.61,8
2024-04-05 12:50:49,4.8,24.08,121.87,22
2024-04-05 02:35:00,4.8,24.15,121.81,26
2024-04-04 22:30:05,4.6,24.21,121.9,13
2024-04-04 13:00:29,4.1,24.2,121.87,23
2024-04-04 11:52:37,3.4,41.25,78.73,10
2024-04-04 09:29:09,4.0,23.83,121.49,8
2024-04-04 08:39:35,5.5,38.39,90.93,10
2024-04-04 06:46:34,4.0,23.99,121.75,20
2024-04-04 05:56:11,4.2,24.19,121.83,17
2024-04-04 03:46:52,4.2,23.89,121.77,10
2024-04-04 02:29:46,4.8,23.79,121.91,14
2024-04-03 23:42:37,4.3,24.19,121.64,10
2024-04-03 23:39:09,4.4,24.15,121.77,20
2024-04-03 22:49:13,4.0,24.12,121.97,19
2024-04-03 16:56:30,4.1,24.05,121.63,13
2024-04-03 16:17:11,4.1,24.02,121.75,19
2024-04-03 14:33:58,4.4,24.17,121.92,10
2024-04-03 14:31:34,4.1,23.87,121.65,11
2024-04-03 13:28:04,4.3,24.14,121.72,11
2024-04-03 13:23:53,4.0,24.14,121.61,24
2024-04-03 12:34:43,4.3,24.02,121.81,20
2024-04-03 12:08:09,4.3,23.8,121.72,15
2024-04-03 11:57:18,4.5,23.82,121.61,19
2024-04-03 11:45:37,4.5,23.78,121.81,15
2024-04-03 11:35:22,4.3,24.21,121.79,10
2024-04-03 11:20:54,4.4,24.17,121.76,10
2024-04-03 10:38:30,4.2,23.9,121.63,10
2024-04-03 10:28:18,5.1,24.22,121.8,10
2024-04-03 10:14:38,5.6,24.14,121.76,10
2024-04-03 10:13:41,4.4,24.22,121.74,10
2024-04-03 09:53:58,4.6,23.87,121.57,10
2024-04-03 09:49:38,4.7,23.74,122.08,12
2024-04-03 09:39:35,5.6,23.8,121.89,10
2024-04-03 09:19:32,4.3,23.87,121.62,10
2024-04-03 09:17:42,4.1,23.98,121.76,11
2024-04-03 09:09:27,5.0,24.06,121.79,10
2024-04-03 09:07:15,4.2,23.99,121.74,9
2024-04-03 08:54:07,4.0,23.78,121.71,27
2024-04-03 08:50:46,4.9,23.8,121.63,11
2024-04-03 08:46:43,5.5,24.07,121.81,10
2024-04-03 08:43:55,5.2,23.94,121.57,10
2024-04-03 08:35:38,5.9,24.18,121.53,10
2024-04-03 08:11:27,6.0,24.1,121.65,10
2024-04-03 07:58:08,7.3,23.81,121.74,12
2024-04-03 03:26:33,4.2,23.38,120.16,8
2024-04-02 20:06:23,3.3,31.72,104.14,18
2024-04-02 12:24:27,3.0,31.72,104.13,15
2024-04-01 06:55:06,3.6,44.33,82.32,21
2024-03-31 15:56:34,3.1,28.64,95.98,10
2024-03-31 15:38:27,3.0,41.17,83.25,20
2024-03-31 05:52:37,4.0,40.82,84.14,15
2024-03-30 19:46:35,3.2,40.01,83.17,11
2024-03-30 19:39:20,3.4,40.04,83.26,16
2024-03-30 19:21:52,3.9,40.05,83.19,15
2024-03-30 19:20:30,3.2,40.04,83.29,14
2024-03-30 18:38:41,3.3,40.05,83.26,15
2024-03-30 03:26:13,4.0,32.74,88.73,10
2024-03-28 13:42:23,3.2,29.08,95.79,10
2024-03-28 08:40:49,3.0,32.54,82.78,10
2024-03-27 18:36:28,4.1,31.69,101.31,15
2024-03-27 15:07:21,3.2,41.2,83.25,12
2024-03-27 08:20:52,3.3,40.83,84.14,15
2024-03-26 02:33:01,4.5,36.05,91.55,8
2024-03-25 23:18:36,3.0,40.84,84.12,14
2024-03-25 23:03:29,3.0,40.83,84.14,16
2024-03-25 16:02:22,3.2,30.87,97.02,10
2024-03-25 11:37:10,3.1,41.15,83.56,15
2024-03-23 11:45:30,3.2,41.13,78.37,10
2024-03-23 09:41:14,4.2,41.11,78.39,10
2024-03-23 05:03:03,4.1,41.16,78.61,10
2024-03-22 06:24:52,3.6,33.6,92.93,9
2024-03-22 05:06:08,3.1,41.69,89.02,21
2024-03-21 18:57:06,3.3,27.97,102.72,15
2024-03-21 18:49:52,4.5,24.06,121.57,20
2024-03-21 00:58:06,4.2,33.95,86.47,10
2024-03-20 13:08:16,3.2,42.98,114.49,15
2024-03-20 11:51:51,3.1,28.31,104.97,8
2024-03-19 19:20:29,4.2,23.78,121.85,10
2024-03-19 16:18:20,3.3,29.58,104.81,13
2024-03-19 11:03:00,3.5,34.55,120.48,10
2024-03-18 09:24:58,3.6,33.49,92.99,10
2024-03-18 06:05:52,4.3,33.51,92.99,10
2024-03-17 11:50:14,3.6,40.79,122.17,10
2024-03-17 06:03:00,3.0,37.76,101.2,9
2024-03-16 03:49:09,3.9,41.96,83.95,13
2024-03-15 18:33:40,3.2,28.32,104.95,10
2024-03-15 10:47:12,3.4,41.04,78.63,10
2024-03-15 04:13:56,3.1,41.32,78.8,10
2024-03-14 16:36:22,4.5,41.89,82.3,17
2024-03-14 16:27:14,4.2,38.53,97.4,9
2024-03-14 13:41:46,3.1,38.68,91.91,9
2024-03-14 03:19:43,3.1,29.08,105.44,9
2024-03-14 02:11:50,3.0,41.89,82.29,10
2024-03-13 14:49:17,3.6,39.1,74.32,10
2024-03-11 21:35:10,3.0,41.04,78.45,10
2024-03-10 10:07:06,3.2,35.41,81.29,10
2024-03-09 20:35:41,3.9,41.18,78.76,10
2024-03-09 13:17:45,3.8,31.93,92.84,10
2024-03-09 08:28:46,3.3,33.51,93.03,10
2024-03-07 18:09:15,4.2,33.52,92.99,10
2024-03-07 18:06:30,5.5,33.58,93.01,10
2024-03-07 01:37:47,3.7,40.01,76.77,18
2024-03-07 01:22:54,3.3,41.19,83.41,18
2024-03-06 21:19:21,3.0,41.25,78.79,11
2024-03-06 08:09:59,4.7,41.28,78.7,10
2024-03-05 10:07:31,5.3,33.52,93.01,10
2024-03-05 09:29:53,3.1,41.31,78.77,12
2024-03-05 07:44:07,3.2,44.03,81.88,18
2024-03-04 21:28:51,3.1,40.74,122.83,10
2024-03-04 15:54:31,4.4,41.19,78.6,10
2024-03-04 14:45:23,3.1,41.0,78.16,13
2024-03-04 14:32:49,3.7,39.05,98.32,10
2024-03-04 11:50:32,3.6,41.7,81.08,18
2024-03-04 08:06:18,3.0,34.13,85.39,10
2024-03-03 18:07:05,3.0,41.14,78.49,10
2024-03-03 17:24:28,3.9,41.03,78.45,10
2024-02-29 13:26:28,4.3,23.51,120.27,20
2024-02-29 11:48:03,3.3,41.3,78.85,12
2024-02-28 21:23:30,3.0,29.27,102.79,15
2024-02-28 18:21:42,3.0,41.22,83.77,10
2024-02-28 18:14:53,3.0,41.19,83.8,11
2024-02-28 09:17:43,3.2,41.19,78.74,10
2024-02-27 22:17:59,3.4,41.14,78.42,10
2024-02-27 01:55:58,3.2,41.17,78.75,10
2024-02-27 01:46:02,3.4,41.18,78.74,10
2024-02-26 22:20:26,3.1,41.13,78.42,10
2024-02-26 20:28:41,3.6,41.18,78.73,10
2024-02-26 19:29:30,3.8,29.87,88.04,15
2024-02-26 12:02:17,3.1,36.63,77.15,90
2024-02-26 09:28:50,3.8,41.17,78.4,12
2024-02-25 21:48:34,4.6,24.79,122.02,10
2024-02-25 12:14:59,5.8,41.15,78.41,11
2024-02-25 03:44:37,3.1,41.12,78.7,10
2024-02-24 18:50:04,3.1,39.02,75.29,34
2024-02-24 18:13:06,3.5,31.99,117.6,15
2024-02-24 12:37:08,4.1,23.6,121.65,19
2024-02-24 06:58:55,5.3,41.12,78.54,10
2024-02-23 18:33:07,4.0,41.18,78.61,10
2024-02-23 12:08:35,4.1,41.24,78.74,12
2024-02-22 19:08:36,3.1,41.36,78.74,15
2024-02-22 16:40:09,3.0,41.33,78.77,12
2024-02-22 02:26:44,3.9,41.27,78.72,10
2024-02-21 15:03:57,3.6,40.45,77.61,10
2024-02-20 22:18:17,4.0,24.01,122.39,11
2024-02-20 18:58:10,4.6,42.95,94.32,12
2024-02-20 17:52:34,3.2,39.87,112.37,15
2024-02-19 11:08:15,4.0,41.97,83.94,10
2024-02-19 00:49:56,3.1,41.12,78.56,12
2024-02-18 16:59:14,3.7,41.38,78.92,10
2024-02-18 02:59:41,3.9,33.86,91.86,9
2024-02-17 15:49:34,3.1,41.25,78.86,10
2024-02-16 23:38:28,4.1,36.51,77.32,129
2024-02-15 20:17:53,3.1,41.24,78.81,15
2024-02-15 14:28:54,3.2,41.22,78.76,10
2024-02-15 14:02:49,4.4,24.99,106.99,10
2024-02-15 12:32:55,3.3,41.03,78.42,10
2024-02-15 11:52:40,4.7,41.3,78.78,10
2024-02-15 11:41:34,3.8,41.06,78.49,15
2024-02-15 07:57:21,3.0,40.83,84.13,16
2024-02-14 15:30:33,3.0,41.16,78.74,10
2024-02-14 04:06:07,3.0,41.08,78.48,10
2024-02-14 03:10:30,3.9,39.69,77.63,24
2024-02-13 02:10:03,3.2,39.34,97.28,10
2024-02-12 23:52:51,3.7,41.24,78.73,18
2024-02-12 12:34:20,3.3,41.24,78.44,10
2024-02-12 04:45:05,3.1,35.75,102.78,11
2024-02-12 03:42:01,3.0,41.25,78.76,10
2024-02-11 22:30:57,3.2,41.11,78.63,11
2024-02-11 20:22:19,3.0,41.18,78.72,14
2024-02-11 13:24:59,3.0,40.06,83.05,25
2024-02-11 12:57:11,4.4,41.17,78.61,13
2024-02-11 11:03:35,3.2,41.17,78.63,13
2024-02-09 11:29:57,3.2,28.3,104.96,11
2024-02-09 04:09:29,3.1,32.11,104.57,17
2024-02-08 18:19:22,3.1,41.03,78.4,10
2024-02-08 11:17:49,3.0,41.1,78.49,11
2024-02-08 01:28:24,3.1,39.14,96.98,9
2024-02-07 16:55:29,4.0,41.14,78.38,12
2024-02-06 00:49:31,3.2,32.57,92.51,10
2024-02-04 19:36:43,3.3,38.58,73.99,106
2024-02-04 09:18:56,4.6,41.13,78.64,12
2024-02-04 06:15:17,3.2,41.13,78.61,12
2024-02-04 02:44:45,3.6,38.41,90.83,11
2024-02-04 02:02:29,3.6,41.14,78.61,10
2024-02-04 00:34:45,4.6,41.13,78.61,15
2024-02-03 21:44:36,4.7,41.11,78.61,12
2024-02-03 21:26:25,3.7,41.13,78.58,11
2024-02-03 16:36:29,4.2,41.19,78.51,12
2024-02-03 12:40:58,4.1,36.94,97.12,10
2024-02-01 03:21:26,3.9,41.31,78.71,16
2024-01-31 13:13:01,3.2,41.29,78.77,15
2024-01-31 04:48:22,3.0,41.09,78.6,10
2024-01-30 11:52:34,3.6,41.09,78.58,14
2024-01-30 09:44:52,3.9,41.32,78.94,10
2024-01-30 07:30:52,3.3,41.13,78.57,10
2024-01-30 07:17:05,3.7,41.14,78.6,10
2024-01-30 06:27:40,5.7,41.15,78.67,10
2024-01-30 05:03:22,3.7,41.2,78.74,10
2024-01-29 20:09:20,3.0,41.17,78.72,10
2024-01-29 19:38:13,3.1,43.19,87.85,10
2024-01-29 12:05:20,3.2,41.12,78.6,11
2024-01-29 02:11:22,4.7,23.64,121.34,10
2024-01-28 18:07:54,3.1,42.17,80.74,10
2024-01-28 17:52:15,3.9,41.16,78.52,13
2024-01-27 23:06:58,3.3,41.33,83.56,12
2024-01-27 19:30:00,3.0,41.26,78.79,15
2024-01-27 17:03:04,4.7,41.19,78.65,15
2024-01-27 13:29:24,3.4,42.3,80.33,11
2024-01-27 08:37:19,3.6,41.03,78.46,12
2024-01-27 00:00:29,3.3,41.11,78.55,11
2024-01-26 20:38:49,3.2,25.77,100.07,10
2024-01-26 20:05:36,3.9,41.17,78.79,14
2024-01-26 19:50:26,3.2,35.74,102.78,8
2024-01-26 19:40:43,4.3,41.14,78.76,12
2024-01-26 18:36:46,3.3,41.17,78.72,11
2024-01-26 18:16:46,3.7,41.18,78.73,10
2024-01-26 16:17:58,3.7,41.13,78.5,12
2024-01-26 14:54:46,3.0,41.21,78.58,10
2024-01-26 10:26:05,3.7,41.26,78.72,10
2024-01-26 09:55:12,4.0,41.12,78.56,13
2024-01-26 09:14:32,3.6,41.13,78.55,14
2024-01-26 08:17:31,3.7,41.13,78.59,13
2024-01-26 07:46:55,3.0,41.18,78.7,13
2024-01-26 06:38:10,4.3,41.02,78.7,11
2024-01-26 05:12:32,3.1,41.11,78.53,10
2024-01-26 05:11:06,3.7,41.11,78.59,13
2024-01-26 04:21:36,3.0,41.34,78.81,11
2024-01-26 04:01:28,5.6,41.29,78.83,18
2024-01-26 03:21:41,3.8,40.52,77.46,20
2024-01-25 21:54:54,3.1,41.1,78.41,15
2024-01-25 17:29:50,3.3,41.34,78.92,12
2024-01-25 16:59:57,3.2,41.24,78.73,13
2024-01-25 16:59:00,3.0,41.12,78.58,14
2024-01-25 16:42:48,3.3,41.12,78.55,14
2024-01-25 16:14:48,3.7,41.34,78.91,16
2024-01-25 13:00:23,3.3,41.03,78.67,18
2024-01-25 12:59:22,3.8,41.24,78.76,15
2024-01-25 12:54:54,3.2,41.12,78.59,16
2024-01-25 12:21:59,3.0,41.09,78.58,15
2024-01-25 10:22:10,3.0,41.13,78.58,20
2024-01-25 09:43:48,4.0,41.11,78.58,15
2024-01-25 09:24:33,4.8,41.11,78.59,18
2024-01-25 09:13:34,3.4,41.12,78.57,18
2024-01-25 08:56:22,4.3,36.95,97.12,15
2024-01-25 06:21:48,5.2,41.08,78.55,15
2024-01-25 05:50:09,3.1,41.06,78.57,15
2024-01-25 04:35:08,4.1,41.27,78.78,18
2024-01-25 04:05:02,4.3,41.0,78.47,20
2024-01-25 03:59:55,3.4,41.1,78.59,18
2024-01-25 03:51:40,3.2,41.96,82.44,18
2024-01-25 03:33:21,3.4,41.17,78.59,20
2024-01-25 02:45:16,3.7,41.28,78.82,20
2024-01-25 01:49:07,3.0,41.11,78.61,25
2024-01-25 00:38:50,3.0,41.06,78.58,10
2024-01-25 00:33:02,3.0,41.09,78.59,20
2024-01-25 00:20:12,3.2,41.09,78.58,15
2024-01-24 23:04:16,3.6,41.08,78.53,18
2024-01-24 23:01:21,4.0,41.19,78.61,22
2024-01-24 23:00:47,3.1,41.08,78.43,15
2024-01-24 20:36:39,3.0,41.32,78.76,15
2024-01-24 17:43:21,3.4,41.14,78.52,15
2024-01-24 17:30:23,3.1,41.2,78.67,15
2024-01-24 16:04:00,3.3,41.11,78.57,20
2024-01-24 15:04:21,3.0,41.12,78.57,18
2024-01-24 14:51:27,3.0,41.21,78.71,18
2024-01-24 14:29:33,3.3,41.3,78.7,15
2024-01-24 12:58:26,3.0,41.11,78.6,10
2024-01-24 11:56:25,3.2,41.07,78.59,15
2024-01-24 10:54:03,3.6,41.07,78.59,10
2024-01-24 10:16:31,3.4,41.16,78.6,10
2024-01-24 09:59:14,3.2,41.31,78.78,10
2024-01-24 09:35:18,3.9,41.36,78.73,10
2024-01-24 08:15:28,3.0,41.16,78.57,10
2024-01-24 07:54:37,3.2,41.17,78.54,10
2024-01-24 07:50:04,3.8,41.15,78.48,10
2024-01-24 07:27:45,3.6,41.28,78.82,10
2024-01-24 07:21:03,3.0,41.29,78.77,10
2024-01-24 06:30:19,3.7,41.18,78.82,10
2024-01-24 06:23:24,3.4,41.13,78.56,10
2024-01-24 05:50:42,3.9,41.33,78.73,10
2024-01-24 05:49:46,3.1,41.13,78.57,10
2024-01-24 04:38:12,5.7,41.06,78.65,10
2024-01-24 04:20:48,3.2,41.08,78.64,10
2024-01-24 04:07:02,3.0,41.15,78.5,10
2024-01-24 03:40:14,3.6,41.17,78.37,10
2024-01-24 03:38:45,3.4,41.13,78.61,10
2024-01-24 03:20:17,3.4,41.3,78.77,10
2024-01-24 03:11:40,3.7,41.31,78.67,10
2024-01-24 01:48:48,3.3,40.81,78.19,10
2024-01-24 01:25:42,3.0,41.15,78.58,10
2024-01-23 23:30:27,4.3,40.92,83.94,11
2024-01-23 22:08:52,3.3,41.06,78.68,10
2024-01-23 21:47:17,3.6,41.19,78.55,10
2024-01-23 21:36:22,3.1,41.13,78.61,10
2024-01-23 20:22:09,3.1,41.33,78.69,10
2024-01-23 20:09:29,4.2,41.35,78.85,10
2024-01-23 19:31:31,3.0,41.04,78.51,10
2024-01-23 19:07:06,3.6,41.35,78.79,10
2024-01-23 18:05:56,3.3,41.17,78.59,10
2024-01-23 17:47:19,3.3,41.11,78.59,10
2024-01-23 17:24:48,4.0,41.33,78.79,10
2024-01-23 17:23:20,4.0,41.15,78.53,10
2024-01-23 17:10:11,3.6,41.1,78.6,10
2024-01-23 17:07:09,4.6,41.18,78.57,10
2024-01-23 16:31:34,3.1,41.13,78.6,10
2024-01-23 15:31:52,3.1,41.11,78.6,10
2024-01-23 15:19:17,3.6,41.12,78.52,10
2024-01-23 15:12:21,3.2,41.14,78.53,10
2024-01-23 15:06:36,3.3,41.15,78.5,10
2024-01-23 14:45:24,3.0,41.34,78.71,10
2024-01-23 14:41:09,3.4,41.11,78.62,10
2024-01-23 13:33:00,3.1,41.2,78.63,10
2024-01-23 12:58:03,3.1,41.36,78.75,10
2024-01-23 12:56:44,3.2,41.12,78.6,10
2024-01-23 12:30:59,3.5,41.07,78.69,10
2024-01-23 12:25:47,4.0,41.11,78.6,10
2024-01-23 12:21:22,3.0,41.22,78.7,10
2024-01-23 12:13:31,3.4,41.13,78.51,10
2024-01-23 12:01:22,4.7,41.31,78.82,10
2024-01-23 11:52:21,3.9,41.32,78.79,20
2024-01-23 11:15:56,3.0,41.28,78.68,10
2024-01-23 10:46:58,3.4,41.13,78.64,10
2024-01-23 10:21:06,3.0,41.17,78.84,10
2024-01-23 10:11:22,3.4,41.13,78.51,10
2024-01-23 10:08:48,3.3,41.33,78.77,10
2024-01-23 09:58:33,3.7,41.12,78.67,10
2024-01-23 09:52:56,3.1,41.29,78.7,11
2024-01-23 09:52:12,3.6,41.39,78.89,15
2024-01-23 09:40:22,3.2,41.14,78.57,13
2024-01-23 09:36:50,3.2,41.1,78.38,10
2024-01-23 09:18:41,5.2,41.19,78.84,10
2024-01-23 09:09:40,3.0,41.13,78.46,10
2024-01-23 08:22:27,3.3,41.31,78.83,15
2024-01-23 08:12:38,4.1,41.17,78.52,10
2024-01-23 08:06:50,3.1,41.14,78.52,13
2024-01-23 07:56:19,4.0,41.1,78.57,20
2024-01-23 07:55:34,3.7,41.12,78.54,15
2024-01-23 07:51:07,3.3,41.31,78.69,13
2024-01-23 07:19:25,5.2,41.21,78.71,15
2024-01-23 07:03:25,3.9,41.31,78.76,11
2024-01-23 06:56:40,3.7,41.11,78.62,12
2024-01-23 06:40:25,3.2,41.13,78.59,15
2024-01-23 06:20:04,3.7,41.02,78.66,16
2024-01-23 06:08:59,3.2,41.32,78.69,18
2024-01-23 06:00:39,3.0,41.13,78.53,11
2024-01-23 05:50:47,3.3,41.21,78.85,15
2024-01-23 05:49:14,3.6,41.19,78.55,11
2024-01-23 05:43:03,4.7,41.18,78.61,13
2024-01-23 05:40:53,3.0,41.17,78.58,10
2024-01-23 05:38:36,3.7,41.27,78.81,12
2024-01-23 05:25:42,3.0,41.1,78.62,20
2024-01-23 05:21:03,3.0,41.14,78.52,20
2024-01-23 05:16:44,4.1,41.14,78.56,20
2024-01-23 05:04:18,3.0,41.16,78.62,20
2024-01-23 04:57:12,4.5,41.2,78.81,20
2024-01-23 04:48:33,3.3,41.16,78.57,20
2024-01-23 04:43:36,3.1,41.12,78.62,20
2024-01-23 04:29:29,4.6,41.13,78.64,20
2024-01-23 04:25:16,3.1,41.21,78.56,20
2024-01-23 04:18:57,3.1,41.12,78.61,20
2024-01-23 04:08:47,3.2,41.15,78.57,20
2024-01-23 03:59:53,3.0,41.15,78.56,20
2024-01-23 03:59:33,3.0,39.85,112.71,8
2024-01-23 03:40:35,3.2,41.16,78.54,20
2024-01-23 03:36:46,5.3,41.11,78.66,20
2024-01-23 03:30:34,3.1,41.21,78.83,20
2024-01-23 03:21:10,3.2,41.14,78.52,13
2024-01-23 03:20:18,3.4,41.29,78.69,14
2024-01-23 03:17:13,3.2,41.28,78.94,20
2024-01-23 03:14:02,3.8,40.95,78.79,20
2024-01-23 02:50:43,4.6,41.33,78.68,17
2024-01-23 02:42:33,5.2,41.33,78.7,14
2024-01-23 02:32:40,4.5,41.07,78.43,23
2024-01-23 02:17:06,3.8,41.24,78.46,20
2024-01-23 02:16:28,3.3,41.15,78.59,20
2024-01-23 02:14:16,4.5,41.27,78.61,20
2024-01-23 02:09:05,7.1,41.26,78.63,22
2024-01-22 22:23:56,3.2,39.34,97.33,10
2024-01-22 17:00:56,3.0,38.35,75.41,137
2024-01-22 12:33:18,4.8,41.97,81.11,16
2024-01-20 01:41:41,3.7,28.14,105.09,9
2024-01-20 01:25:27,3.6,38.31,89.64,10
2024-01-19 13:02:13,3.0,28.93,103.14,16
2024-01-19 06:24:02,3.0,28.92,103.12,12
2024-01-18 01:55:59,3.3,40.2,77.39,15
2024-01-17 16:45:18,3.0,32.75,120.19,9
2024-01-16 16:45:17,3.3,29.94,92.4,10
2024-01-16 10:06:23,3.2,28.81,105.08,8
2024-01-15 21:05:36,3.0,40.1,75.34,10
2024-01-13 13:25:05,3.1,35.75,102.78,8
2024-01-12 09:29:11,3.4,41.3,83.69,10
2024-01-12 00:55:55,3.3,38.26,76.76,10
2024-01-10 22:46:58,3.1,35.77,102.77,10
2024-01-10 02:46:29,3.2,38.0,83.78,17
2024-01-10 01:26:12,3.2,38.0,83.8,20
2024-01-09 02:36:33,3.1,40.84,84.13,14
2024-01-09 02:08:52,3.3,43.92,84.67,23
2024-01-09 02:07:47,4.1,43.89,84.72,22
2024-01-09 00:21:58,3.2,27.55,100.91,11
2024-01-08 03:48:13,3.8,39.4,97.3,12
2024-01-05 01:37:20,3.7,41.16,83.72,15
2024-01-04 22:29:20,4.2,21.05,109.24,9
2024-01-03 18:08:25,3.5,24.76,117.49,13
2023-12-31 22:27:38,4.9,36.74,105.0,10
2023-12-31 14:07:04,3.2,29.4,104.46,8
2023-12-30 10:15:56,3.0,36.55,122.34,12
2023-12-30 02:44:33,3.1,39.41,78.11,15
2023-12-28 19:51:48,3.2,24.8,99.2,10
2023-12-28 05:15:50,3.0,43.09,94.21,10
2023-12-27 04:22:45,3.1,32.3,105.01,10
2023-12-27 00:08:16,3.3,35.73,102.82,10
2023-12-26 18:11:21,3.3,40.19,76.09,20
2023-12-25 14:48:03,3.1,40.9,83.96,10
2023-12-25 04:23:03,3.0,38.66,102.1,13
2023-12-24 22:28:44,3.1,40.01,77.96,17
2023-12-24 19:51:41,3.3,38.43,75.39,142
2023-12-23 18:37:48,3.3,40.83,82.66,25
2023-12-23 10:31:01,3.4,44.8,89.28,14
2023-12-22 22:16:26,3.1,41.34,84.49,10
2023-12-22 14:43:13,3.0,35.73,102.81,8
2023-12-21 12:26:04,3.1,41.16,83.75,12
2023-12-21 04:02:14,4.1,35.77,102.8,8
2023-12-20 00:32:52,3.4,35.76,102.78,9
2023-12-19 21:49:48,3.1,28.34,104.94,8
2023-12-19 09:46:21,5.5,40.02,77.86,10
2023-12-19 02:10:06,3.2,35.83,102.76,10
2023-12-19 01:20:12,3.2,35.8,102.77,10
2023-12-19 01:10:31,3.2,35.8,102.78,10
2023-12-19 00:59:39,4.1,35.83,102.78,10
2023-12-19 00:59:11,3.1,35.74,102.77,10
2023-12-19 00:56:51,3.4,35.8,102.79,10
2023-12-19 00:43:12,3.4,35.78,102.77,10
2023-12-19 00:36:18,4.0,35.78,102.78,10
2023-12-19 00:24:49,3.9,35.73,102.78,10
2023-12-18 23:59:30,6.2,35.7,102.79,10
2023-12-17 12:17:19,3.1,37.01,76.23,80
2023-12-16 06:39:39,3.0,39.24,77.41,10
2023-12-15 09:01:17,3.6,40.84,84.13,17
2023-12-14 10:38:59,3.8,29.28,105.49,8
2023-12-14 05:21:10,3.0,39.98,118.04,9
2023-12-13 23:33:33,3.3,33.19,88.37,10
2023-12-13 08:05:15,3.1,36.78,77.13,80
2023-12-12 23:41:21,3.0,38.43,76.05,22
2023-12-12 03:59:42,3.0,39.78,74.52,10
2023-12-09 14:19:25,4.4,24.43,122.72,40
2023-12-08 09:47:40,3.0,37.64,77.78,22
2023-12-07 23:01:45,3.8,34.9,119.86,8
2023-12-06 20:06:56,3.3,40.34,111.99,16
2023-12-06 00:16:38,3.0,44.24,83.81,10
2023-12-05 08:48:23,3.6,38.33,75.36,136
2023-12-03 15:14:51,3.0,24.26,98.1,10
2023-12-02 02:24:56,4.0,24.26,98.08,10
2023-12-02 02:16:23,3.6,24.25,98.07,10
2023-12-02 01:44:39,3.0,24.25,98.07,10
2023-12-02 01:36:33,5.0,24.26,98.08,10
2023-12-01 23:51:59,3.0,39.27,97.3,11
2023-12-01 23:04:50,3.2,39.33,97.29,10
2023-12-01 22:55:56,5.0,39.3,97.27,9
2023-12-01 09:25:11,3.3,27.16,104.16,8
2023-12-01 04:36:26,3.8,28.43,104.76,8
2023-11-30 20:17:11,3.2,40.17,106.08,15
2023-11-30 19:25:40,4.1,40.2,106.13,21
2023-11-30 03:44:10,3.7,37.53,112.47,28
2023-11-29 20:40:42,3.0,36.42,76.07,10
2023-11-28 07:38:47,3.0,41.19,83.7,10
2023-11-28 07:30:13,3.4,25.46,105.75,10
2023-11-28 06:15:47,3.7,28.6,87.82,10
2023-11-27 22:46:46,3.0,24.67,102.94,10
2023-11-26 23:33:59,3.0,30.27,96.96,10
2023-11-26 12:31:09,4.8,24.0,122.5,18
2023-11-26 12:11:43,4.2,23.99,122.46,17
2023-11-26 05:02:24,3.1,41.0,82.86,20
2023-11-25 20:06:53,3.9,43.11,94.24,10
2023-11-24 13:33:11,4.0,38.01,106.26,13
2023-11-23 00:13:13,4.0,39.51,77.23,17
2023-11-21 03:26:39,3.3,36.53,83.81,10
2023-11-18 17:48:35,3.3,36.55,106.31,15
2023-11-18 05:24:02,3.4,46.81,86.13,30
2023-11-16 11:33:04,3.6,37.34,78.27,18
2023-11-16 01:27:56,3.6,41.95,82.61,10
2023-11-15 22:17:32,4.0,44.71,80.49,10
2023-11-14 05:38:48,3.4,40.68,77.95,10
2023-11-13 08:56:31,3.6,26.98,102.79,15
2023-11-12 05:21:10,3.0,41.97,82.58,10
2023-11-11 00:54:38,4.7,23.42,121.7,30
2023-11-08 23:34:35,3.3,40.48,77.74,10
2023-11-08 19:13:59,3.1,40.51,77.66,10
2023-11-08 07:25:37,3.1,33.71,89.36,8
2023-11-08 03:46:14,3.2,40.51,77.69,10
2023-11-08 03:34:17,3.3,40.53,77.69,10
2023-11-08 02:52:00,4.3,40.54,77.68,12
2023-11-08 02:31:32,3.6,40.55,77.74,11
2023-11-08 02:15:03,4.3,40.55,77.64,11
2023-11-08 02:09:48,5.4,40.47,77.72,10
2023-11-07 10:07:01,3.0,42.07,85.62,10
2023-11-06 13:42:49,3.1,38.89,75.23,10
2023-11-05 12:59:54,3.1,39.36,97.29,14
2023-11-04 19:24:11,4.3,22.08,112.25,8
2023-10-31 19:13:53,3.7,40.66,83.75,36
2023-10-31 08:40:03,4.1,36.48,83.73,10
2023-10-31 06:24:08,3.9,36.56,83.74,10
2023-10-31 02:12:38,3.6,41.14,83.31,22
2023-10-30 20:30:05,3.8,40.87,84.12,16
2023-10-30 16:56:46,3.0,41.13,83.28,20
2023-10-30 07:00:34,3.1,41.09,83.58,10
2023-10-30 06:39:14,3.2,41.08,83.59,10
2023-10-30 04:53:45,3.1,39.63,82.79,25
2023-10-29 20:58:47,3.2,36.53,83.81,10
2023-10-29 01:34:46,3.0,42.3,87.14,20
2023-10-29 00:26:24,3.2,41.02,83.43,16
2023-10-28 05:30:01,3.0,44.64,93.04,10
2023-10-28 01:10:54,3.9,36.52,83.78,10
2023-10-28 00:16:38,3.2,31.5,88.26,10
2023-10-27 12:38:02,3.7,36.51,83.8,10
2023-10-27 02:34:17,3.3,37.74,101.43,8
2023-10-26 04:18:30,3.0,36.51,83.78,10
2023-10-26 02:35:36,4.1,36.53,83.77,10
2023-10-26 02:03:34,3.7,39.3,97.27,11
2023-10-26 00:38:21,3.0,36.49,83.77,10
2023-10-26 00:35:18,3.1,36.51,83.79,10
2023-10-25 23:55:28,3.0,36.53,83.77,10
2023-10-25 23:52:13,4.0,36.51,83.78,10
2023-10-25 23:50:12,3.1,36.51,83.79,10
2023-10-25 19:34:14,3.3,36.51,83.77,10
2023-10-25 12:48:49,4.0,43.15,127.89,10
2023-10-25 03:33:56,3.1,39.31,97.28,10
2023-10-25 02:02:44,3.6,33.71,87.62,10
2023-10-25 01:00:06,3.1,36.51,83.78,10
2023-10-24 19:32:13,5.5,39.43,97.28,10
2023-10-24 11:50:35,3.3,41.25,83.82,10
2023-10-24 10:54:24,4.4,24.03,122.61,10
2023-10-24 07:05:20,5.9,23.96,122.83,10
2023-10-24 06:47:22,3.2,31.37,86.61,10
2023-10-23 21:19:20,4.0,22.94,121.42,25
2023-10-23 16:43:36,4.4,31.51,88.26,8
2023-10-23 14:10:39,4.7,33.57,91.3,10
2023-10-23 12:04:48,3.2,39.39,97.32,8
2023-10-23 03:20:22,5.0,23.32,117.39,10
2023-10-22 23:14:12,4.7,39.38,97.33,10
2023-10-21 17:08:23,3.0,34.67,103.85,10
2023-10-21 04:50:27,3.0,36.51,83.75,10
2023-10-21 03:52:43,3.3,36.47,83.79,20
2023-10-20 17:56:34,3.1,39.64,82.82,25
2023-10-20 09:12:54,3.0,36.53,83.77,11
2023-10-20 08:52:51,3.1,36.52,83.78,10
2023-10-20 05:04:42,3.1,24.19,99.28,14
2023-10-19 17:59:12,3.7,41.31,83.78,12
2023-10-18 22:49:59,3.1,36.04,77.8,10
2023-10-18 10:07:55,3.0,21.74,111.86,10
2023-10-17 16:01:59,3.0,41.27,83.45,10
2023-10-17 02:40:36,3.4,31.25,100.83,14
2023-10-16 15:30:04,3.0,29.61,101.98,12
2023-10-15 18:50:33,3.2,34.68,89.8,9
2023-10-15 05:53:05,3.4,31.72,79.32,10
2023-10-15 02:22:16,3.3,35.52,89.6,9
2023-10-14 22:04:05,4.2,23.92,122.36,19
2023-10-14 15:53:30,4.9,24.03,122.31,20
2023-10-12 22:02:43,3.0,41.28,83.28,10
2023-10-11 18:36:56,5.4,23.24,121.32,14
2023-10-11 08:15:23,3.3,41.3,83.78,10
2023-10-09 03:46:32,3.6,30.83,86.36,25
2023-10-09 00:17:48,4.5,41.89,82.26,10
2023-10-08 21:37:02,3.0,31.72,79.33,10
2023-10-08 12:33:42,3.0,39.22,78.85,26
2023-10-08 00:15:59,3.2,41.86,82.25,15
2023-10-07 21:21:37,3.3,31.91,116.23,15
2023-10-07 14:04:08,4.3,41.89,82.24,25
2023-10-07 13:09:31,4.3,41.86,82.21,21
2023-10-05 23:29:01,3.1,37.58,75.46,92
2023-10-05 01:52:36,3.2,40.19,83.12,24
2023-10-03 11:00:28,3.6,30.84,86.35,10
2023-10-03 01:38:47,3.4,41.45,83.65,11
2023-10-02 12:41:26,3.6,27.17,103.94,10
2023-10-01 22:16:42,3.3,33.62,97.48,15
2023-10-01 19:47:01,4.2,33.64,97.46,10
2023-10-01 19:34:07,4.4,33.63,97.51,14
2023-09-30 19:19:41,3.3,39.59,74.75,10
2023-09-28 23:47:39,3.0,43.67,84.55,10
2023-09-28 22:10:01,3.1,40.07,75.78,14
2023-09-28 08:56:54,3.1,39.41,83.23,10
2023-09-26 04:17:52,3.0,35.57,99.13,10
2023-09-26 01:13:29,3.2,41.12,83.17,10
2023-09-25 13:56:28,3.6,41.76,81.45,10
2023-09-24 00:44:11,3.4,39.81,96.58,11
2023-09-22 21:38:27,3.1,37.91,77.82,24
2023-09-21 18:55:57,3.7,40.2,77.54,20
2023-09-20 01:51:30,3.1,35.93,108.65,24
2023-09-19 12:23:15,3.2,41.21,83.55,20
2023-09-18 21:21:23,6.4,26.45,125.35,170
2023-09-17 22:40:35,3.4,28.4,104.59,8
2023-09-17 10:00:23,3.0,34.48,99.12,9
2023-09-15 17:55:47,3.1,30.11,102.8,16
2023-09-13 18:09:39,3.0,24.57,102.86,10
2023-09-11 00:22:34,3.1,36.59,83.76,10
2023-09-10 12:45:23,3.4,35.87,114.15,10
2023-09-10 12:01:08,3.0,30.38,94.84,8
2023-09-10 08:10:47,3.2,30.35,94.85,10
2023-09-10 01:13:05,3.4,24.97,97.87,10
2023-09-09 04:55:03,3.7,41.11,83.62,16
2023-09-09 03:33:34,4.3,30.35,94.84,10
2023-09-08 03:26:21,3.9,43.07,85.24,13
2023-09-07 02:27:07,3.1,44.55,86.86,10
2023-09-06 16:46:23,3.1,29.52,101.96,12
2023-09-06 14:26:13,3.6,29.59,104.87,8
2023-09-05 17:30:42,4.9,23.51,120.42,20
2023-09-05 02:30:21,3.3,43.89,88.41,24
2023-09-04 19:48:01,3.9,41.37,83.84,10
2023-09-04 10:53:23,3.9,39.64,82.51,21
2023-09-04 06:49:30,3.2,36.04,77.78,10
2023-09-03 22:30:13,3.4,31.33,103.67,14
2023-09-03 18:22:44,3.3,23.51,99.49,11
2023-09-02 09:06:15,3.3,41.38,78.82,12
2023-09-02 01:00:44,3.3,22.85,107.6,10
2023-09-01 23:26:06,3.6,34.65,81.9,10
2023-09-01 16:13:07,3.0,36.54,83.76,10
2023-08-31 16:54:40,3.3,34.6,81.94,10
2023-08-31 12:42:14,3.2,41.11,83.58,20
2023-08-31 07:20:30,3.1,36.14,81.3,10
2023-08-30 03:41:09,3.0,38.4,76.4,15
2023-08-29 17:30:58,3.9,41.29,83.79,10
2023-08-29 16:08:42,4.6,39.39,78.09,10
2023-08-29 13:23:29,3.1,41.32,83.8,10
2023-08-29 12:02:28,3.7,41.32,83.78,15
2023-08-27 21:32:14,3.0,34.72,98.05,9
2023-08-27 12:49:15,3.0,38.96,102.61,22
2023-08-26 19:23:02,3.9,34.66,81.93,10
2023-08-26 05:43:41,3.5,33.56,88.68,10
2023-08-24 16:22:27,3.2,34.12,84.94,10
2023-08-23 18:19:47,4.6,39.42,122.2,8
2023-08-23 05:09:44,3.0,30.39,94.82,10
2023-08-23 02:46:49,4.1,30.33,94.91,10
2023-08-21 08:03:59,3.1,23.24,101.7,10
2023-08-20 23:28:23,4.3,39.91,77.77,18
2023-08-20 16:24:02,3.0,41.08,83.58,10
2023-08-20 07:06:53,3.5,30.37,94.84,10
2023-08-19 22:46:05,4.3,30.37,94.84,10
2023-08-19 15:31:49,4.2,29.58,104.88,8
2023-08-19 06:21:42,3.2,33.68,92.86,10
2023-08-19 01:49:34,3.3,28.11,87.11,20
2023-08-18 10:39:23,4.0,29.58,104.87,10
2023-08-18 09:52:24,3.4,29.6,104.88,10
2023-08-18 09:30:08,3.4,29.58,104.85,10
2023-08-13 20:55:01,4.4,24.32,101.88,10
2023-08-12 22:09:10,3.6,34.99,89.66,10
2023-08-12 01:04:00,3.0,41.77,82.59,11
2023-08-11 09:19:43,3.1,33.64,89.32,10
2023-08-10 17:02:47,3.4,29.39,102.17,13
2023-08-10 09:08:39,3.2,44.15,89.12,11
2023-08-09 20:35:34,3.6,39.95,77.44,23
2023-08-09 04:16:22,3.0,28.42,104.77,8
2023-08-07 14:38:44,3.2,29.6,102.06,10
2023-08-06 03:02:44,3.0,37.16,116.34,9
2023-08-06 02:33:59,5.5,37.16,116.34,10
2023-08-05 08:23:45,3.1,39.47,77.28,15
2023-08-05 08:05:45,3.1,40.54,83.44,16
2023-08-04 11:05:03,4.2,33.14,92.06,10
2023-08-03 15:41:12,3.2,37.97,75.66,119
2023-08-03 00:09:28,3.0,31.48,105.18,16
2023-08-01 12:11:46,3.0,29.5,104.81,10
2023-08-01 01:56:43,4.4,25.88,104.09,9
2023-07-31 12:02:57,3.1,31.95,92.89,10
2023-07-31 02:33:42,3.7,30.29,94.88,10
2023-07-30 12:15:10,4.2,30.27,94.81,10
2023-07-29 21:00:09,3.7,44.24,83.39,20
2023-07-28 11:20:27,3.4,30.37,94.85,10
2023-07-28 06:13:54,4.2,30.34,94.9,10
2023-07-27 02:33:05,3.1,40.97,83.05,17
2023-07-23 21:04:36,3.0,30.76,80.25,10
2023-07-23 17:19:09,3.7,29.64,104.61,8
2023-07-23 15:04:20,3.2,34.06,91.3,10
2023-07-23 09:00:27,3.3,29.63,104.61,8
2023-07-22 16:52:13,3.2,40.64,78.31,12
2023-07-19 07:55:14,3.1,38.67,98.87,9
2023-07-19 07:25:29,3.1,36.57,82.27,10
2023-07-18 03:42:46,3.0,25.25,100.82,10
2023-07-17 16:22:55,3.2,35.39,84.72,10
2023-07-16 04:57:00,3.0,41.12,83.56,19
2023-07-16 03:42:47,3.7,38.31,89.34,10
2023-07-15 18:39:36,3.4,39.95,83.64,10
2023-07-12 21:48:24,3.4,41.13,83.63,18
2023-07-11 06:49:10,4.2,40.05,83.28,50
2023-07-10 06:11:34,4.1,24.08,121.5,20
2023-07-09 16:54:56,3.4,40.84,78.33,17
2023-07-09 05:22:06,4.7,22.1,121.5,10
2023-07-09 03:47:14,5.4,22.03,121.49,10
2023-07-07 23:55:34,3.1,43.8,112.6,15
2023-07-07 22:13:11,3.0,40.1,77.2,15
2023-07-07 02:03:55,4.1,23.08,121.22,10
2023-07-06 03:25:04,3.4,40.13,77.12,10
2023-07-04 10:08:02,4.3,38.45,76.45,13
2023-07-04 07:48:52,3.8,43.91,89.26,20
2023-07-04 01:13:39,3.1,23.85,114.51,8
2023-07-03 20:57:13,3.7,23.85,114.5,9
2023-07-02 20:59:15,3.4,19.67,108.73,10
2023-07-02 16:59:32,3.3,34.75,97.29,9
2023-07-02 16:57:53,3.4,34.75,97.3,9
2023-07-02 13:01:58,3.3,44.52,80.97,20
2023-07-02 00:13:13,3.0,37.81,87.39,10
2023-07-01 11:56:06,3.7,28.12,105.15,13
2023-07-01 09:03:42,3.1,29.2,105.35,17
2023-06-30 18:50:50,3.7,38.71,74.41,50
2023-06-30 18:33:08,3.1,43.35,82.51,15
2023-06-29 00:43:34,4.0,34.35,89.02,8
2023-06-25 09:16:14,3.3,37.56,77.91,20
2023-06-24 19:55:31,3.0,40.11,75.68,20
2023-06-24 03:07:36,5.0,20.72,109.07,20
2023-06-21 20:25:40,3.0,39.94,82.98,10
2023-06-21 09:26:04,3.3,24.46,102.03,10
2023-06-19 13:24:49,3.7,40.49,77.59,25
2023-06-18 14:18:16,3.0,37.76,101.29,9
2023-06-18 10:58:23,3.9,35.94,79.86,10
2023-06-18 09:23:56,3.3,36.32,111.74,26
2023-06-18 04:46:46,3.7,35.81,79.8,10
2023-06-18 01:08:11,3.8,35.8,79.78,10
2023-06-18 00:14:24,4.4,35.79,79.83,10
2023-06-17 08:05:51,3.1,39.58,82.57,20
2023-06-16 01:19:35,3.2,38.31,89.4,10
2023-06-15 21:58:09,3.7,40.14,77.46,23
2023-06-15 11:21:27,3.6,32.44,94.24,10
2023-06-15 01:39:34,3.1,31.07,121.09,8
2023-06-14 13:39:40,3.0,38.16,88.79,9
2023-06-14 04:17:56,4.1,41.71,80.81,10
2023-06-13 08:48:30,3.6,40.18,83.8,18
2023-06-13 05:52:59,3.7,33.1,86.73,10
2023-06-12 00:04:18,3.3,43.38,88.98,19
2023-06-11 20:25:38,4.3,24.26,122.47,27
2023-06-11 19:29:45,3.6,48.74,129.79,17
2023-06-11 17:40:14,3.8,40.79,82.63,20
2023-06-11 00:12:51,3.3,35.84,79.77,10
2023-06-10 17:12:34,4.2,22.85,120.6,19
2023-06-10 13:31:54,4.7,22.88,120.65,14
2023-06-10 10:52:29,3.2,31.73,104.08,18
2023-06-09 02:34:40,4.3,33.19,84.88,10
2023-06-09 01:51:20,3.0,40.01,75.54,23
2023-06-08 20:25:13,3.1,32.2,88.89,15
2023-06-08 07:58:54,3.1,28.34,104.56,10
2023-06-08 01:07:54,3.2,43.63,85.99,15
2023-06-05 04:39:09,3.8,38.29,93.84,10
2023-06-02 00:00:13,3.6,40.8,79.21,13
2023-05-31 16:23:23,3.4,24.21,102.64,9
2023-05-31 15:12:47,4.0,40.27,77.2,16
2023-05-31 14:14:32,3.4,40.46,77.16,16
2023-05-29 22:17:48,3.7,40.32,83.92,16
2023-05-29 11:59:06,3.0,36.78,76.89,80
2023-05-29 07:50:30,3.0,35.89,100.87,9
2023-05-29 02:51:21,3.9,28.58,91.43,10
2023-05-29 02:08:43,3.7,39.27,104.25,10
2023-05-28 15:53:00,4.1,35.09,85.93,10
2023-05-28 05:36:33,3.6,27.21,92.68,10
2023-05-27 03:57:13,3.0,40.36,83.9,19
2023-05-27 03:13:37,3.1,40.33,83.91,16
2023-05-26 16:07:56,3.8,39.68,75.01,18
2023-05-25 15:58:52,3.0,40.29,83.89,10
2023-05-25 15:31:21,3.0,39.31,110.59,0
2023-05-25 12:57:55,3.9,28.32,104.56,9
2023-05-24 03:21:26,3.2,40.83,82.6,21
2023-05-23 23:18:04,3.4,41.85,82.1,18
2023-05-23 22:42:56,4.3,41.78,82.18,13
2023-05-23 20:09:00,3.0,37.5,78.31,10
2023-05-22 20:54:45,3.1,40.91,78.11,10
2023-05-22 19:56:43,3.1,20.81,110.53,16
2023-05-22 19:18:41,3.3,28.38,104.82,8
2023-05-22 18:49:01,3.2,28.37,104.83,8
2023-05-22 16:23:53,3.0,28.27,104.91,8
2023-05-22 12:19:14,3.0,28.38,104.83,8
2023-05-22 10:35:26,3.3,28.38,104.83,8
2023-05-22 03:56:44,4.5,28.4,104.83,8
2023-05-19 18:26:43,3.2,41.31,84.03,10
2023-05-19 05:18:32,3.9,33.48,91.05,10
2023-05-17 05:56:23,4.5,42.78,80.59,10
2023-05-16 19:28:37,3.0,28.08,105.12,10
2023-05-14 16:49:13,3.0,38.14,75.66,118
2023-05-12 06:07:18,4.0,29.62,102.03,10
2023-05-12 04:49:57,3.0,29.66,102.01,9
2023-05-12 04:32:10,4.2,29.63,102.02,10
2023-05-12 02:34:04,4.5,29.64,102.04,10
2023-05-10 08:38:11,3.6,28.11,105.09,8
2023-05-09 19:23:29,3.3,41.2,83.28,15
2023-05-09 18:22:15,3.1,35.78,79.81,10
2023-05-09 14:12:22,3.1,41.07,78.84,10
2023-05-08 04:06:46,3.0,29.72,103.26,18
2023-05-06 21:23:45,3.3,29.61,102.03,8
2023-05-06 20:39:11,3.0,30.67,117.05,10
2023-05-06 13:01:57,3.7,29.15,105.45,10
2023-05-06 10:19:43,3.1,47.73,130.85,8
2023-05-05 20:33:19,4.3,28.08,105.12,8
2023-05-05 11:32:04,3.1,25.12,98.13,12
2023-05-05 10:28:39,3.2,25.14,98.11,8
2023-05-05 08:35:26,3.4,35.79,79.86,10
2023-05-04 23:38:21,4.5,23.46,121.33,10
2023-05-04 15:53:46,3.0,40.8,83.91,15
2023-05-04 14:06:24,3.3,28.92,102.47,15
2023-05-04 11:46:24,3.3,33.34,119.28,14
2023-05-04 10:15:28,4.9,28.14,105.12,10
2023-05-03 13:04:00,4.5,28.1,105.12,8
2023-05-03 12:08:19,4.0,28.12,105.15,10
2023-05-03 10:01:22,3.7,29.41,104.54,10
2023-05-03 02:27:01,3.2,34.34,83.9,10
2023-05-02 23:38:19,4.4,25.35,99.29,10
2023-05-02 23:27:22,5.2,25.35,99.28,10
2023-05-02 02:49:22,3.1,42.13,83.28,20
2023-05-01 22:08:05,3.3,40.27,103.68,15
2023-04-28 10:49:41,3.3,32.46,93.53,10
2023-04-27 14:21:17,3.5,29.62,104.64,8
2023-04-27 09:39:59,3.1,32.66,119.78,11
2023-04-26 15:53:39,3.2,42.15,83.32,15
2023-04-26 02:34:05,3.3,39.21,74.52,10
2023-04-25 23:34:30,4.8,34.54,122.68,10
2023-04-24 22:13:05,3.3,43.31,83.68,11
2023-04-23 20:46:17,3.2,24.24,98.61,8
2023-04-23 17:02:10,3.8,39.43,79.98,15
2023-04-22 13:04:20,4.7,22.57,118.47,10
2023-04-20 16:12:56,3.2,34.41,93.49,8
2023-04-19 14:16:56,3.1,22.72,100.67,5
2023-04-19 08:22:10,3.3,40.77,105.44,10
2023-04-17 22:34:15,3.3,42.07,82.18,15
2023-04-17 06:56:28,3.0,37.23,78.28,15
2023-04-16 12:38:37,3.6,41.25,83.24,10
2023-04-16 00:12:45,3.1,44.05,84.67,20
2023-04-15 02:32:03,3.2,29.63,102.03,10
2023-04-14 04:48:26,3.6,41.51,86.78,18
2023-04-14 02:05:07,3.4,37.23,78.23,17
2023-04-10 11:31:29,3.0,41.92,81.74,15
2023-04-08 08:36:00,3.2,35.08,116.83,8
2023-04-07 23:44:03,3.4,41.92,81.75,15
2023-04-07 20:19:57,3.1,41.95,81.76,15
2023-04-07 20:17:05,4.6,41.94,81.78,15
2023-04-07 18:36:29,4.0,23.19,121.41,10
2023-04-07 14:40:55,3.2,34.41,93.53,10
2023-04-07 02:02:15,4.0,34.68,82.1,11
2023-04-06 19:22:27,3.2,39.63,122.8,10
2023-04-05 09:37:26,3.6,40.98,83.1,20
2023-04-05 04:26:52,3.2,41.73,81.17,10
2023-04-04 09:26:30,3.4,40.58,77.39,15
2023-04-03 03:32:24,6.1,6.5,115.8,600
2023-04-03 01:01:23,3.0,37.96,77.93,21
2023-04-02 18:26:39,3.0,39.75,74.47,10
2023-04-02 08:02:20,3.3,37.75,101.3,10
2023-04-02 05:54:51,4.0,26.83,102.92,15
2023-04-01 21:25:48,3.2,39.34,75.16,18
2023-04-01 13:53:08,3.1,40.08,75.96,10
2023-04-01 05:22:15,3.0,41.15,83.42,10
2023-04-01 03:52:35,3.6,40.91,78.11,10
2023-03-31 19:11:24,3.4,36.77,76.92,95
2023-03-31 13:44:59,3.4,34.48,93.59,9
2023-03-31 05:49:35,3.6,29.3,100.69,3
2023-03-30 15:16:30,3.4,34.78,90.45,9
2023-03-30 10:22:10,3.1,41.07,83.43,18
2023-03-29 15:02:00,3.4,23.27,112.94,8
2023-03-29 15:02:00,3.4,23.27,112.94,8
2023-03-28 13:16:56,3.8,36.19,77.84,92
2023-03-26 23:01:47,3.7,41.32,83.76,18
2023-03-26 17:04:35,3.1,30.68,96.19,10
2023-03-26 00:39:58,3.1,36.35,75.99,10
2023-03-25 23:19:48,3.2,39.46,77.55,20
2023-03-25 19:26:50,3.3,37.5,114.35,9
2023-03-24 17:30:47,3.7,33.54,90.94,10
2023-03-24 10:29:19,3.3,34.38,93.52,10
2023-03-23 18:26:34,4.2,22.61,100.71,10
2023-03-23 16:44:32,3.3,29.12,95.69,10
2023-03-23 15:47:46,3.2,29.37,103.95,8
2023-03-21 09:45:19,4.9,23.51,121.5,10
2023-03-21 02:38:07,3.0,44.28,81.18,17
2023-03-20 06:03:43,3.1,42.56,117.67,10
2023-03-18 02:19:11,4.2,38.39,75.58,142
2023-03-17 21:28:21,3.0,30.78,96.26,10
2023-03-17 18:39:37,4.8,30.78,96.25,10
2023-03-17 09:04:37,3.2,30.52,102.83,8
2023-03-15 17:40:41,3.3,33.89,82.01,10
2023-03-15 14:11:39,3.3,35.07,81.3,10
2023-03-15 11:38:30,3.6,37.8,101.4,10
2023-03-15 10:32:21,4.6,35.2,81.33,10
2023-03-14 22:40:53,3.1,33.28,92.7,9
2023-03-14 04:48:51,3.4,35.12,81.48,10
2023-03-14 02:19:40,3.4,35.19,81.45,8
2023-03-13 21:42:19,3.7,35.09,81.48,10
2023-03-13 17:14:21,3.6,44.36,84.16,10
2023-03-13 11:46:35,3.3,35.06,81.37,25
2023-03-13 07:54:15,3.8,43.48,92.82,10
2023-03-13 07:25:49,3.2,44.82,89.35,11
2023-03-12 23:14:57,3.1,29.43,102.14,11
2023-03-12 19:27:36,3.2,31.92,94.98,10
2023-03-08 13:21:07,3.4,23.84,114.51,8
2023-03-08 05:15:33,4.5,23.84,114.52,10
2023-03-04 18:07:12,3.0,39.66,75.73,22
2023-03-04 17:40:39,3.3,39.68,75.73,22
2023-03-04 12:49:27,3.0,28.42,104.84,8
2023-03-03 09:13:45,3.3,29.87,94.9,10
2023-03-03 00:48:58,4.1,24.52,121.92,11
2023-03-02 21:01:16,3.3,40.89,78.09,10
2023-03-02 19:52:01,3.1,24.24,98.61,10
2023-03-02 16:12:55,3.3,28.34,87.35,10
2023-03-01 23:36:48,3.2,41.22,83.72,11
2023-03-01 01:58:25,3.7,23.86,99.58,10
2023-03-01 00:49:57,3.3,29.62,102.0,8
2023-02-28 22:46:50,4.8,29.63,102.01,8
2023-02-28 03:36:02,3.8,39.5,74.04,10
2023-02-27 07:58:05,5.1,41.87,79.85,10
2023-02-26 14:30:03,3.1,38.26,87.48,20
2023-02-26 00:03:18,4.1,22.43,121.21,12
2023-02-25 08:29:12,3.5,33.78,90.86,10
2023-02-25 08:00:49,3.0,34.0,105.18,12
2023-02-24 11:44:19,3.1,39.38,94.85,10
2023-02-24 10:45:37,3.0,41.04,83.6,10
2023-02-23 23:35:06,3.0,36.18,78.05,85
2023-02-23 20:58:29,3.3,39.59,83.98,40
2023-02-22 18:32:02,3.6,41.89,82.04,30
2023-02-22 18:25:52,4.6,41.89,81.99,26
2023-02-22 01:05:09,3.4,31.68,93.52,25
2023-02-19 13:33:59,3.1,35.35,81.25,10
2023-02-19 02:53:05,3.4,24.32,98.09,10
2023-02-18 23:49:09,4.1,23.73,120.75,23
2023-02-14 14:40:16,3.0,41.14,83.47,15
2023-02-14 03:35:10,3.6,46.62,119.92,16
2023-02-14 02:38:48,4.3,38.96,92.75,10
2023-02-13 18:38:47,3.6,43.78,84.82,18
2023-02-13 01:23:35,3.1,29.66,102.01,12
2023-02-12 11:37:27,3.2,42.26,85.14,10
2023-02-12 08:27:45,3.3,39.93,96.41,11
2023-02-11 20:29:48,3.0,41.22,83.26,10
2023-02-11 19:35:47,4.2,23.4,121.69,29
2023-02-11 17:47:29,3.1,38.28,75.09,122
2023-02-11 10:41:42,4.3,23.76,114.64,11
2023-02-10 15:30:27,3.0,36.17,77.51,85
2023-02-10 00:06:31,3.0,31.94,92.84,10
2023-02-09 21:39:46,3.0,37.59,96.47,10
2023-02-08 18:49:58,4.7,23.35,121.65,30
2023-02-07 14:28:15,3.2,41.3,83.65,15
2023-02-07 10:46:17,3.4,45.01,80.91,23
2023-02-07 04:20:16,4.3,24.28,121.89,20
2023-02-06 05:35:27,3.0,40.53,83.35,23
2023-02-05 11:38:14,3.2,23.27,112.95,8
2023-02-04 22:14:05,3.8,44.4,80.95,20
2023-02-04 19:10:18,3.1,28.36,104.88,11
2023-02-04 15:11:08,3.4,37.77,101.21,9
2023-02-04 11:25:00,3.2,24.45,102.04,10
2023-02-03 20:14:40,4.2,37.03,96.91,10
2023-02-03 20:04:19,4.9,37.02,96.94,10
2023-02-03 20:01:48,3.1,37.02,96.93,10
2023-02-02 10:08:23,3.7,40.87,78.71,10
2023-02-01 17:00:57,3.3,39.84,99.7,11
2023-02-01 02:59:31,3.0,29.62,102.01,12
2023-01-31 05:38:30,3.0,40.21,77.73,10
2023-01-31 04:14:08,3.1,36.49,82.33,10
2023-01-31 01:07:43,4.8,35.85,79.86,10
2023-01-30 23:41:52,3.2,50.99,124.63,11
2023-01-30 07:49:39,6.1,40.01,82.29,50
2023-01-29 07:18:21,3.6,35.83,79.96,10
2023-01-28 15:42:53,3.1,41.4,83.86,11
2023-01-28 07:35:03,3.0,40.43,108.61,12
2023-01-28 03:06:08,3.8,39.56,74.85,10
2023-01-27 18:09:16,3.2,41.24,83.71,15
2023-01-27 07:50:17,3.3,44.23,81.41,22
2023-01-27 01:11:03,3.1,29.63,102.0,8
2023-01-27 00:30:50,3.0,35.8,79.86,10
2023-01-26 17:48:43,3.2,35.76,79.94,10
2023-01-26 17:05:19,3.0,37.53,77.41,23
2023-01-26 07:21:32,4.4,29.63,101.99,14
2023-01-26 05:54:54,3.2,35.75,79.85,10
2023-01-26 05:53:40,3.2,35.69,79.82,10
2023-01-26 05:22:11,3.2,29.64,101.98,8
2023-01-26 05:19:07,3.3,29.66,101.96,10
2023-01-26 04:57:18,4.0,29.65,101.98,10
2023-01-26 04:51:09,3.6,29.61,102.0,11
2023-01-26 04:49:08,3.1,35.73,79.81,10
2023-01-26 04:30:43,3.2,29.62,102.01,12
2023-01-26 03:50:16,4.5,29.66,102.07,10
2023-01-26 03:49:43,5.6,29.63,102.01,11
2023-01-26 00:10:47,3.8,35.79,79.82,10
2023-01-26 00:09:27,3.0,35.73,79.81,10
2023-01-26 00:02:10,4.9,35.83,79.89,10
2023-01-25 21:48:25,3.4,44.83,81.15,21
2023-01-25 21:13:38,3.9,41.22,83.97,10
2023-01-25 04:47:14,3.0,38.08,100.13,9
2023-01-23 06:08:25,3.2,38.48,99.21,9
2023-01-22 22:36:53,3.3,38.57,93.5,9
2023-01-21 00:43:23,3.1,33.66,81.85,10
2023-01-20 09:20:15,3.2,35.84,79.93,10
2023-01-20 07:32:48,3.0,35.79,79.87,10
2023-01-19 20:35:15,3.0,41.02,82.85,20
2023-01-18 19:54:27,3.3,41.25,84.04,8
2023-01-17 17:17:33,3.6,31.71,112.01,8
2023-01-17 17:13:04,3.2,31.71,111.99,8
2023-01-17 00:09:30,3.1,41.12,83.4,18
2023-01-16 19:45:00,3.4,35.81,79.94,8
2023-01-16 19:29:41,3.9,35.79,79.97,8
2023-01-16 05:46:25,3.0,28.11,104.95,10
2023-01-15 21:55:16,3.8,38.4,75.41,140
2023-01-14 22:50:33,3.0,41.21,83.67,11
2023-01-14 16:02:28,4.3,32.92,92.22,9
2023-01-14 15:03:36,3.0,38.94,109.68,0
2023-01-14 13:25:38,3.0,41.82,88.05,9
2023-01-12 17:58:34,3.4,31.71,83.1,10
2023-01-12 14:15:32,3.0,27.11,102.89,10
2023-01-11 15:14:58,3.0,35.64,103.96,8
2023-01-11 11:34:20,3.0,48.32,130.42,21
2023-01-11 04:25:11,3.4,32.11,104.97,14
2023-01-09 20:51:33,3.4,24.26,98.64,10
2023-01-08 23:48:49,3.1,37.79,112.52,10
2023-01-07 19:21:27,4.0,23.54,121.33,14
2023-01-06 08:35:33,3.1,34.72,98.01,10
2023-01-05 21:03:31,3.7,40.19,74.66,10
2023-01-05 12:27:38,4.2,37.91,101.13,10
2023-01-04 13:02:02,3.8,33.23,86.78,10
2023-01-04 11:50:13,3.2,32.06,95.42,9
2023-01-04 05:47:37,3.2,41.22,84.0,13
2023-01-03 01:49:31,3.2,41.24,84.04,10
2023-01-02 16:14:28,3.3,36.13,78.41,107
2023-01-01 21:02:58,4.2,36.77,77.08,101
2023-01-01 17:20:07,3.0,38.87,75.86,37
2022-12-31 17:34:34,3.0,24.28,98.62,8
2022-12-28 21:19:22,3.6,40.16,83.12,100
2022-12-28 16:45:12,3.0,38.88,75.89,35
2022-12-27 20:28:22,3.0,37.32,76.27,111
2022-12-27 11:30:10,4.1,37.74,101.3,10
2022-12-27 06:56:20,4.0,23.84,122.54,10
2022-12-26 16:34:00,3.2,23.18,103.5,10
2022-12-26 09:18:24,3.4,44.82,120.32,15
2022-12-26 00:17:30,3.1,39.25,73.65,15
2022-12-25 20:28:29,3.0,32.72,120.21,14
2022-12-25 12:36:27,3.3,44.19,124.12,10
2022-12-25 09:33:29,3.6,39.53,74.85,11
2022-12-25 02:15:57,3.1,26.85,100.8,16
2022-12-24 05:17:57,4.7,23.08,121.36,11
2022-12-23 22:03:33,3.0,42.53,87.9,18
2022-12-23 04:41:11,3.4,43.36,82.36,22
2022-12-22 12:36:31,4.6,22.48,121.16,7
2022-12-22 10:47:02,5.0,35.56,99.14,9
2022-12-21 01:03:12,3.6,23.86,114.5,8
2022-12-20 17:54:37,3.7,36.85,78.59,20
2022-12-20 10:12:02,3.2,31.84,94.43,10
2022-12-19 03:37:55,3.6,45.0,124.12,12
2022-12-19 01:08:28,3.1,28.43,85.18,10
2022-12-19 00:07:43,3.1,33.43,84.52,10
2022-12-18 21:54:12,3.3,38.37,75.49,139
2022-12-18 21:29:09,3.2,34.57,82.66,10
2022-12-17 22:24:10,4.2,37.64,77.78,20
2022-12-17 17:50:02,3.0,28.21,104.73,8
2022-12-16 16:08:23,3.8,40.14,83.11,21
2022-12-15 12:03:17,5.9,23.73,121.79,10
2022-12-15 07:18:23,4.0,29.3,105.49,8
2022-12-15 00:32:04,3.7,44.83,81.08,20
2022-12-13 13:09:27,3.4,32.35,105.23,17
2022-12-13 08:04:02,4.7,43.54,89.38,15
2022-12-12 22:41:36,3.4,30.78,96.22,10
2022-12-12 20:38:55,3.9,34.41,93.55,10
2022-12-12 19:26:28,3.6,34.38,93.48,10
2022-12-12 01:51:03,4.1,40.57,111.14,10
2022-12-11 16:17:54,3.9,40.36,76.31,32
2022-12-10 23:31:29,3.6,40.27,83.62,19
2022-12-10 21:47:38,4.2,37.76,101.26,10
2022-12-10 18:05:18,3.4,40.87,78.09,10
2022-12-10 15:09:17,3.0,29.64,101.98,10
2022-12-09 04:47:21,3.7,40.24,104.62,15
2022-12-08 00:54:27,5.1,23.77,121.71,30
2022-12-04 18:30:28,3.0,41.3,83.84,10
2022-12-04 05:20:05,3.8,39.88,118.87,10
2022-12-03 19:33:58,3.3,41.28,83.65,10
2022-12-03 14:24:01,4.7,34.27,85.31,10
2022-12-01 12:57:47,3.0,31.35,117.45,8
2022-11-30 12:34:53,3.0,37.65,77.79,22
2022-11-30 04:40:59,3.0,37.65,77.81,10
2022-11-29 19:26:25,3.6,32.48,97.64,10
2022-11-29 14:31:03,4.6,40.41,77.09,10
2022-11-28 03:58:42,4.7,39.72,74.32,13
2022-11-27 10:15:35,3.0,38.95,110.33,0
2022-11-27 01:38:03,4.7,23.83,121.71,30
2022-11-26 15:48:29,3.0,28.76,96.74,10
2022-11-22 12:35:50,4.2,36.28,77.88,80
2022-11-21 22:32:41,3.7,41.94,82.41,11
2022-11-21 19:22:15,3.6,23.42,102.27,10
2022-11-21 08:04:04,3.3,37.67,77.87,20
2022-11-20 09:49:42,4.5,24.63,122.02,51
2022-11-19 18:28:49,3.9,29.65,101.97,10
2022-11-19 01:27:34,5.0,23.37,102.26,8
2022-11-18 21:23:56,4.3,29.62,102.01,14
2022-11-18 19:44:18,4.3,41.33,83.94,15
2022-11-18 19:30:12,3.6,41.32,83.92,14
2022-11-18 14:13:16,3.3,33.58,81.95,10
2022-11-18 07:45:15,3.8,33.69,88.17,9
2022-11-16 23:07:42,4.6,22.39,121.07,10
2022-11-16 11:28:16,4.5,44.08,130.14,600
2022-11-16 10:46:59,4.3,26.46,102.04,16
2022-11-15 19:53:21,4.5,22.41,121.11,10
2022-11-15 18:53:44,3.3,37.67,77.79,21
2022-11-15 11:43:52,4.2,22.38,121.12,18
2022-11-15 04:23:27,3.1,39.61,91.29,10
2022-11-14 12:29:10,3.8,33.09,91.91,9
2022-11-14 07:35:37,3.8,34.06,120.99,18
2022-11-13 20:52:15,3.2,37.69,77.79,24
2022-11-13 09:47:44,5.0,22.44,121.1,10
2022-11-12 07:13:39,4.2,26.93,102.92,10
2022-11-11 16:05:03,3.2,42.86,84.96,15
2022-11-10 14:44:11,3.0,44.01,84.65,10
2022-11-10 13:01:06,5.6,28.35,94.48,10
2022-11-09 18:45:07,3.3,37.6,77.9,19
2022-11-09 15:42:06,4.6,22.8,121.33,10
2022-11-08 16:28:22,3.1,41.16,83.26,23
2022-11-06 21:54:49,3.0,37.67,77.8,21
2022-11-05 16:06:11,3.2,25.35,101.42,9
2022-11-05 12:31:06,3.0,41.27,83.69,10
2022-11-05 05:51:15,3.2,37.66,77.78,23
2022-11-02 17:13:24,4.7,41.68,92.7,10
2022-11-02 06:06:54,4.8,33.18,91.96,9
2022-11-01 21:48:22,4.9,33.11,86.75,10
2022-11-01 16:30:11,4.7,24.74,122.46,100
2022-10-31 16:48:27,4.7,22.84,121.28,10
2022-10-30 06:49:28,3.6,38.88,119.88,14
2022-10-30 02:20:10,3.0,41.27,83.31,17
2022-10-29 09:12:41,3.1,41.1,83.77,10
2022-10-28 23:30:43,4.4,24.64,121.96,60
2022-10-28 04:34:52,3.0,41.78,79.7,12
2022-10-28 03:42:49,3.0,40.12,83.11,17
2022-10-26 23:06:08,3.6,37.7,77.78,21
2022-10-26 15:56:48,3.3,38.78,75.67,19
2022-10-26 05:08:10,3.6,37.66,92.26,10
2022-10-25 20:34:15,3.0,37.76,101.19,10
2022-10-25 12:48:17,3.4,37.69,77.82,20
2022-10-25 08:54:57,3.0,37.64,77.77,23
2022-10-25 05:49:24,3.4,37.67,77.77,23
2022-10-25 04:37:44,3.0,37.67,77.76,21
2022-10-25 03:06:23,3.1,37.65,77.74,20
2022-10-24 14:32:57,3.1,37.68,77.76,24
2022-10-24 14:00:12,3.9,37.7,77.78,19
2022-10-24 08:13:58,3.0,24.26,98.94,9
2022-10-24 06:58:11,3.4,37.66,77.86,21
2022-10-24 02:58:18,3.1,24.27,98.94,9
2022-10-23 23:27:08,3.0,37.7,77.79,22
2022-10-23 23:13:44,3.6,37.64,77.83,23
2022-10-23 23:06:58,5.1,37.71,77.85,17
2022-10-23 22:53:20,4.8,37.7,77.83,17
2022-10-23 20:02:57,3.0,28.1,104.95,8
2022-10-22 13:17:01,5.0,29.61,102.03,12
2022-10-21 03:00:13,3.6,39.25,105.94,15
2022-10-19 17:27:03,3.3,37.02,84.77,10
2022-10-19 17:22:40,4.2,27.94,86.03,10
2022-10-19 12:35:34,5.5,37.69,92.3,11
2022-10-17 21:20:41,4.8,21.63,120.97,10
2022-10-17 16:48:24,3.7,33.58,81.84,10
2022-10-17 12:53:01,3.8,39.42,78.1,12
2022-10-16 23:02:06,4.6,40.17,83.15,22
2022-10-16 18:41:45,3.7,39.43,78.11,17
2022-10-16 17:27:38,3.2,39.47,78.11,22
2022-10-16 16:54:31,5.1,39.42,78.13,17
2022-10-13 15:56:56,3.1,42.34,81.17,10
2022-10-13 07:17:03,3.2,37.69,77.82,19
2022-10-12 18:02:13,3.4,36.91,95.88,10
2022-10-11 10:35:35,3.0,42.16,80.74,10
2022-10-11 03:24:43,5.6,23.93,122.26,20
2022-10-10 20:17:51,4.6,23.63,121.55,23
2022-10-10 18:21:31,3.2,31.36,116.11,9
2022-10-10 10:34:17,3.2,25.42,101.95,9
2022-10-09 16:54:48,3.0,37.67,77.79,20
2022-10-09 10:56:50,3.1,37.67,77.79,19
2022-10-08 13:40:50,3.3,37.65,77.77,24
2022-10-08 07:41:41,3.2,31.89,94.57,10
2022-10-08 00:32:10,3.0,28.77,96.73,10
2022-10-06 01:42:37,3.4,36.92,95.85,11
2022-10-05 03:17:26,3.7,29.39,102.21,18
2022-10-04 20:44:27,3.6,28.91,102.14,15
2022-10-04 13:15:13,3.2,41.81,83.89,13
2022-10-04 07:19:34,3.4,26.97,103.11,8
2022-10-03 05:12:14,4.0,33.3,92.02,10
2022-10-03 04:25:21,4.4,23.48,121.56,21
2022-10-03 01:49:38,4.3,38.35,113.73,10
2022-10-02 22:52:47,3.0,40.01,75.08,15
2022-10-02 22:15:22,3.0,37.6,77.77,30
2022-10-02 20:44:10,3.3,37.67,77.81,17
2022-10-02 20:41:40,3.4,37.63,77.77,21
2022-10-02 20:34:24,3.1,37.69,77.86,14
2022-09-30 22:37:19,4.2,22.84,121.42,15
2022-09-29 18:48:11,3.4,41.01,78.43,10
2022-09-29 17:30:45,3.8,37.64,77.75,25
2022-09-29 04:09:38,3.0,29.91,99.57,11
2022-09-29 00:00:28,3.0,42.73,123.02,0
2022-09-28 11:57:12,3.8,24.33,107.4,10
2022-09-27 19:54:54,3.2,22.5,115.07,24
2022-09-27 11:16:10,3.2,31.9,104.19,12
2022-09-26 20:57:37,3.4,41.18,83.26,14
2022-09-26 20:33:54,3.3,43.99,82.8,16
2022-09-26 12:07:14,3.0,41.27,83.92,10
2022-09-26 08:50:32,3.2,42.21,80.54,8
2022-09-25 08:35:52,3.2,40.16,83.13,10
2022-09-25 08:06:54,3.6,40.13,83.14,16
2022-09-24 22:00:05,3.2,33.6,81.98,10
2022-09-23 22:32:28,3.1,33.71,81.85,15
2022-09-23 10:47:41,4.5,24.78,98.77,9
2022-09-23 06:36:53,3.0,37.52,78.24,20
2022-09-22 14:31:38,3.3,34.24,83.26,10
2022-09-22 02:53:29,3.0,36.08,77.78,14
2022-09-21 20:16:24,3.4,37.49,78.3,22
2022-09-20 22:08:43,3.2,32.53,81.61,10
2022-09-20 18:23:13,3.4,29.9,99.56,11
2022-09-20 03:37:15,3.2,34.71,80.17,9
2022-09-20 00:28:29,3.7,34.67,79.87,10
2022-09-19 20:16:02,3.1,41.33,83.77,15
2022-09-19 10:07:43,5.7,23.42,121.35,10
2022-09-19 04:21:15,3.0,40.03,78.06,20
2022-09-18 23:06:41,3.6,36.08,77.93,10
2022-09-18 20:57:56,3.9,28.86,95.89,10
2022-09-18 17:39:55,5.4,23.28,121.34,10
2022-09-18 16:46:32,4.9,23.14,121.23,15
2022-09-18 14:57:35,4.8,23.09,121.26,10
2022-09-18 14:44:14,6.9,23.15,121.3,10
2022-09-18 14:32:01,5.0,23.17,121.2,10
2022-09-18 13:54:39,4.1,23.1,121.34,10
2022-09-18 13:19:18,5.7,23.09,121.27,12
2022-09-18 10:00:08,4.0,23.05,121.46,8
2022-09-18 09:52:30,4.4,23.04,121.58,9
2022-09-18 09:51:55,4.3,23.12,121.38,10
2022-09-18 02:03:28,4.3,23.06,121.45,10
2022-09-17 22:45:27,5.3,23.1,121.25,10
2022-09-17 22:35:13,4.7,23.1,121.2,10
2022-09-17 21:55:41,4.7,23.1,121.29,10
2022-09-17 21:41:18,6.5,23.05,121.21,10
2022-09-17 15:20:05,3.0,28.32,111.14,0
2022-09-17 12:22:27,3.0,42.35,81.18,8
2022-09-17 02:19:16,3.1,49.82,120.84,18
2022-09-17 00:56:16,3.2,25.29,99.32,9
2022-09-16 12:53:38,3.0,28.28,104.96,8
2022-09-16 06:49:38,4.6,36.13,77.92,10
2022-09-16 02:35:44,3.2,29.91,99.58,11
2022-09-15 21:25:14,3.0,37.01,84.83,10
2022-09-15 16:26:41,3.0,40.43,78.89,10
2022-09-14 09:35:50,4.2,22.46,121.44,16
2022-09-14 04:01:11,3.3,34.38,85.31,8
2022-09-12 21:20:14,3.6,37.75,101.43,10
2022-09-11 04:50:51,3.1,36.02,77.91,10
2022-09-10 16:53:38,3.1,34.74,79.93,10
2022-09-10 13:51:06,3.7,46.08,90.2,13
2022-09-10 10:01:06,3.7,37.74,101.46,9
2022-09-09 11:08:43,3.6,33.6,81.72,10
2022-09-09 08:04:11,3.1,38.45,76.81,20
2022-09-09 02:56:51,3.3,36.08,77.86,10
2022-09-09 01:18:54,3.6,38.49,76.85,19
2022-09-08 15:12:02,3.3,29.78,102.01,10
2022-09-08 09:50:50,3.9,36.01,77.8,8
2022-09-07 19:47:22,3.3,37.49,76.25,98
2022-09-07 09:46:21,3.1,29.42,102.16,9
2022-09-07 08:34:35,3.0,29.5,102.2,12
2022-09-07 05:39:56,3.3,29.8,101.99,8
2022-09-07 05:30:09,3.0,37.76,101.22,8
2022-09-07 02:42:15,4.5,29.42,102.16,11
2022-09-07 01:21:09,3.4,33.81,81.89,10
2022-09-06 17:54:47,3.2,29.61,102.01,8
2022-09-06 16:54:33,3.0,43.72,85.99,10
2022-09-06 12:36:34,3.3,42.22,80.48,10
2022-09-06 08:03:16,3.4,38.49,76.78,23
2022-09-06 05:28:41,3.1,29.64,102.07,11
2022-09-06 05:15:15,3.0,29.42,102.15,9
2022-09-06 01:24:36,3.1,29.39,102.17,16
2022-09-05 21:00:16,3.0,29.39,102.16,15
2022-09-05 19:26:20,3.6,29.48,102.18,15
2022-09-05 18:31:19,3.0,29.43,102.14,11
2022-09-05 17:39:21,3.6,29.37,102.17,17
2022-09-05 13:38:05,3.2,31.91,92.87,10
2022-09-05 13:28:46,3.2,29.58,102.06,12
2022-09-05 13:03:14,3.1,29.61,102.04,9
2022-09-05 12:56:34,4.2,29.4,102.17,15
2022-09-05 12:52:18,6.8,29.59,102.08,16
2022-09-05 08:48:43,4.0,33.77,89.04,10
2022-09-04 13:12:25,3.2,41.12,83.38,17
2022-09-03 10:47:07,3.8,39.87,112.38,11
2022-09-03 08:54:33,3.2,41.28,82.02,30
2022-09-03 01:35:09,4.2,24.03,122.33,15
2022-09-02 01:08:43,3.1,33.33,100.84,10
2022-08-31 17:13:07,3.4,33.64,81.83,10
2022-08-31 14:13:53,3.4,37.38,102.95,11
2022-08-31 13:58:22,3.8,37.36,102.94,13
2022-08-31 00:05:00,3.0,39.96,77.63,10
2022-08-30 03:50:58,3.4,40.17,77.4,24
2022-08-29 20:54:04,3.8,28.75,96.06,10
2022-08-29 20:04:38,3.6,35.07,81.3,10
2022-08-29 04:24:39,3.6,41.98,82.39,10
2022-08-28 15:42:28,3.3,29.92,99.56,14
2022-08-26 16:57:02,3.7,41.46,82.34,15
2022-08-25 08:00:10,3.9,29.07,105.45,10
2022-08-25 01:34:31,3.0,38.47,105.14,15
2022-08-24 12:12:09,3.1,37.49,96.76,10
2022-08-23 19:12:33,3.3,41.8,81.3,17
2022-08-23 18:03:36,3.0,41.83,81.28,19
2022-08-23 08:15:28,3.0,40.16,83.12,17
2022-08-22 12:50:54,3.0,33.2,92.77,10
2022-08-22 06:41:12,3.2,32.02,104.34,16
2022-08-20 12:07:48,4.2,24.08,122.39,19
2022-08-16 10:22:55,4.3,33.14,90.27,10
2022-08-16 10:16:53,3.0,33.04,90.38,10
2022-08-15 21:05:09,4.1,33.12,90.38,10
2022-08-15 16:30:37,4.7,38.43,99.26,8
2022-08-15 05:10:36,4.6,37.85,93.72,10
2022-08-15 04:54:50,3.0,28.35,104.93,8
2022-08-14 17:31:16,3.0,33.11,92.87,9
2022-08-14 17:16:13,3.7,33.14,92.97,9
2022-08-14 16:24:32,3.4,33.17,92.89,10
2022-08-14 16:20:00,5.9,33.14,92.85,10
2022-08-14 04:01:08,3.4,25.61,99.9,9
2022-08-13 13:18:35,3.3,31.21,103.66,10
2022-08-13 10:17:45,3.2,37.12,79.48,25
2022-08-13 01:35:36,3.4,40.88,78.13,10
2022-08-11 23:58:52,3.0,27.23,103.75,15
2022-08-11 11:59:45,3.9,40.15,77.74,14
2022-08-11 09:14:13,3.7,40.88,78.12,10
2022-08-11 01:48:16,3.1,32.85,83.44,10
2022-08-10 22:41:55,3.1,36.04,78.26,100
2022-08-10 02:41:20,3.0,41.94,80.82,18
2022-08-08 11:00:35,3.7,40.92,78.11,10
2022-08-08 05:00:05,3.3,37.76,101.21,9
2022-08-06 04:00:51,3.2,38.98,74.98,10
2022-08-05 21:32:55,3.1,39.67,74.6,9
2022-08-05 21:28:12,4.0,39.64,74.54,15
2022-08-05 18:26:04,3.7,41.3,83.94,12
2022-08-02 23:46:37,3.1,29.16,105.55,10
2022-08-01 16:09:44,4.4,21.23,121.25,20
2022-07-30 13:56:23,3.4,34.35,85.11,10
2022-07-29 00:32:13,3.3,34.77,97.98,10
2022-07-28 12:04:08,3.4,45.05,82.54,25
2022-07-28 08:16:15,4.6,23.09,121.38,15
2022-07-28 05:16:43,3.4,35.06,89.72,10
2022-07-27 15:01:17,3.8,41.26,83.5,13
2022-07-27 05:28:12,3.1,41.81,82.15,18
2022-07-27 00:46:43,3.1,41.83,82.15,18
2022-07-26 11:12:06,3.2,34.59,80.48,10
2022-07-26 07:58:31,3.3,24.46,99.85,8
2022-07-26 04:00:22,3.4,33.72,92.79,10
2022-07-26 03:48:15,3.6,33.68,92.83,10
2022-07-25 05:54:20,3.0,40.86,82.93,25
2022-07-24 14:57:31,3.6,28.22,104.93,8
2022-07-24 08:32:34,4.7,23.24,121.57,28
2022-07-24 02:16:49,3.3,32.19,104.53,10
2022-07-23 18:13:27,3.4,42.63,85.33,18
2022-07-22 08:37:35,3.0,41.76,81.44,13
2022-07-21 22:03:33,3.3,31.35,103.16,15
2022-07-21 12:14:29,3.2,24.39,103.11,10
2022-07-21 04:10:37,3.0,39.74,83.6,11
2022-07-20 20:07:23,3.7,41.17,83.26,22
2022-07-20 10:33:13,4.8,44.46,87.15,23
2022-07-19 05:26:20,3.4,41.32,83.77,10
2022-07-19 00:03:32,3.1,44.31,91.81,10
2022-07-18 14:34:05,3.0,37.77,101.21,9
2022-07-18 09:18:09,3.7,40.24,77.7,22
2022-07-18 03:43:22,4.6,40.16,83.17,25
2022-07-16 15:40:12,3.2,40.37,83.44,17
2022-07-16 13:50:34,3.0,40.35,83.58,20
2022-07-16 13:49:30,3.0,40.36,83.58,19
2022-07-16 09:59:04,3.8,40.93,78.09,8
2022-07-15 23:57:43,3.1,41.38,83.67,12
2022-07-15 01:55:59,3.0,31.78,104.21,14
2022-07-14 18:04:49,3.6,39.97,75.52,20
2022-07-13 12:06:57,3.5,36.0,106.09,16
2022-07-13 02:29:10,3.1,41.93,80.82,12
2022-07-12 18:20:00,3.1,37.54,78.65,14
2022-07-12 17:16:43,3.4,37.75,106.9,15
2022-07-10 19:05:12,3.2,38.64,120.65,10
2022-07-10 09:31:33,3.0,35.67,76.79,10
2022-07-08 20:23:10,3.6,41.8,81.21,15
2022-07-08 20:12:21,3.4,41.8,81.3,13
2022-07-08 12:30:24,3.4,27.72,94.17,10
2022-07-07 12:40:00,3.0,41.74,81.3,11
2022-07-06 19:05:42,3.1,34.46,113.46,10
2022-07-05 13:08:23,4.0,38.73,73.76,100
2022-07-05 12:18:19,3.2,32.26,101.78,11
2022-07-05 12:15:58,3.2,32.26,101.77,11
2022-07-05 01:40:59,3.0,37.47,78.61,18
2022-07-04 22:59:57,3.7,40.93,78.09,10
2022-07-04 18:37:16,4.4,36.76,83.43,10
2022-07-03 10:26:07,3.0,40.94,78.1,10
2022-07-03 06:02:11,5.2,40.88,78.14,10
2022-07-03 03:40:20,3.2,40.88,78.18,10
2022-07-03 03:32:31,4.3,40.87,78.18,10
2022-07-03 00:39:30,3.4,37.47,78.56,10
2022-07-02 05:58:51,3.3,37.57,78.56,9
2022-07-02 04:13:11,5.1,37.59,78.6,10
2022-07-01 08:37:54,3.0,41.04,83.62,10
2022-06-30 05:51:21,3.4,40.1,77.31,22
2022-06-29 21:48:46,3.1,36.76,77.03,90
2022-06-28 21:43:30,5.3,22.18,120.11,20
2022-06-28 21:34:59,4.8,22.18,120.12,20
2022-06-28 12:05:37,3.0,39.93,83.63,10
2022-06-28 06:03:23,4.5,22.09,120.2,34
2022-06-28 04:07:01,4.7,22.08,120.13,25
2022-06-27 16:22:03,3.9,41.7,81.15,10
2022-06-27 02:51:41,3.1,33.49,121.19,19
2022-06-27 00:45:55,4.1,23.71,121.55,10
2022-06-26 13:21:52,3.0,36.11,77.46,10
2022-06-25 21:34:34,4.9,23.63,121.46,7
2022-06-25 10:27:18,4.5,23.61,121.48,10
2022-06-24 06:32:21,4.9,24.13,122.33,8
2022-06-24 04:21:21,4.2,23.59,121.5,10
2022-06-24 02:27:37,5.1,41.73,90.67,25
2022-06-23 05:02:43,4.2,23.63,121.53,10
2022-06-22 06:44:07,3.0,32.27,101.82,11
2022-06-20 12:15:15,4.1,23.66,121.56,10
2022-06-20 09:39:43,4.5,23.73,121.5,10
2022-06-20 09:05:07,5.9,23.66,121.52,10
2022-06-20 06:40:52,4.4,27.21,103.75,12
2022-06-19 05:09:29,3.4,41.79,81.26,10
2022-06-18 23:16:06,3.3,41.89,82.28,16
2022-06-18 10:32:21,3.2,35.95,77.92,8
2022-06-18 08:11:38,3.0,39.71,74.28,10
2022-06-17 05:08:42,3.1,22.19,100.86,8
2022-06-17 03:19:08,4.7,42.48,87.99,22
2022-06-17 01:40:53,3.1,37.14,78.32,15
2022-06-16 23:31:16,3.2,36.19,103.42,14
2022-06-16 10:04:32,3.9,43.85,88.54,23
2022-06-15 14:11:39,3.2,29.36,104.07,12
2022-06-14 18:11:10,4.4,32.25,101.79,11
2022-06-14 01:53:32,3.5,34.98,84.78,10
2022-06-13 23:06:46,3.7,37.84,75.24,10
2022-06-13 15:43:19,3.3,41.15,83.52,15
2022-06-13 14:19:04,3.8,34.26,85.37,10
2022-06-13 13:49:44,3.0,37.84,75.22,10
2022-06-13 09:28:58,3.3,32.2,101.83,12
2022-06-13 06:31:02,4.4,35.59,84.09,13
2022-06-13 00:51:23,3.1,32.29,101.79,8
2022-06-12 23:40:00,3.1,23.55,99.17,20
2022-06-12 08:06:47,3.0,35.93,77.86,8
2022-06-11 02:26:22,3.0,36.15,77.87,11
2022-06-10 07:49:21,3.0,32.28,101.79,12
2022-06-10 05:45:34,3.2,32.31,101.87,10
2022-06-10 04:54:32,3.9,32.31,101.81,17
2022-06-10 04:37:26,4.4,32.23,101.84,12
2022-06-10 04:35:39,3.0,32.28,101.82,19
2022-06-10 03:27:00,5.2,32.24,101.85,15
2022-06-10 01:28:34,6.0,32.25,101.82,13
2022-06-10 00:21:17,4.4,32.28,101.79,10
2022-06-10 00:19:44,3.4,32.25,101.79,15
2022-06-10 00:06:44,4.1,32.26,101.79,10
2022-06-10 00:03:24,5.8,32.27,101.82,10
2022-06-09 23:43:00,3.0,32.07,96.62,10
2022-06-09 19:20:47,3.0,35.95,77.82,10
2022-06-09 11:00:59,3.6,36.65,105.24,12
2022-06-08 21:08:46,3.0,35.97,77.83,10
2022-06-08 19:08:21,3.0,35.96,77.79,10
2022-06-08 17:25:26,3.4,35.98,77.82,10
2022-06-08 14:54:59,3.2,35.99,77.83,10
2022-06-08 14:52:24,5.0,36.09,77.78,10
2022-06-07 16:23:52,3.3,38.02,87.26,10
2022-06-07 09:57:54,5.4,25.58,123.53,210
2022-06-07 04:56:30,3.6,39.45,75.02,8
2022-06-05 20:46:32,3.6,39.65,74.59,10
2022-06-05 07:55:56,3.0,39.67,74.6,8
2022-06-05 03:14:50,3.1,37.83,120.89,8
2022-06-05 03:00:40,3.2,39.66,74.6,10
2022-06-04 16:06:54,3.0,37.3,105.51,11
2022-06-04 12:43:52,3.0,34.54,96.63,10
2022-06-02 07:48:08,3.2,30.39,102.91,18
2022-06-01 17:03:09,4.5,30.37,102.92,18
2022-06-01 17:00:08,6.1,30.37,102.94,17
2022-06-01 16:21:08,3.8,26.27,99.92,12
2022-06-01 14:53:44,3.1,34.45,98.99,8
2022-05-31 12:15:15,3.3,32.26,91.88,10
2022-05-28 00:52:57,3.0,38.94,92.68,10
2022-05-27 20:04:15,3.0,27.21,100.34,14
2022-05-27 04:51:01,3.1,43.59,86.58,18
2022-05-26 20:43:17,3.6,32.24,91.86,10
2022-05-26 15:48:46,4.8,32.25,91.89,10
2022-05-26 13:10:22,3.6,32.56,96.61,10
2022-05-25 13:46:16,3.3,33.5,93.0,11
2022-05-25 04:52:49,3.0,41.41,83.84,10
2022-05-24 10:04:36,3.2,34.55,96.58,10
2022-05-24 05:42:16,3.2,34.52,96.62,9
2022-05-24 03:11:02,3.8,34.51,96.62,10
2022-05-23 09:40:10,3.3,39.18,123.82,10
2022-05-23 05:40:01,3.0,41.32,83.44,16
2022-05-22 06:03:44,3.0,47.42,86.37,10
2022-05-22 03:07:36,3.0,28.44,104.75,8
2022-05-21 16:05:30,3.6,39.95,118.98,8
2022-05-20 22:12:06,3.1,40.52,82.64,8
2022-05-20 08:36:36,4.8,29.67,102.48,20
2022-05-20 05:34:53,3.0,39.0,103.15,10
2022-05-18 10:09:49,3.2,39.26,113.22,10
2022-05-17 21:05:07,3.1,29.14,105.55,8
2022-05-17 18:47:32,3.6,32.18,95.58,10
2022-05-16 23:16:20,3.3,39.27,113.22,13
2022-05-16 20:59:47,3.0,39.28,113.2,15
2022-05-15 03:48:03,3.9,40.32,76.6,19
2022-05-13 22:04:14,3.1,41.24,83.29,16
2022-05-13 15:45:12,3.0,38.5,97.41,10
2022-05-13 06:37:29,3.2,24.94,98.74,13
2022-05-11 04:16:14,4.4,39.3,120.78,10
2022-05-09 15:51:49,3.4,40.45,82.72,10
2022-05-09 15:45:49,4.9,23.92,122.69,15
2022-05-09 14:23:02,6.2,24.01,122.51,16
2022-05-09 06:28:52,3.1,32.41,95.88,10
2022-05-08 19:59:47,4.1,31.89,104.46,8
2022-05-06 05:10:36,3.4,26.05,99.88,8
2022-05-05 12:02:09,4.0,40.75,105.63,10
2022-05-03 09:33:42,3.3,41.21,83.28,16
2022-05-03 01:23:38,3.4,39.94,106.85,15
2022-05-02 07:53:27,3.4,36.55,118.27,8
2022-05-01 21:52:59,3.4,36.02,77.93,10
2022-04-30 03:43:45,3.8,41.21,83.73,10
2022-04-30 01:23:47,4.2,27.77,100.63,8
2022-04-29 02:52:24,3.1,40.69,114.11,15
2022-04-27 08:50:43,3.7,41.11,83.45,16
2022-04-27 05:45:17,3.0,40.83,78.64,8
2022-04-27 01:59:40,3.1,37.67,75.85,90
2022-04-25 13:05:39,3.9,40.47,83.31,10
2022-04-24 17:23:42,3.9,36.84,77.11,97
2022-04-24 01:53:47,4.0,24.66,121.75,50
2022-04-23 22:07:01,3.9,37.72,101.48,10
2022-04-23 04:11:02,3.0,34.21,88.16,10
2022-04-23 01:42:06,3.0,41.12,83.43,20
2022-04-22 21:20:18,3.6,36.77,77.25,105
2022-04-22 12:36:52,3.2,29.94,102.0,8
2022-04-20 21:44:19,3.0,28.1,104.73,8
2022-04-19 07:25:53,3.5,21.87,111.72,12
2022-04-18 19:38:37,4.7,21.41,121.02,30
2022-04-18 05:27:47,3.0,42.85,81.79,10
2022-04-18 01:35:12,3.3,33.01,103.95,18
2022-04-17 03:05:16,3.4,39.31,77.27,20
2022-04-17 00:29:23,3.1,43.8,89.03,10
2022-04-17 00:18:37,4.1,27.75,100.61,8
2022-04-16 08:32:13,4.6,27.78,100.62,9
2022-04-15 21:11:01,3.9,28.11,104.71,8
2022-04-15 09:26:14,5.4,38.52,97.33,10
2022-04-15 03:06:59,4.4,23.77,121.5,8
2022-04-12 22:15:08,3.0,31.72,103.44,9
2022-04-12 08:34:25,3.6,43.57,91.7,12
2022-04-12 03:15:31,4.8,21.45,121.07,15
2022-04-11 21:47:29,5.1,21.62,120.97,18
2022-04-10 00:43:47,4.4,21.54,120.95,8
2022-04-09 18:17:10,3.2,40.77,83.38,10
2022-04-09 05:38:07,3.2,34.47,99.04,9
2022-04-09 03:19:31,4.8,21.63,120.93,15
2022-04-08 11:29:58,3.2,25.55,100.05,11
2022-04-08 07:36:11,5.3,21.67,121.0,10
2022-04-07 23:58:22,3.2,42.09,88.09,10
2022-04-07 11:40:59,4.1,23.01,121.47,18
2022-04-07 05:54:49,4.1,28.12,105.15,8
2022-04-06 21:07:55,3.4,27.77,100.63,10
2022-04-06 12:54:04,4.1,37.68,76.03,118
2022-04-06 07:50:05,5.1,28.22,105.03,10
2022-04-06 06:37:12,3.3,41.15,83.44,10
2022-04-05 02:56:55,3.1,41.1,83.42,16
2022-04-04 21:58:32,3.0,29.36,104.07,13
2022-04-04 07:05:22,3.4,39.53,77.01,25
2022-04-03 01:53:46,3.6,36.0,77.84,10
2022-04-02 03:35:58,3.0,30.8,96.24,7
2022-04-01 17:27:56,3.2,29.33,105.5,8
2022-04-01 08:00:53,3.0,44.32,80.79,10
2022-03-31 18:16:02,3.2,29.29,105.49,10
2022-03-31 18:05:22,3.4,33.77,91.67,9
2022-03-31 05:59:09,3.0,28.35,104.87,10
2022-03-30 18:14:40,3.8,36.01,77.89,8
2022-03-30 11:52:28,3.7,27.0,103.26,10
2022-03-29 09:59:33,3.7,36.12,77.95,10
2022-03-29 09:44:15,3.2,42.18,83.51,10
2022-03-29 05:25:09,4.3,30.03,103.41,10
2022-03-28 22:10:00,3.2,40.44,83.49,10
2022-03-28 17:00:26,4.3,23.09,121.32,13
2022-03-28 06:21:47,3.0,42.88,87.68,14
2022-03-28 05:47:17,3.4,38.51,97.4,10
2022-03-26 02:50:03,4.9,38.47,97.37,10
2022-03-26 01:52:47,3.1,38.51,97.3,10
2022-03-26 01:05:08,4.1,38.51,97.34,10
2022-03-26 00:49:45,3.3,38.51,97.33,10
2022-03-26 00:49:11,3.1,38.47,97.32,10
2022-03-26 00:44:58,3.2,38.47,97.33,10
2022-03-26 00:33:34,3.9,38.52,97.32,10
2022-03-26 00:28:40,4.3,38.47,97.34,10
2022-03-26 00:21:02,6.0,38.5,97.33,10
2022-03-25 15:09:42,3.1,36.09,77.89,9
2022-03-24 08:38:24,5.2,23.24,121.58,24
2022-03-24 08:38:13,4.2,23.45,121.54,19
2022-03-24 04:45:30,4.1,23.59,121.48,10
2022-03-23 23:04:26,3.0,41.77,88.45,10
2022-03-23 05:41:06,4.3,23.31,121.55,15
2022-03-23 04:29:57,5.7,23.39,121.52,20
2022-03-23 03:35:02,5.2,23.44,121.6,15
2022-03-23 02:37:49,4.7,23.43,121.55,30
2022-03-23 02:11:33,4.1,23.38,121.52,20
2022-03-23 01:43:27,5.7,23.5,121.4,20
2022-03-23 01:41:38,6.6,23.45,121.55,20
2022-03-23 01:06:55,4.5,22.12,121.37,19
2022-03-22 15:28:22,3.1,39.68,95.68,12
2022-03-22 14:22:56,3.0,36.85,77.03,82
2022-03-22 07:09:10,4.7,23.96,122.36,17
2022-03-22 06:08:46,3.0,35.08,102.71,8
2022-03-21 17:05:32,3.3,37.71,101.45,10
2022-03-21 04:39:39,3.2,41.26,83.49,10
2022-03-20 13:52:32,3.1,26.11,98.72,9
2022-03-20 12:36:33,3.6,34.24,87.76,10
2022-03-19 23:23:43,4.6,23.66,120.7,25
2022-03-19 19:09:43,3.1,33.56,118.15,15
2022-03-19 03:19:07,3.8,40.11,103.25,15
2022-03-19 00:45:19,3.6,33.77,104.63,14
2022-03-18 12:54:21,3.4,34.35,90.27,11
2022-03-18 01:34:59,3.3,36.04,77.81,9
2022-03-18 01:31:13,3.1,36.05,77.79,9
2022-03-17 21:41:18,5.2,36.1,77.86,10
2022-03-17 08:26:03,5.1,39.02,97.66,9
2022-03-17 06:11:58,3.2,40.45,83.51,10
2022-03-16 14:10:12,3.7,36.14,77.91,10
2022-03-16 11:41:24,3.4,36.01,77.79,8
2022-03-16 02:44:35,4.3,45.25,124.75,10
2022-03-15 21:10:59,3.6,37.76,101.23,10
2022-03-15 14:36:35,3.3,45.48,84.77,17
2022-03-15 10:51:00,3.0,29.9,94.89,10
2022-03-15 07:50:22,3.7,43.45,82.97,10
2022-03-14 14:47:04,3.7,36.23,77.18,8
2022-03-14 02:28:48,4.1,22.51,115.04,25
2022-03-13 18:24:57,3.0,29.9,94.91,10
2022-03-12 04:33:03,3.0,35.95,77.84,9
2022-03-11 17:48:31,3.3,41.26,83.9,11
2022-03-11 03:28:53,3.0,36.19,77.95,20
2022-03-10 02:40:33,3.9,37.71,101.46,9
2022-03-09 20:22:12,5.1,23.21,121.58,30
2022-03-08 04:36:46,3.4,35.91,77.87,9
2022-03-07 22:35:25,4.2,37.73,101.44,9
2022-03-06 15:17:17,3.6,41.24,83.28,22
2022-03-06 08:13:36,3.2,39.53,76.98,22
2022-03-05 22:43:03,4.5,22.34,101.65,6
2022-03-05 13:02:49,3.0,30.79,96.27,10
2022-03-04 12:07:53,3.9,33.57,81.64,10
2022-03-04 12:04:09,3.4,33.61,81.54,10
2022-03-03 16:47:04,3.4,29.9,94.94,10
2022-03-03 16:19:03,3.5,29.83,94.99,10
2022-03-02 09:10:16,3.2,35.77,95.92,9
2022-03-02 08:18:45,4.8,35.74,95.87,9
2022-03-01 03:54:11,4.3,39.37,79.24,10
2022-02-28 03:52:16,4.6,41.87,88.12,10
2022-02-27 17:59:54,3.0,34.53,105.17,12
2022-02-27 16:52:25,3.0,31.9,94.61,6
2022-02-27 12:23:16,3.0,39.71,74.93,15
2022-02-25 07:49:53,3.0,40.68,89.32,7
2022-02-25 06:41:11,3.1,41.56,80.19,7
2022-02-24 19:41:28,3.1,40.53,110.9,10
2022-02-24 16:56:22,3.4,41.19,83.28,8
2022-02-24 12:58:52,3.0,39.35,117.93,15
2022-02-24 02:00:28,3.4,37.78,101.17,9
2022-02-22 10:40:14,4.1,40.99,83.13,12
2022-02-22 06:46:01,3.7,34.48,99.03,10
2022-02-21 20:31:00,3.7,38.75,82.0,23
2022-02-21 07:09:47,3.1,30.76,96.21,10
2022-02-20 18:49:42,4.1,23.98,122.54,16
2022-02-20 09:14:22,3.6,34.36,101.25,10
2022-02-20 08:27:27,3.6,37.96,112.1,9
2022-02-20 06:49:18,3.8,34.24,101.3,10
2022-02-20 00:47:06,3.1,29.9,94.91,10
2022-02-19 12:43:28,3.5,33.14,86.75,10
2022-02-18 05:12:15,4.3,38.68,90.69,10
2022-02-16 20:27:01,3.0,23.4,100.08,8
2022-02-16 18:55:48,3.1,40.8,82.67,24
2022-02-15 19:32:37,3.6,43.61,83.96,12
2022-02-15 10:05:42,3.4,41.18,83.28,7
2022-02-15 07:05:59,3.1,36.23,77.24,8
2022-02-15 06:47:04,3.4,40.99,83.13,15
2022-02-15 00:44:30,3.4,42.2,80.52,10
2022-02-14 16:00:07,3.3,40.02,75.48,22
2022-02-13 12:34:51,3.0,40.97,83.07,10
2022-02-12 06:57:00,3.0,40.29,83.28,22
2022-02-12 00:43:09,5.4,24.01,122.44,10
2022-02-11 20:51:29,4.1,24.01,122.29,20
2022-02-10 15:36:38,4.1,25.56,100.04,12
2022-02-10 04:11:29,4.0,35.56,88.07,17
2022-02-08 18:43:04,3.0,40.59,82.86,20
2022-02-08 05:37:30,3.5,33.22,84.46,15
2022-02-07 18:58:24,5.1,24.39,122.01,34
2022-02-07 06:00:20,3.0,23.84,114.51,8
2022-02-07 01:29:11,3.6,30.75,96.19,15
2022-02-06 21:48:49,3.6,36.97,115.43,8
2022-02-05 22:13:34,3.3,34.32,117.03,10
2022-02-04 17:30:28,3.0,31.79,85.0,10
2022-02-03 22:33:23,3.1,37.0,79.78,24
2022-02-03 02:26:29,3.7,37.75,101.41,10
2022-02-02 09:00:22,3.2,33.19,95.05,11
2022-02-02 07:13:09,4.1,33.2,95.05,11
2022-02-01 23:13:26,3.1,36.95,79.76,23
2022-02-01 06:01:28,4.0,31.91,104.27,10
2022-01-30 21:46:59,3.3,35.25,106.6,10
2022-01-30 12:12:30,3.3,33.2,84.88,10
2022-01-29 22:00:14,3.1,41.77,80.2,10
2022-01-29 13:18:37,3.7,28.33,104.96,9
2022-01-28 20:35:05,3.1,30.27,96.88,10
2022-01-28 02:32:50,3.1,41.96,81.13,10
2022-01-27 07:31:20,3.1,41.87,81.88,15
2022-01-26 17:52:48,3.1,45.36,117.32,15
2022-01-26 15:33:02,3.3,41.14,83.73,14
2022-01-25 22:35:53,4.3,24.64,121.98,46
2022-01-25 10:51:14,3.7,29.0,95.01,15
2022-01-24 20:13:01,3.2,40.11,77.85,18
2022-01-23 20:24:14,3.1,26.62,105.15,10
2022-01-23 11:58:51,3.7,38.4,97.35,9
2022-01-23 10:21:17,5.8,38.44,97.37,8
2022-01-23 05:57:45,3.0,39.24,112.25,13
2022-01-21 23:18:05,3.6,28.63,95.61,10
2022-01-21 22:05:23,3.2,37.0,79.79,23
2022-01-20 05:52:37,4.0,32.34,105.13,10
2022-01-18 18:26:34,3.0,35.16,81.1,10
2022-01-18 06:59:30,4.8,29.15,94.28,50
2022-01-16 16:15:40,4.9,24.17,122.27,30
2022-01-15 19:19:42,3.6,26.99,100.08,9
2022-01-15 16:19:48,3.0,26.99,100.07,8
2022-01-15 11:09:04,3.3,26.95,102.91,11
2022-01-14 05:14:15,3.2,37.8,77.8,21
2022-01-13 00:17:59,4.0,37.76,101.42,8
2022-01-12 22:05:19,3.0,38.89,75.93,18
2022-01-12 21:01:53,4.5,37.69,101.49,8
2022-01-12 20:16:17,4.8,37.75,101.42,10
2022-01-12 18:20:40,5.2,37.69,101.49,10
2022-01-12 08:02:26,3.2,28.97,102.34,25
2022-01-12 05:06:55,3.6,37.78,101.2,10
2022-01-11 02:06:26,3.0,33.45,85.28,19
2022-01-10 18:20:37,3.1,28.39,104.86,8
2022-01-10 18:08:18,3.0,37.8,101.18,10
2022-01-10 15:21:24,3.2,37.76,101.42,10
2022-01-10 06:18:07,3.1,37.75,101.19,10
2022-01-10 04:36:45,3.0,28.38,104.94,8
2022-01-10 00:10:21,3.3,40.49,83.58,17
2022-01-09 13:50:49,3.4,37.75,101.25,10
2022-01-09 00:44:42,3.2,37.78,101.4,10
2022-01-08 14:30:05,4.0,37.77,101.15,10
2022-01-08 11:10:38,3.2,32.84,89.58,10
2022-01-08 11:07:35,3.2,37.77,101.35,7
2022-01-08 10:06:21,3.4,37.76,101.41,7
2022-01-08 06:53:03,3.1,37.75,101.21,10
2022-01-08 04:45:22,3.3,37.75,101.19,12
2022-01-08 04:18:36,3.1,37.71,101.45,12
2022-01-08 02:33:53,3.4,37.77,101.27,12
2022-01-08 02:09:05,5.1,37.78,101.24,12
2022-01-08 01:59:03,3.0,37.76,101.2,12
2022-01-08 01:55:19,4.1,37.75,101.24,10
2022-01-08 01:45:27,6.9,37.77,101.26,10
2022-01-08 01:08:41,3.3,28.41,104.8,10
2022-01-06 22:05:06,3.4,39.21,96.74,13
2022-01-06 12:52:18,3.0,40.46,76.89,23
2022-01-06 09:50:29,3.1,42.12,82.15,20
2022-01-05 21:11:33,4.1,23.88,122.56,10
2022-01-05 17:52:49,3.9,27.79,100.66,13
2022-01-05 01:35:42,3.8,44.17,82.08,18
2022-01-04 18:24:36,3.6,40.77,82.63,10
2022-01-04 12:45:03,4.8,43.36,82.13,21
2022-01-04 07:17:26,4.8,24.02,122.35,14
2022-01-03 17:46:34,6.4,24.0,122.39,15
2022-01-03 08:28:06,4.1,34.3,88.22,10
2022-01-02 15:02:06,5.5,27.79,100.65,10
2021-12-30 14:47:07,5.1,23.9,122.5,20
2021-12-30 05:30:22,4.9,36.92,94.67,10
2021-12-28 15:14:31,3.3,43.37,82.65,13
2021-12-26 15:38:19,3.9,39.98,82.98,20
2021-12-26 02:25:27,3.2,31.17,82.9,10
2021-12-24 15:58:29,3.2,26.05,102.22,8
2021-12-22 21:46:16,4.2,31.76,120.0,10
2021-12-22 06:36:58,3.0,29.13,95.68,10
2021-12-21 18:59:31,3.8,23.14,120.5,19
2021-12-21 10:18:33,3.3,31.82,101.26,12
2021-12-21 01:55:08,3.3,27.11,102.87,8
2021-12-19 07:54:28,5.3,38.95,92.73,10
2021-12-19 07:23:02,3.2,43.99,82.71,13
2021-12-18 03:00:51,3.0,32.38,105.04,16
2021-12-17 14:54:38,4.4,43.43,88.82,25
2021-12-16 08:05:48,3.0,31.79,87.96,21
2021-12-15 04:07:12,3.5,28.59,87.41,10
2021-12-14 20:32:14,3.0,28.89,95.79,20
2021-12-13 10:03:19,3.2,39.94,77.16,10
2021-12-12 14:11:21,3.0,29.26,105.44,8
2021-12-12 14:06:18,3.2,29.26,105.44,8
2021-12-12 06:54:02,3.0,27.34,101.94,11
2021-12-11 08:38:58,3.3,34.84,80.86,10
2021-12-10 19:25:39,3.7,28.12,105.14,8
2021-12-10 12:36:02,3.2,37.1,89.36,10
2021-12-10 01:36:32,3.3,34.22,85.23,10
2021-12-08 17:18:58,3.8,33.48,121.14,15
2021-12-08 12:23:19,3.2,28.77,87.35,10
2021-12-08 02:59:27,3.7,34.05,90.99,10
2021-12-07 19:44:18,3.0,22.72,109.03,10
2021-12-06 21:05:51,4.5,24.92,122.02,90
2021-12-06 14:26:52,4.7,34.21,100.58,9
2021-12-05 09:48:05,3.9,37.08,89.28,9
2021-12-05 09:43:09,3.9,37.15,89.38,8
2021-12-04 12:08:46,3.0,37.32,89.29,10
2021-12-03 10:38:29,3.7,41.62,82.39,23
2021-12-03 01:40:44,3.3,31.18,90.63,10
2021-12-01 16:30:49,3.5,31.75,87.77,10
2021-12-01 05:39:33,4.2,28.34,104.97,9
2021-11-30 21:53:43,5.8,31.76,87.94,10
2021-11-29 20:43:22,3.2,37.34,94.61,8
2021-11-29 17:46:36,3.4,40.88,107.3,10
2021-11-29 14:46:01,4.1,41.16,83.43,18
2021-11-29 05:52:43,3.5,34.39,99.1,10
2021-11-27 20:38:31,3.0,41.96,85.82,7
2021-11-26 23:24:00,3.3,29.65,104.69,8
2021-11-24 17:55:18,4.8,24.03,122.33,20
2021-11-24 17:16:40,4.6,26.87,106.68,10
2021-11-24 06:32:57,3.1,41.17,83.48,10
2021-11-23 03:13:39,3.0,28.17,104.98,8
2021-11-23 03:04:23,3.0,32.62,112.95,5
2021-11-22 14:43:21,3.3,40.8,82.73,20
2021-11-21 18:51:00,4.6,28.45,104.79,11
2021-11-21 13:52:17,3.3,39.87,75.31,25
2021-11-20 16:52:25,3.1,41.29,83.62,10
2021-11-20 07:28:10,3.1,36.18,77.75,89
2021-11-20 04:56:12,3.0,28.15,104.76,8
2021-11-18 20:42:53,4.0,38.0,106.27,19
2021-11-18 05:04:06,3.1,33.83,100.53,10
2021-11-17 23:36:20,4.7,28.14,104.75,13
2021-11-17 15:39:10,3.1,28.22,104.96,10
2021-11-17 13:54:29,5.0,33.5,121.19,17
2021-11-17 10:25:34,4.7,24.8,122.25,10
2021-11-16 07:15:07,3.9,39.39,93.75,12
2021-11-15 09:21:39,3.3,32.67,90.42,25
2021-11-14 21:05:15,4.8,24.58,122.02,50
2021-11-12 09:50:55,4.3,28.08,105.09,10
2021-11-11 21:06:45,3.9,37.66,77.61,10
2021-11-10 16:39:51,3.9,29.59,104.69,8
2021-11-10 02:24:11,4.2,23.94,122.45,9
2021-11-09 03:35:27,3.8,38.18,93.79,6
2021-11-08 16:18:39,3.0,37.01,84.43,10
2021-11-08 03:10:12,3.0,41.14,83.43,10
2021-11-07 09:35:59,3.0,32.08,111.07,8
2021-11-06 02:51:27,3.1,38.33,89.31,9
2021-11-05 09:48:30,4.2,28.73,87.44,10
2021-11-05 02:48:26,3.1,41.24,83.54,7
2021-11-02 12:01:10,3.7,33.49,84.62,10
2021-11-01 21:48:41,3.6,40.34,77.26,13
2021-11-01 20:29:12,3.1,43.1,87.95,10
2021-11-01 02:42:54,3.2,38.62,102.02,10
2021-10-30 00:37:14,3.1,36.13,77.72,7
2021-10-27 01:47:01,4.7,42.34,83.88,9
2021-10-26 11:30:33,3.1,33.36,92.12,10
2021-10-24 13:11:34,6.3,24.55,121.8,60
2021-10-23 18:24:54,3.0,38.15,93.79,10
2021-10-23 11:16:03,4.9,24.09,121.69,10
2021-10-22 17:19:16,3.4,25.73,100.0,8
2021-10-21 08:12:22,4.2,43.77,84.15,11
2021-10-20 04:46:33,3.0,46.55,90.07,15
2021-10-18 18:32:16,3.8,28.54,87.41,10
2021-10-18 13:49:17,4.3,24.22,121.76,31
2021-10-18 10:20:56,3.2,29.26,103.99,8
2021-10-18 08:41:14,3.1,29.25,103.93,10
2021-10-18 08:37:00,4.3,29.26,103.96,10
2021-10-17 05:42:09,3.4,41.25,83.76,11
2021-10-15 18:35:39,3.0,28.64,87.43,10
2021-10-15 05:10:03,4.7,44.2,120.24,10
2021-10-15 00:52:52,3.0,36.71,77.01,93
2021-10-14 17:49:59,3.9,39.66,92.42,8
2021-10-14 08:04:20,4.1,33.67,91.86,10
2021-10-14 05:06:43,3.2,29.68,106.3,10
2021-10-14 01:09:55,3.1,41.96,83.92,12
2021-10-13 14:02:42,4.1,41.91,83.4,21
2021-10-13 04:24:17,3.0,30.31,94.78,10
2021-10-12 18:48:36,3.6,41.17,83.49,10
2021-10-12 18:37:17,3.2,40.53,123.06,5
2021-10-12 17:31:38,3.0,43.39,86.95,13
2021-10-12 08:31:50,3.7,30.34,94.83,10
2021-10-11 23:40:04,3.0,40.18,75.96,9
2021-10-11 00:29:36,3.1,30.37,94.88,10
2021-10-10 09:48:51,3.6,30.29,94.85,10
2021-10-10 01:56:01,3.1,41.97,82.38,10
2021-10-09 13:36:51,3.9,30.3,94.86,10
2021-10-09 10:45:21,3.4,41.99,83.88,10
2021-10-09 07:53:34,3.8,35.79,82.41,17
2021-10-09 04:38:28,3.0,31.91,95.08,10
2021-10-08 12:40:54,3.7,33.65,89.59,10
2021-10-08 12:37:53,3.3,33.65,89.47,10
2021-10-07 21:16:24,4.3,44.43,92.85,9
2021-10-07 13:32:19,3.7,34.81,97.6,10
2021-10-07 13:07:35,3.3,32.65,93.05,10
2021-10-06 07:27:52,3.6,30.36,94.84,10
2021-10-05 10:38:15,3.8,30.3,94.87,10
2021-10-05 03:40:57,3.1,37.77,77.84,26
2021-10-04 14:07:50,4.6,24.86,122.27,10
2021-10-04 12:29:34,3.3,32.69,92.88,10
2021-10-04 11:24:19,4.0,30.41,94.82,10
2021-10-04 02:44:02,3.6,32.63,93.05,10
2021-10-02 21:21:49,3.2,29.64,104.68,11
2021-10-02 12:45:22,3.6,30.35,94.92,10
2021-10-02 06:48:38,3.1,29.25,103.96,10
2021-10-01 21:40:05,3.2,28.46,104.83,8
2021-10-01 21:01:56,3.6,30.3,94.85,10
2021-10-01 11:49:24,3.9,30.34,94.9,10
2021-10-01 06:57:33,3.3,41.23,83.71,17
2021-09-29 11:33:55,4.2,33.79,89.36,10
2021-09-29 06:56:19,3.1,37.0,105.52,5
2021-09-28 13:43:30,3.0,40.15,75.63,20
2021-09-28 13:26:07,3.1,34.3,90.92,10
2021-09-27 15:01:28,3.1,37.78,77.8,21
2021-09-27 11:19:17,3.0,29.29,105.45,9
2021-09-27 01:22:18,3.7,42.21,81.62,8
2021-09-27 01:07:54,3.8,42.21,81.61,6
2021-09-26 06:21:17,4.8,24.47,121.67,20
2021-09-25 18:02:12,3.3,37.22,122.69,10
2021-09-25 17:24:30,3.0,30.37,94.73,10
2021-09-25 12:41:04,4.2,30.3,94.8,10
2021-09-25 02:16:33,3.1,29.27,105.43,10
2021-09-24 23:17:19,3.0,32.03,102.73,17
2021-09-24 11:19:56,3.3,36.74,76.92,80
2021-09-24 07:06:03,3.1,28.25,102.73,16
2021-09-24 04:08:33,3.6,28.07,105.06,9
2021-09-23 01:20:47,3.0,37.45,76.31,90
2021-09-22 20:59:56,3.0,28.39,103.46,8
2021-09-21 22:31:53,3.3,37.77,77.81,23
2021-09-21 14:45:29,3.0,34.53,113.5,0
2021-09-19 17:36:30,4.5,28.56,96.33,10
2021-09-19 04:02:54,3.2,41.4,83.83,9
2021-09-18 16:57:46,3.0,38.47,97.78,10
2021-09-18 13:20:49,3.2,29.48,104.52,9
2021-09-17 17:06:02,3.0,43.28,82.06,10
2021-09-16 04:33:31,6.0,29.2,105.34,10
2021-09-15 20:32:17,3.0,29.2,105.33,12
2021-09-15 07:19:03,3.3,25.73,99.99,9
2021-09-15 01:52:23,3.2,41.32,80.74,9
2021-09-14 14:08:06,3.0,47.55,89.5,8
2021-09-14 13:48:44,3.1,26.41,102.98,21
2021-09-13 18:41:26,4.6,24.13,121.09,35
2021-09-13 15:56:46,3.2,41.35,83.79,10
2021-09-12 17:57:22,3.1,43.0,94.18,10
2021-09-12 06:23:03,3.0,40.2,77.45,20
2021-09-12 05:47:52,3.0,23.16,106.14,6
2021-09-11 23:00:15,3.2,23.39,106.7,6
2021-09-11 15:05:43,4.3,23.39,106.71,10
2021-09-10 07:48:25,4.0,36.88,78.67,9
2021-09-09 09:08:33,3.0,36.88,78.66,12
2021-09-08 21:37:13,3.1,39.91,82.6,23
2021-09-06 23:00:16,3.8,40.18,77.33,17
2021-09-06 22:00:25,5.2,23.9,122.07,21
2021-09-05 05:13:46,3.4,37.73,77.81,25
2021-09-05 04:03:53,3.2,33.12,103.89,26
2021-09-05 01:55:27,4.2,37.79,77.83,10
2021-09-05 01:52:08,5.0,37.79,77.85,10
2021-09-04 09:54:08,5.1,37.87,77.96,7
2021-09-04 09:43:44,3.7,37.8,77.8,6
2021-09-04 09:42:28,3.0,37.76,78.09,10
2021-09-04 09:40:33,3.4,37.75,78.03,7
2021-09-04 09:39:00,4.3,37.79,77.93,7
2021-09-04 09:36:46,3.3,37.77,77.86,10
2021-09-04 09:28:03,4.8,37.89,77.87,8
2021-09-04 09:23:45,3.7,37.83,77.86,7
2021-09-04 09:23:02,3.1,37.56,78.23,10
2021-09-04 09:21:15,3.9,37.87,77.83,8
2021-09-04 09:19:35,3.3,37.91,77.89,7
2021-09-04 00:29:55,3.3,37.88,77.85,7
2021-09-04 00:27:46,3.7,37.8,77.81,10
2021-09-03 23:48:32,4.0,37.86,77.88,10
2021-09-03 21:30:37,4.8,28.09,104.92,15
2021-09-02 18:56:58,4.4,23.14,120.57,5
2021-09-02 04:09:30,3.0,26.49,102.84,24
2021-09-01 06:37:44,3.7,28.11,105.1,10
2021-09-01 06:27:56,4.1,23.24,120.73,17
2021-08-31 21:28:43,3.0,40.6,82.8,10
2021-08-31 20:29:18,3.0,38.29,117.0,0
2021-08-30 23:28:25,3.1,27.03,102.78,15
2021-08-29 22:27:52,3.6,43.91,84.08,16
2021-08-29 03:20:47,3.3,42.13,87.88,23
2021-08-28 23:21:30,4.3,35.53,89.27,10
2021-08-26 23:28:04,3.7,38.91,95.52,16
2021-08-26 07:38:18,5.5,38.88,95.5,15
2021-08-25 00:48:14,4.0,32.1,78.82,10
2021-08-24 19:06:36,3.1,29.28,105.48,10
2021-08-24 10:45:18,3.4,40.03,77.24,7
2021-08-23 18:56:37,4.4,24.8,122.37,5
2021-08-22 19:52:02,4.2,23.21,120.56,20
2021-08-21 10:20:10,4.5,27.12,105.31,10
2021-08-19 15:50:56,4.0,23.94,121.67,8
2021-08-18 16:19:05,3.9,52.45,121.97,24
2021-08-18 04:53:16,3.3,43.49,81.43,25
2021-08-18 04:51:27,3.2,43.51,81.42,28
2021-08-18 04:20:10,3.2,31.91,92.8,10
2021-08-18 00:23:42,3.4,25.71,99.87,12
2021-08-16 04:50:42,3.0,33.05,96.92,8
2021-08-15 09:44:05,3.1,37.81,77.85,10
2021-08-15 09:35:57,3.1,37.84,77.84,10
2021-08-13 23:46:00,3.3,31.65,84.97,10
2021-08-13 16:27:38,3.2,34.53,97.62,8
2021-08-13 12:21:35,5.8,34.58,97.54,8
2021-08-13 07:54:14,3.2,32.49,105.02,14
2021-08-11 06:39:57,3.4,42.93,84.28,10
2021-08-11 06:35:57,4.7,34.68,98.29,11
2021-08-10 16:17:03,3.0,31.34,103.18,10
2021-08-10 14:39:43,3.3,29.09,101.01,17
2021-08-10 08:38:33,3.0,42.3,87.04,21
2021-08-09 18:51:25,4.8,40.09,75.95,15
2021-08-09 06:54:17,3.3,41.2,83.51,17
2021-08-09 06:17:56,3.0,41.19,83.51,15
2021-08-08 18:13:42,3.2,18.55,109.08,10
2021-08-06 19:12:30,5.1,23.15,121.31,10
2021-08-06 16:11:04,5.4,24.76,122.3,20
2021-08-06 09:48:34,3.0,34.85,90.83,8
2021-08-05 13:04:25,3.0,40.03,75.49,23
2021-08-05 05:50:45,5.8,24.82,122.31,10
2021-08-04 19:12:53,4.8,23.38,106.71,10
2021-07-30 14:26:56,3.1,38.79,75.07,7
2021-07-30 06:55:17,4.3,23.85,121.61,6
2021-07-29 14:42:21,3.8,31.96,92.55,10
2021-07-29 12:33:28,4.1,23.95,122.66,8
2021-07-29 03:24:04,4.2,34.92,90.98,8
2021-07-28 09:40:44,3.8,41.55,79.24,25
2021-07-28 03:57:38,3.0,43.61,86.23,7
2021-07-27 00:34:08,3.4,45.56,125.37,10
2021-07-26 16:48:24,3.4,33.74,88.75,9
2021-07-26 04:59:14,4.3,40.67,77.92,10
2021-07-25 19:49:54,3.0,41.31,83.81,10
2021-07-25 00:38:46,3.3,32.62,102.16,19
2021-07-25 00:23:46,3.9,32.62,102.16,17
2021-07-24 03:44:08,4.2,40.61,82.91,25
2021-07-24 01:44:27,3.7,42.16,83.32,28
2021-07-23 20:55:20,4.1,29.28,105.44,15
2021-07-23 14:22:40,3.7,32.61,102.19,18
2021-07-23 02:26:23,3.0,43.01,122.15,10
2021-07-22 19:56:51,3.2,37.54,78.85,10
2021-07-22 05:54:12,3.0,35.45,81.42,10
2021-07-21 23:00:00,4.1,36.21,87.14,10
2021-07-21 03:01:17,3.6,27.42,103.08,17
2021-07-20 09:26:59,3.1,41.64,81.02,11
2021-07-18 19:25:42,4.0,24.02,121.69,5
2021-07-18 00:49:06,3.1,28.11,104.77,9
2021-07-17 01:29:30,3.6,40.59,82.89,22
2021-07-16 15:59:49,3.3,32.17,104.57,11
2021-07-16 07:29:26,4.4,23.94,121.7,7
2021-07-16 07:29:26,4.4,23.94,121.7,7
2021-07-16 07:05:04,4.4,23.98,121.62,8
2021-07-15 16:31:19,3.7,37.53,115.1,10
2021-07-15 01:00:45,4.3,23.95,121.62,10
2021-07-14 23:36:07,4.8,30.97,103.37,15
2021-07-14 20:55:33,4.0,23.97,121.69,10
2021-07-14 11:36:32,4.2,23.94,121.72,10
2021-07-14 07:45:27,4.8,23.94,121.67,10
2021-07-14 06:59:25,4.4,23.93,121.65,10
2021-07-14 06:52:04,5.2,23.89,121.73,10
2021-07-13 03:58:34,3.2,39.51,76.93,24
2021-07-13 00:48:25,3.8,38.63,99.76,10
2021-07-12 22:49:09,3.3,35.93,82.32,8
2021-07-10 19:38:03,3.0,29.32,105.47,5
2021-07-10 16:46:00,3.2,25.8,100.48,11
2021-07-09 10:41:58,3.1,45.77,89.66,7
2021-07-09 05:04:20,3.0,39.53,76.94,17
2021-07-08 21:51:14,3.1,40.54,82.88,18
2021-07-08 21:23:23,4.9,34.74,98.0,10
2021-07-08 21:05:02,4.6,41.65,81.01,12
2021-07-08 06:11:55,5.1,23.88,121.68,10
2021-07-07 21:38:27,4.3,23.87,121.66,7
2021-07-07 19:24:58,5.3,23.88,121.66,9
2021-07-07 18:01:19,4.1,34.5,98.95,9
2021-07-07 15:27:10,4.4,34.47,99.02,9
2021-07-07 04:19:28,4.2,28.05,104.99,9
2021-07-06 09:50:52,4.0,34.68,98.28,10
2021-07-05 05:48:28,4.0,32.92,99.02,7
2021-07-04 16:33:45,3.5,31.16,112.1,9
2021-07-03 21:25:54,3.2,34.73,97.95,9
2021-07-02 09:15:45,4.5,43.18,81.53,21
2021-07-02 07:08:26,3.9,42.07,83.62,20
2021-07-01 08:26:30,3.1,37.71,77.06,22
2021-06-30 05:33:05,3.0,37.64,112.5,21
2021-06-29 06:41:27,3.6,25.75,99.99,9
2021-06-29 01:26:31,3.2,33.78,90.94,10
2021-06-28 19:48:14,4.6,24.31,101.89,8
2021-06-27 10:19:44,3.1,39.31,75.08,18
2021-06-26 03:56:56,3.1,39.33,75.18,8
2021-06-25 18:20:45,3.1,27.92,102.98,12
2021-06-25 17:35:25,3.0,34.46,101.8,9
2021-06-25 12:57:26,3.8,41.12,83.55,16
2021-06-25 11:00:27,3.1,37.46,97.93,9
2021-06-25 09:42:09,4.7,41.12,83.45,10
2021-06-25 08:03:18,3.4,41.14,83.42,10
2021-06-24 12:51:40,3.6,34.47,101.8,9
2021-06-24 05:17:04,3.0,39.83,118.74,11
2021-06-24 04:49:38,3.4,39.89,77.16,18
2021-06-24 03:19:59,3.0,31.98,104.48,14
2021-06-23 13:40:25,4.5,24.07,121.5,21
2021-06-23 12:17:21,3.0,34.81,97.51,9
2021-06-23 05:11:28,3.8,32.2,104.94,12
2021-06-23 00:44:36,3.3,27.91,92.21,10
2021-06-22 11:14:48,3.9,41.17,114.41,10
2021-06-22 09:36:36,3.2,34.81,97.52,10
2021-06-22 08:48:19,3.0,29.36,104.56,10
2021-06-22 05:26:13,3.0,35.97,106.15,10
2021-06-21 18:06:50,3.0,29.3,87.36,10
2021-06-21 01:48:58,3.2,32.41,105.09,12
2021-06-20 22:50:13,4.4,23.78,121.52,10
2021-06-20 11:31:01,3.8,22.65,100.33,10
2021-06-20 04:01:39,3.8,29.58,84.3,10
2021-06-17 22:58:24,3.1,34.85,97.57,8
2021-06-17 08:30:38,3.0,39.66,73.94,10
2021-06-17 08:07:53,3.0,41.08,117.9,9
2021-06-16 16:48:58,5.8,38.14,93.81,10
2021-06-16 15:35:36,4.2,24.33,101.91,8
2021-06-16 06:47:22,3.0,34.85,90.7,7
2021-06-15 12:00:14,4.0,34.8,97.55,11
2021-06-14 15:09:15,3.6,41.99,82.48,20
2021-06-14 06:57:52,3.3,31.99,104.49,15
2021-06-14 04:02:36,3.8,31.98,104.48,15
2021-06-13 05:11:58,3.3,44.85,80.81,18
2021-06-13 03:06:43,3.3,34.55,96.54,9
2021-06-12 23:58:01,3.0,42.16,81.11,6
2021-06-12 22:49:07,3.2,41.16,114.4,12
2021-06-12 20:48:19,3.9,34.83,97.51,9
2021-06-12 18:00:46,5.0,24.96,97.89,16
2021-06-12 09:47:44,3.0,41.77,80.86,10
2021-06-12 05:58:58,4.9,22.64,121.14,10
2021-06-11 15:33:26,5.3,23.88,121.55,10
2021-06-11 14:08:16,3.1,25.24,105.85,8
2021-06-11 13:12:48,4.9,23.91,121.58,8
2021-06-11 09:22:48,3.0,39.25,109.73,0
2021-06-11 04:06:13,3.1,41.07,83.51,10
2021-06-11 02:59:28,3.1,34.55,99.01,9
2021-06-10 21:52:34,3.3,24.34,101.91,8
2021-06-10 19:58:38,3.6,24.37,101.92,12
2021-06-10 19:46:07,5.1,24.34,101.91,8
2021-06-08 09:21:33,3.2,28.2,104.8,8
2021-06-07 20:13:12,3.0,22.19,112.44,8
2021-06-05 06:12:22,3.4,25.59,99.98,11
2021-06-04 09:02:24,3.0,27.39,107.46,10
2021-06-03 13:55:17,4.9,34.75,97.9,10
2021-06-02 20:44:01,4.0,40.95,78.28,10
2021-05-31 08:12:09,3.4,34.59,98.59,10
2021-05-31 07:23:21,3.7,38.01,120.41,9
2021-05-30 23:35:05,3.0,34.73,98.03,10
2021-05-30 23:06:30,3.0,38.37,106.97,15
2021-05-30 21:08:21,3.5,33.78,92.78,10
2021-05-30 14:55:14,4.9,34.65,98.48,9
2021-05-30 14:14:54,3.8,34.16,100.25,9
2021-05-30 12:57:02,3.0,34.68,98.3,9
2021-05-30 12:50:08,4.9,34.67,98.31,9
2021-05-30 07:08:55,3.7,36.79,84.8,6
2021-05-30 05:37:42,3.3,42.12,85.42,15
2021-05-28 20:43:18,3.4,25.56,99.92,13
2021-05-28 08:51:24,3.1,31.93,95.02,10
2021-05-28 00:51:44,3.0,41.17,83.55,11
2021-05-27 23:03:57,3.6,25.69,99.89,12
2021-05-27 21:06:07,4.9,34.46,99.17,8
2021-05-27 19:52:46,4.1,25.74,99.95,12
2021-05-27 12:14:28,4.0,24.86,122.62,11
2021-05-26 13:54:10,3.4,34.59,98.53,10
2021-05-26 06:37:24,3.0,25.65,99.89,10
2021-05-26 04:46:08,4.2,28.99,86.47,10
2021-05-26 00:48:00,4.3,23.96,121.53,21
2021-05-25 21:50:40,3.0,39.96,101.31,10
2021-05-25 17:30:38,3.0,34.45,99.2,10
2021-05-25 14:46:51,3.0,34.46,99.27,10
2021-05-25 08:09:39,3.0,29.63,104.7,12
2021-05-25 07:00:19,4.1,34.73,98.04,10
2021-05-25 02:15:55,3.5,34.78,97.69,10
2021-05-24 23:35:41,3.2,34.6,98.62,10
2021-05-24 23:26:51,3.1,26.91,102.93,11
2021-05-24 22:22:05,3.2,40.03,75.28,10
2021-05-24 22:15:19,4.4,34.45,99.02,10
2021-05-24 16:31:27,4.1,34.78,97.56,9
2021-05-24 08:43:10,3.1,25.59,100.01,8
2021-05-24 08:10:58,3.0,25.59,100.0,8
2021-05-24 07:23:41,3.7,34.7,98.25,11
2021-05-23 16:35:45,3.5,34.51,98.63,11
2021-05-23 15:24:31,4.0,34.48,99.06,11
2021-05-23 12:12:12,3.1,34.49,98.72,11
2021-05-23 11:46:52,3.9,34.44,99.14,11
2021-05-22 23:46:13,3.3,34.42,99.11,10
2021-05-22 23:24:54,3.1,34.83,97.52,10
2021-05-22 22:30:05,3.2,25.6,99.93,11
2021-05-22 22:01:12,3.1,34.63,98.52,10
2021-05-22 20:32:41,3.3,34.72,98.09,10
2021-05-22 20:14:36,4.4,25.61,99.93,10
2021-05-22 17:39:34,4.3,34.77,97.65,10
2021-05-22 17:24:16,3.3,25.66,99.9,10
2021-05-22 17:20:24,3.0,34.71,98.07,10
2021-05-22 15:06:22,4.8,34.51,98.92,10
2021-05-22 12:59:03,3.0,34.75,97.69,10
2021-05-22 12:03:35,4.0,35.63,99.12,10
2021-05-22 11:30:43,4.4,34.28,100.9,10
2021-05-22 11:21:16,4.7,34.72,98.07,10
2021-05-22 11:16:11,3.5,34.72,98.08,10
2021-05-22 11:07:12,3.6,36.85,75.86,10
2021-05-22 10:42:16,3.1,34.74,97.98,10
2021-05-22 10:38:44,4.9,34.55,98.94,10
2021-05-22 10:29:34,5.1,34.85,97.5,10
2021-05-22 09:48:00,4.0,25.67,99.9,12
2021-05-22 08:36:46,3.4,25.68,99.9,12
2021-05-22 07:59:00,3.6,33.29,110.8,17
2021-05-22 05:59:34,4.6,34.64,98.46,10
2021-05-22 05:09:10,3.7,34.47,99.25,10
2021-05-22 04:36:13,3.0,34.64,98.53,10
2021-05-22 04:23:58,3.3,34.47,99.05,10
2021-05-22 04:13:13,3.1,34.47,99.1,10
2021-05-22 04:10:57,3.4,25.62,99.95,12
2021-05-22 04:05:18,3.1,34.29,101.92,19
2021-05-22 04:04:28,3.4,34.52,98.64,10
2021-05-22 03:49:13,4.6,34.74,98.01,10
2021-05-22 03:47:00,3.0,34.74,98.05,10
2021-05-22 03:22:37,3.0,34.58,98.52,10
2021-05-22 03:16:37,3.3,34.47,99.08,10
2021-05-22 03:14:44,3.6,33.74,100.93,10
2021-05-22 03:09:17,3.9,34.74,97.96,10
2021-05-22 03:03:06,4.3,34.46,99.07,5
2021-05-22 02:50:57,3.0,34.48,98.92,10
2021-05-22 02:49:21,3.1,34.4,99.11,10
2021-05-22 02:43:25,3.8,34.48,99.13,10
2021-05-22 02:38:30,3.1,34.69,98.39,10
2021-05-22 02:36:00,3.6,34.64,98.4,10
2021-05-22 02:30:29,3.4,34.39,98.98,10
2021-05-22 02:28:43,3.9,25.62,99.91,10
2021-05-22 02:25:03,3.4,34.44,99.05,10
2021-05-22 02:24:27,3.0,25.66,99.88,10
2021-05-22 02:16:32,3.9,34.45,99.04,10
2021-05-22 02:15:08,3.3,34.43,99.1,10
2021-05-22 02:04:11,7.4,34.59,98.34,17
2021-05-22 01:50:17,3.3,25.61,100.0,14
2021-05-22 01:38:04,3.4,28.09,105.3,10
2021-05-22 01:36:06,3.5,25.62,99.94,9
2021-05-22 00:56:07,3.2,25.63,99.91,9
2021-05-22 00:53:31,3.2,25.65,99.91,8
2021-05-22 00:51:41,4.0,25.7,99.87,8
2021-05-22 00:24:05,3.0,25.69,99.87,8
2021-05-21 23:23:34,4.5,25.6,99.98,8
2021-05-21 23:22:49,3.5,25.66,99.88,8
2021-05-21 23:18:09,3.0,25.62,99.98,8
2021-05-21 23:13:53,3.8,25.64,99.94,8
2021-05-21 23:08:57,3.0,25.61,99.98,8
2021-05-21 22:59:37,3.5,25.63,99.94,8
2021-05-21 22:31:10,5.2,25.59,99.97,8
2021-05-21 22:30:27,3.1,25.65,99.9,8
2021-05-21 22:19:48,3.0,25.6,99.95,8
2021-05-21 22:15:16,4.0,25.59,99.96,8
2021-05-21 22:03:36,3.9,25.57,99.93,8
2021-05-21 22:02:00,4.1,25.66,99.89,8
2021-05-21 21:56:37,4.9,25.64,99.95,8
2021-05-21 21:55:28,5.0,25.67,99.89,8
2021-05-21 21:53:47,4.1,25.62,99.98,9
2021-05-21 21:48:34,6.4,25.67,99.87,8
2021-05-21 21:23:43,4.5,25.66,99.97,8
2021-05-21 21:21:25,5.6,25.63,99.92,10
2021-05-21 20:56:02,4.2,25.63,99.93,8
2021-05-21 13:32:30,3.1,35.85,77.89,110
2021-05-20 22:21:16,3.0,43.44,81.43,22
2021-05-20 14:29:05,3.1,28.43,104.78,9
2021-05-20 01:58:59,3.2,25.67,99.9,11
2021-05-19 21:13:07,3.2,25.68,99.89,8
2021-05-19 20:05:56,4.4,25.66,99.92,8
2021-05-19 09:31:59,3.4,43.13,81.87,10
2021-05-19 04:38:36,3.3,32.95,98.91,8
2021-05-19 03:27:56,3.1,25.65,99.92,8
2021-05-18 21:39:35,4.2,25.65,99.93,8
2021-05-18 20:56:46,3.0,25.65,99.93,8
2021-05-18 18:53:30,3.1,37.59,76.02,112
2021-05-18 18:49:30,3.2,25.65,99.93,8
2021-05-17 12:37:26,3.6,31.91,92.69,8
2021-05-17 07:36:22,3.0,36.45,82.54,10
2021-05-17 00:45:20,3.1,45.07,80.58,10
2021-05-16 15:05:25,3.1,35.71,79.72,10
2021-05-13 11:42:36,4.7,24.43,99.24,8
2021-05-12 22:37:06,4.1,37.12,85.08,10
2021-05-11 06:14:38,3.7,32.5,96.25,10
2021-05-10 22:44:40,3.2,32.01,102.7,17
2021-05-08 22:07:34,3.4,41.24,83.78,10
2021-05-08 10:53:51,3.2,43.36,80.81,10
2021-05-08 05:24:16,4.3,22.66,120.85,10
2021-05-05 15:54:16,3.0,40.86,78.17,10
2021-05-05 09:51:05,3.6,32.4,104.02,10
2021-05-04 05:57:15,3.2,38.35,75.7,131
2021-05-03 19:42:39,4.0,36.62,94.16,10
2021-05-01 19:53:19,3.1,29.03,95.54,9
2021-04-30 14:00:38,3.1,30.65,103.22,9
2021-04-29 22:32:58,4.2,21.78,121.72,15
2021-04-29 17:40:31,3.1,22.57,100.32,10
2021-04-29 09:43:07,3.1,30.06,103.09,28
2021-04-28 19:43:36,3.9,34.68,90.95,7
2021-04-28 06:10:53,4.2,23.14,120.95,12
2021-04-27 19:43:17,4.0,35.59,89.8,8
2021-04-27 13:16:57,3.9,37.45,75.78,100
2021-04-26 21:30:15,3.2,28.18,104.97,10
2021-04-25 23:11:21,3.0,42.96,125.64,8
2021-04-25 10:44:43,3.0,41.2,83.66,8
2021-04-24 18:10:56,3.1,42.95,85.95,10
2021-04-22 06:36:06,3.1,37.61,75.8,98
2021-04-21 21:28:23,4.0,29.8,89.62,24
2021-04-20 02:02:29,3.2,41.34,83.69,10
2021-04-19 19:13:22,3.5,34.69,90.79,10
2021-04-18 22:14:38,6.1,23.94,121.43,5
2021-04-18 22:11:39,5.6,23.92,121.53,7
2021-04-18 11:35:39,3.3,26.14,100.01,9
2021-04-16 16:06:06,4.3,39.75,118.71,9
2021-04-16 06:26:23,3.1,32.48,78.76,10
2021-04-13 17:07:36,3.3,23.84,102.38,10
2021-04-12 08:18:35,3.1,29.42,104.53,10
2021-04-11 02:21:48,3.5,31.74,90.6,10
2021-04-09 01:04:10,3.1,39.62,95.35,10
2021-04-08 03:25:47,3.1,36.28,111.7,10
2021-04-07 21:19:35,4.2,23.81,121.6,20
2021-04-07 05:55:48,4.0,31.87,92.85,10
2021-04-07 05:48:36,4.7,31.89,92.84,10
2021-04-05 17:23:19,3.7,41.26,91.23,8
2021-04-05 09:28:38,3.4,41.96,81.24,10
2021-04-05 04:09:46,3.8,36.79,75.89,10
2021-04-04 12:35:26,3.7,35.52,89.35,10
2021-04-03 19:21:30,3.6,34.34,87.67,10
2021-04-03 00:19:28,3.0,35.91,82.25,10
2021-04-02 19:39:39,3.2,35.53,89.38,10
2021-04-02 16:58:35,4.2,34.47,87.9,10
2021-04-02 15:55:51,4.4,35.55,89.51,10
2021-04-02 14:15:08,3.1,32.82,101.15,10
2021-04-02 05:40:18,3.7,23.85,114.5,10
2021-04-02 03:20:04,4.3,40.83,79.0,8
2021-04-01 14:57:09,3.9,34.34,87.76,10
2021-03-30 01:27:24,5.8,34.38,87.68,10
2021-03-29 10:52:51,3.1,36.53,76.91,10
2021-03-29 08:11:42,3.3,36.35,77.62,93
2021-03-28 14:41:18,4.6,24.51,122.76,80
2021-03-28 13:07:04,3.0,31.93,92.86,10
2021-03-28 12:32:58,3.0,41.16,83.3,10
2021-03-28 01:24:11,4.1,35.47,89.75,10
2021-03-27 14:32:56,3.2,34.82,91.08,10
2021-03-27 07:08:30,4.8,40.77,83.22,10
2021-03-27 03:02:03,4.8,27.54,92.71,25
2021-03-26 15:15:29,3.1,28.19,104.78,10
2021-03-26 09:28:55,3.1,43.97,84.63,9
2021-03-26 08:18:30,4.0,35.26,91.23,10
2021-03-24 21:14:13,3.4,41.8,81.01,15
2021-03-24 08:04:35,3.4,41.79,81.06,11
2021-03-24 05:14:16,5.4,41.7,81.11,10
2021-03-23 23:31:15,3.3,36.08,101.29,8
2021-03-23 03:21:11,3.0,28.44,104.79,10
2021-03-23 01:23:34,4.2,31.93,92.89,10
2021-03-22 22:51:50,3.4,31.64,84.93,10
2021-03-21 01:20:39,3.0,37.6,90.16,8
2021-03-20 23:30:24,4.7,34.7,83.49,10
2021-03-20 15:25:40,3.3,28.06,105.0,12
2021-03-20 02:04:10,3.2,31.94,92.89,10
2021-03-19 18:57:50,3.9,31.93,104.2,15
2021-03-19 14:11:26,6.1,31.94,92.74,10
2021-03-18 13:40:47,3.0,25.12,105.21,5
2021-03-18 10:10:57,3.1,39.04,110.62,0
2021-03-17 14:27:16,4.2,44.46,80.85,8
2021-03-16 21:16:08,3.4,30.11,86.44,10
2021-03-14 20:20:04,3.7,41.22,83.35,18
2021-03-14 18:26:00,4.5,41.95,81.11,22
2021-03-13 23:41:00,3.5,44.35,81.84,8
2021-03-13 21:56:49,3.0,28.13,104.79,10
2021-03-13 13:56:04,3.1,28.34,116.92,7
2021-03-12 03:30:17,3.0,41.27,83.47,10
2021-03-11 02:18:06,3.2,39.08,110.23,0
2021-03-09 22:53:57,3.0,39.49,74.98,11
2021-03-07 19:13:31,3.0,33.42,111.28,7
2021-03-07 09:10:42,3.0,25.76,98.49,8
2021-03-06 08:21:32,3.0,38.0,120.41,8
2021-03-05 16:53:22,3.1,41.81,127.87,25
2021-03-05 12:42:39,3.0,23.31,100.83,8
2021-03-05 04:59:32,3.3,42.1,80.78,7
2021-03-05 01:57:33,4.2,34.17,80.32,10
2021-03-04 22:24:56,4.3,24.75,122.36,10
2021-03-04 22:03:54,3.0,37.61,75.86,79
2021-03-04 03:47:16,3.0,40.75,78.61,10
2021-03-02 17:23:00,5.3,21.92,121.17,20
2021-03-02 09:45:37,3.1,39.2,75.13,30
2021-03-02 01:44:36,3.0,32.14,104.56,14
2021-03-01 18:13:13,3.8,26.0,100.0,10
2021-02-28 10:31:25,3.0,38.43,76.26,17
2021-02-28 09:12:49,3.3,32.8,101.1,10
2021-02-28 04:03:43,3.1,29.07,86.75,10
2021-02-27 19:37:19,3.1,25.51,98.44,8
2021-02-25 11:47:34,3.2,40.16,76.46,34
2021-02-24 12:59:10,3.2,31.81,104.11,19
2021-02-24 05:45:16,3.2,37.42,75.36,10
2021-02-22 22:57:24,3.6,41.21,83.61,10
2021-02-22 09:50:47,4.5,22.42,121.89,75
2021-02-22 03:35:54,3.0,41.16,114.47,13
2021-02-21 22:23:09,3.0,28.36,104.9,10
2021-02-20 02:44:03,3.2,28.79,87.47,17
2021-02-18 02:38:47,4.6,22.23,121.41,16
2021-02-17 19:37:25,3.1,24.6,98.7,8
2021-02-17 01:40:37,3.3,23.04,101.58,8
2021-02-16 07:16:58,3.2,41.18,83.31,10
2021-02-15 16:23:11,4.0,28.12,104.84,10
2021-02-15 08:21:16,3.2,36.94,78.3,21
2021-02-15 00:16:37,3.7,40.32,76.37,10
2021-02-13 09:22:33,3.0,29.01,100.92,13
2021-02-11 20:56:16,3.1,39.63,77.35,23
2021-02-11 19:13:08,3.1,36.08,79.58,8
2021-02-10 13:12:27,3.0,29.44,104.54,9
2021-02-10 06:40:30,3.0,44.4,80.76,22
2021-02-09 09:50:11,3.3,28.01,87.9,10
2021-02-09 00:58:01,5.3,24.32,122.12,20
2021-02-09 00:56:31,4.0,24.32,122.43,20
2021-02-08 23:34:00,3.2,24.29,118.89,19
2021-02-07 23:38:02,3.2,39.41,74.53,8
2021-02-07 01:36:04,5.2,24.65,122.5,70
2021-02-06 22:54:29,4.2,38.59,93.8,10
2021-02-05 01:02:04,4.3,36.86,77.02,100
2021-02-04 14:58:26,3.0,42.11,81.04,11
2021-02-04 13:06:23,4.3,28.64,87.52,28
2021-02-04 12:12:49,3.4,41.11,83.41,14
2021-02-03 01:34:11,3.9,36.15,76.51,10
2021-02-02 11:23:30,3.0,41.21,83.61,10
2021-02-02 10:31:15,4.7,28.55,87.5,10
2021-02-01 20:38:37,3.2,43.65,84.49,10
2021-01-31 22:40:19,3.3,43.68,81.68,16
2021-01-28 15:29:31,4.5,22.49,121.12,10
2021-01-28 13:15:58,3.2,40.48,82.77,20
2021-01-27 21:51:29,3.6,39.38,94.74,10
2021-01-25 19:39:22,4.0,24.83,122.27,95
2021-01-24 09:53:07,3.2,40.65,111.49,13
2021-01-24 03:38:51,3.0,48.72,125.29,10
2021-01-23 22:28:44,3.1,18.38,110.91,10
2021-01-23 10:59:00,3.8,40.44,110.24,10
2021-01-23 09:59:10,4.7,28.18,104.22,10
2021-01-22 03:34:25,3.5,28.09,105.03,8
2021-01-21 21:42:40,4.6,36.68,76.94,100
2021-01-21 06:43:44,3.1,47.05,85.65,19
2021-01-20 21:42:29,3.0,44.51,83.17,17
2021-01-19 02:21:28,4.6,35.79,123.97,12
2021-01-18 03:52:20,3.3,35.83,82.36,10
2021-01-18 03:51:21,3.4,35.81,82.33,10
2021-01-17 12:44:44,4.1,24.33,99.36,8
2021-01-17 07:23:30,3.2,32.77,105.66,14
2021-01-17 07:10:56,5.1,22.44,121.44,20
2021-01-15 20:32:41,3.8,38.43,97.35,9
2021-01-14 17:21:59,3.6,36.06,104.05,16
2021-01-11 02:54:37,3.4,42.61,123.13,15
2021-01-10 11:23:29,4.3,23.77,121.49,11
2021-01-10 03:10:47,3.1,39.4,93.75,10
2021-01-09 19:35:50,5.1,24.7,122.21,80
2021-01-09 14:44:43,3.1,39.72,74.86,10
2021-01-08 11:54:41,3.1,42.12,81.02,10
2021-01-08 11:48:56,4.2,42.11,81.02,10
2021-01-08 11:39:03,3.9,42.03,85.76,14
2021-01-06 22:08:46,3.4,41.21,78.78,10
2021-01-06 16:46:06,3.8,37.99,120.41,7
2021-01-05 18:48:25,3.2,39.18,75.76,10
2021-01-05 11:49:26,3.1,42.31,81.13,10
2021-01-05 08:45:31,3.1,35.78,82.49,10
2021-01-04 21:49:35,3.3,31.08,119.51,6
2021-01-04 10:58:29,4.2,29.41,104.02,13
2021-01-04 00:34:11,3.2,29.43,104.52,10
2021-01-03 16:16:30,3.6,43.86,91.48,10
2021-01-03 08:34:37,3.0,24.69,117.7,28
2021-01-03 02:40:25,3.2,25.63,99.92,11
2021-01-02 21:26:47,4.4,24.07,122.24,24
2021-01-02 04:24:34,3.5,36.86,94.62,9
2021-01-01 06:07:08,3.0,26.24,101.27,16
2020-12-30 17:29:18,3.2,41.8,85.82,12
2020-12-28 20:46:08,3.9,33.83,104.45,13
2020-12-27 13:37:00,3.5,49.13,122.66,16
2020-12-26 18:44:38,3.6,40.33,109.27,15
2020-12-24 21:06:22,3.1,35.97,100.11,10
2020-12-24 07:51:48,4.2,34.18,98.33,7
2020-12-22 05:38:32,3.1,31.36,103.87,20
2020-12-21 22:38:28,3.0,24.91,99.26,9
2020-12-20 20:25:01,3.1,27.1,103.33,12
2020-12-20 19:28:45,3.2,45.01,82.69,10
2020-12-18 23:25:19,3.0,40.47,122.29,7
2020-12-15 07:03:51,3.2,41.22,83.71,14
2020-12-14 13:59:47,3.1,43.46,87.73,10
2020-12-14 04:36:22,3.0,38.0,120.43,10
2020-12-14 04:30:53,3.2,38.0,120.42,10
2020-12-12 15:11:25,4.2,43.65,87.37,20
2020-12-12 11:47:56,3.0,28.36,104.95,8
2020-12-11 21:05:11,4.1,42.71,82.95,10
2020-12-11 02:15:08,4.4,24.53,122.06,49
2020-12-10 21:19:58,5.8,24.74,121.99,80
2020-12-10 13:29:36,4.7,23.44,121.66,18
2020-12-08 16:49:55,3.4,31.55,104.14,8
2020-12-08 00:48:00,3.1,29.45,104.52,10
2020-12-06 09:14:30,3.1,38.99,76.02,7
2020-12-05 22:58:12,3.2,32.27,104.96,12
2020-12-05 16:33:38,3.4,39.56,75.72,20
2020-12-02 08:54:40,3.3,38.39,75.57,140
2020-12-01 21:39:30,3.1,24.93,99.19,8
2020-11-29 21:42:14,4.4,24.14,122.28,32
2020-11-28 23:24:16,3.1,42.88,85.93,18
2020-11-28 15:21:22,3.0,33.36,88.67,10
2020-11-28 07:37:53,3.6,33.58,88.71,7
2020-11-28 07:27:17,3.1,33.54,88.7,7
2020-11-28 07:02:02,3.1,33.82,88.63,8
2020-11-28 03:51:05,3.6,41.11,78.86,10
2020-11-26 09:15:28,3.4,33.83,88.53,6
2020-11-23 22:50:44,3.0,32.5,105.23,12
2020-11-23 21:41:43,3.1,28.57,87.39,8
2020-11-22 05:49:20,3.4,30.01,88.19,9
2020-11-21 22:04:46,3.6,24.5,98.48,11
2020-11-20 14:26:17,3.1,41.2,83.67,10
2020-11-19 21:09:40,3.3,33.66,95.91,9
2020-11-18 10:38:11,3.3,44.16,84.82,13
2020-11-17 04:14:26,4.2,21.65,121.02,34
2020-11-16 23:54:53,3.2,30.69,108.38,8
2020-11-16 15:19:14,4.6,22.06,121.23,44
2020-11-16 09:39:02,3.2,31.59,93.49,8
2020-11-15 23:50:17,3.3,42.22,80.45,10
2020-11-13 18:12:13,3.6,39.39,73.77,9
2020-11-13 17:16:42,3.9,39.56,74.44,9
2020-11-13 03:18:12,4.1,28.17,104.73,6
2020-11-12 05:33:26,4.6,21.57,121.8,12
2020-11-11 16:24:12,3.0,43.77,86.74,10
2020-11-09 01:37:06,3.1,43.51,82.22,13
2020-11-08 17:12:22,4.2,28.5,96.38,8
2020-11-08 07:10:58,3.2,35.16,106.71,16
2020-11-07 08:23:28,3.4,28.21,104.73,11
2020-11-06 09:40:15,4.9,23.13,122.16,15
2020-11-06 02:36:11,4.7,22.58,121.45,17
2020-11-05 10:20:35,3.0,41.2,108.63,15
2020-11-05 08:43:24,3.0,39.52,76.99,27
2020-11-04 01:59:11,4.0,21.49,121.56,96
2020-11-01 05:28:45,3.4,40.6,77.77,19
2020-11-01 02:43:09,3.3,31.61,93.42,7
2020-10-31 15:44:50,3.2,31.47,100.99,20
2020-10-31 14:38:08,3.6,32.08,105.18,23
2020-10-31 04:12:37,4.1,38.94,75.65,10
2020-10-29 04:52:46,3.2,27.1,103.93,18
2020-10-28 11:54:31,3.6,29.52,104.53,12
2020-10-26 01:33:49,3.0,39.61,74.11,10
2020-10-25 11:45:12,3.0,31.94,104.22,18
2020-10-25 02:04:33,3.6,31.85,104.19,12
2020-10-24 19:17:06,3.0,42.25,86.85,13
2020-10-23 02:24:32,3.0,31.83,104.17,18
2020-10-23 01:12:39,3.0,31.84,104.17,18
2020-10-22 11:03:37,4.7,31.83,104.18,20
2020-10-21 21:12:35,4.3,33.27,90.25,8
2020-10-21 12:04:47,4.6,31.84,104.17,17
2020-10-21 06:30:30,3.7,38.34,75.42,123
2020-10-20 14:00:26,3.6,40.71,77.63,12
2020-10-20 00:45:55,3.0,28.77,104.07,8
2020-10-19 23:43:43,3.1,28.19,104.71,8
2020-10-19 04:52:43,3.0,36.33,77.98,118
2020-10-18 12:31:08,3.0,28.18,104.72,8
2020-10-18 06:45:26,4.0,38.15,76.86,12
2020-10-17 23:03:14,4.9,23.33,120.35,12
2020-10-16 21:44:33,3.8,40.67,110.01,22
2020-10-12 23:39:43,4.3,24.52,122.01,9
2020-10-11 08:27:54,3.2,29.79,115.84,8
2020-10-08 21:53:00,3.2,32.07,104.55,13
2020-10-08 09:13:08,3.0,41.09,83.37,10
2020-10-08 06:41:05,3.2,31.56,103.03,10
2020-10-08 00:18:07,3.4,32.39,80.6,7
2020-10-07 21:03:16,3.3,29.86,96.04,7
2020-10-07 12:10:44,3.1,39.67,74.05,10
2020-10-06 14:13:39,3.8,34.15,79.21,7
2020-10-06 07:43:22,4.9,34.08,79.12,10
2020-10-05 16:21:25,3.1,45.48,84.75,15
2020-10-05 05:45:19,3.0,37.22,79.19,9
2020-10-04 19:24:11,3.0,43.11,83.8,8
2020-10-02 19:21:56,3.0,30.62,110.33,7
2020-09-30 12:37:18,5.0,24.85,122.14,116
2020-09-30 04:11:47,3.0,32.8,98.45,23
2020-09-30 02:49:11,3.5,28.07,104.17,13
2020-09-29 21:40:25,3.0,31.16,112.14,8
2020-09-29 09:14:16,4.8,22.31,121.06,14
2020-09-29 04:50:53,5.0,22.29,121.1,13
2020-09-26 20:40:35,3.4,30.99,103.53,14
2020-09-26 04:34:09,3.8,28.1,105.05,13
2020-09-25 21:42:39,3.2,32.06,105.16,8
2020-09-25 16:20:15,3.2,29.48,104.53,8
2020-09-25 14:26:25,3.8,40.57,79.34,14
2020-09-24 17:41:10,3.2,30.53,101.53,8
2020-09-23 12:00:01,3.7,23.36,121.47,13
2020-09-23 11:51:03,3.6,33.26,85.31,10
2020-09-22 20:12:30,3.0,41.21,83.34,10
2020-09-22 18:45:26,3.1,30.05,103.02,30
2020-09-22 15:41:10,3.0,41.12,83.36,10
2020-09-22 11:46:54,3.2,35.64,77.56,78
2020-09-21 19:18:08,4.2,43.45,81.94,17
2020-09-21 07:54:47,4.4,22.42,121.67,6
2020-09-19 17:17:48,3.2,35.64,94.55,7
2020-09-19 10:32:59,3.1,40.47,122.29,6
2020-09-19 05:03:57,3.8,42.05,83.43,10
2020-09-19 04:55:50,4.6,43.84,81.95,15
2020-09-18 18:44:54,3.2,42.04,83.42,10
2020-09-18 16:24:01,4.0,26.21,105.41,10
2020-09-18 14:47:16,3.1,38.33,75.67,135
2020-09-17 14:19:49,3.0,27.02,104.49,10
2020-09-17 14:11:32,3.9,35.54,94.44,9
2020-09-17 09:37:51,4.3,23.01,121.43,15
2020-09-16 15:03:08,3.6,28.4,104.79,12
2020-09-16 02:11:28,3.3,22.3,99.75,26
2020-09-16 01:16:24,3.4,33.48,92.3,9
2020-09-15 12:38:10,3.4,31.61,93.35,7
2020-09-15 08:16:33,3.7,33.13,86.79,8
2020-09-15 06:38:12,3.1,39.59,74.76,17
2020-09-14 18:38:03,3.1,33.26,86.77,7
2020-09-14 03:09:57,3.0,28.1,104.79,15
2020-09-13 01:19:16,4.9,41.32,83.75,10
2020-09-09 15:03:36,3.0,31.55,103.97,16
2020-09-08 18:04:56,3.0,35.96,120.82,13
2020-09-08 13:30:13,3.8,27.12,103.08,8
2020-09-07 00:51:22,3.0,37.97,77.93,22
2020-09-06 23:48:36,3.0,38.0,77.92,18
2020-09-06 11:39:05,3.1,28.3,104.94,14
2020-09-06 09:59:13,3.6,31.64,93.36,7
2020-09-02 22:28:38,3.0,39.19,75.91,21
2020-09-02 20:56:25,3.0,35.7,95.4,9
2020-08-31 21:43:29,3.4,34.84,81.01,6
2020-08-31 20:54:43,3.3,35.81,81.06,17
2020-08-31 19:43:42,3.1,28.38,105.05,10
2020-08-31 07:09:55,3.0,40.37,111.98,15
2020-08-30 19:08:29,3.2,38.56,73.92,110
2020-08-30 15:24:08,3.0,41.28,83.85,10
2020-08-28 00:43:25,3.0,27.21,92.35,10
2020-08-26 21:46:15,3.3,34.22,92.32,9
2020-08-26 08:48:51,4.3,35.77,82.39,10
2020-08-24 01:07:42,4.0,30.44,87.63,7
2020-08-22 13:36:36,3.2,28.19,104.83,8
2020-08-22 09:22:28,3.7,39.59,74.63,18
2020-08-21 17:27:03,3.0,28.15,104.82,8
2020-08-20 08:32:22,3.6,46.91,84.49,17
2020-08-19 11:13:32,4.3,23.25,120.35,13
2020-08-19 09:42:45,3.0,41.87,123.95,0
2020-08-18 00:31:51,3.9,30.39,94.83,9
2020-08-17 19:23:40,4.6,33.05,86.81,7
2020-08-17 12:43:33,3.0,28.17,104.74,8
2020-08-17 00:40:38,3.9,30.36,94.9,10
2020-08-16 10:31:51,3.1,40.18,75.23,10
2020-08-16 05:58:17,3.9,39.72,74.11,10
2020-08-14 20:58:38,3.9,30.36,94.8,8
2020-08-14 00:30:31,3.1,28.16,105.07,9
2020-08-13 12:27:57,3.8,30.31,94.89,10
2020-08-13 08:33:00,3.8,39.34,95.26,10
2020-08-12 23:58:06,4.4,29.95,95.06,6
2020-08-12 21:08:48,3.2,38.93,74.68,10
2020-08-12 15:30:34,3.3,25.9,114.29,10
2020-08-12 05:27:26,3.8,30.35,94.89,10
2020-08-12 02:14:14,4.1,30.35,94.87,10
2020-08-11 13:41:48,3.8,28.16,105.06,9
2020-08-11 09:01:06,4.2,24.73,121.91,64
2020-08-10 01:35:25,3.0,39.96,77.21,17
2020-08-10 01:13:30,3.9,30.34,94.85,7
2020-08-09 19:22:26,3.5,33.07,87.08,7
2020-08-09 16:50:11,4.4,30.32,94.92,10
2020-08-08 16:43:58,4.4,30.33,94.93,7
2020-08-08 08:35:09,4.8,43.23,87.67,20
2020-08-06 17:08:13,3.9,28.41,104.85,10
2020-08-05 19:18:47,4.0,31.91,90.49,8
2020-08-05 09:04:06,3.1,28.18,105.06,8
2020-08-04 10:59:44,4.3,33.22,86.83,10
2020-08-04 06:30:46,4.2,43.98,84.43,17
2020-08-02 07:47:48,4.6,39.92,77.3,20
2020-08-01 06:53:53,3.5,23.41,101.6,10
2020-08-01 02:58:47,3.3,30.37,94.86,7
2020-08-01 01:55:34,3.7,31.92,93.45,10
2020-08-01 00:45:07,4.1,30.37,94.85,6
2020-07-31 19:20:09,4.3,33.06,86.89,8
2020-07-31 07:59:18,3.0,31.95,90.32,11
2020-07-31 03:28:36,3.7,24.95,99.21,9
2020-07-31 02:38:36,3.4,30.39,94.85,9
2020-07-30 21:35:42,3.8,29.78,95.14,10
2020-07-30 01:27:51,3.9,30.3,94.8,8
2020-07-29 19:07:10,3.9,30.36,94.82,9
2020-07-28 22:38:17,3.8,33.27,86.84,6
2020-07-28 11:32:47,3.9,30.35,94.89,10
2020-07-28 03:18:13,3.1,31.91,95.04,8
2020-07-27 16:06:59,3.4,28.39,104.95,8
2020-07-27 13:50:18,3.4,30.43,94.83,10
2020-07-26 20:52:27,5.5,24.27,122.48,50
2020-07-26 17:58:55,4.4,30.39,94.84,8
2020-07-26 01:19:27,3.1,37.92,77.95,15
2020-07-25 23:58:34,3.8,30.37,94.85,8
2020-07-24 21:34:22,3.9,30.35,94.86,7
2020-07-24 18:09:09,3.4,28.19,104.69,12
2020-07-24 16:06:37,3.4,33.19,87.07,10
2020-07-24 13:47:12,3.0,24.96,99.19,9
2020-07-24 11:39:40,3.9,33.1,86.91,10
2020-07-23 23:17:39,3.5,33.25,86.75,10
2020-07-23 18:50:08,4.8,33.16,86.86,10
2020-07-23 15:54:33,3.1,27.73,99.99,9
2020-07-23 14:48:41,3.6,33.1,86.74,10
2020-07-23 09:04:24,3.7,33.13,86.69,10
2020-07-23 08:47:42,3.9,30.35,94.85,10
2020-07-23 08:10:27,4.1,32.96,87.06,7
2020-07-23 06:28:33,4.3,33.24,86.91,7
2020-07-23 04:07:20,6.6,33.19,86.81,10
2020-07-22 22:32:46,3.2,33.8,90.62,10
2020-07-22 19:49:42,3.0,40.59,77.68,10
2020-07-22 12:45:32,4.1,22.39,99.82,10
2020-07-21 21:26:14,3.8,30.33,94.9,10
2020-07-21 14:18:46,4.1,30.34,94.83,7
2020-07-21 11:37:34,3.0,22.32,99.85,8
2020-07-21 10:15:18,3.4,30.3,94.87,8
2020-07-21 09:33:55,3.6,35.75,82.35,10
2020-07-21 03:21:36,4.1,30.38,94.91,9
2020-07-20 23:19:51,3.1,30.33,94.86,7
2020-07-20 07:36:36,4.0,30.34,94.87,8
2020-07-19 18:15:45,4.5,30.37,94.87,8
2020-07-19 17:02:19,3.3,41.85,82.01,10
2020-07-19 14:23:01,3.2,35.61,77.53,8
2020-07-18 01:55:01,3.4,35.71,82.35,8
2020-07-17 23:16:57,3.0,38.35,75.55,120
2020-07-17 18:31:14,3.2,35.79,82.31,10
2020-07-14 21:18:12,4.1,37.71,87.66,20
2020-07-14 01:33:58,3.4,25.18,99.53,14
2020-07-13 18:34:02,3.1,35.79,82.35,7
2020-07-13 09:28:02,5.0,44.42,80.82,15
2020-07-13 06:10:45,3.4,35.82,82.32,10
2020-07-12 15:03:26,4.0,33.59,102.92,8
2020-07-12 13:21:56,4.4,22.89,102.53,11
2020-07-12 12:06:08,4.4,24.86,122.82,130
2020-07-12 06:38:25,5.1,39.78,118.44,10
2020-07-12 02:30:39,3.0,30.93,110.02,11
2020-07-10 07:04:27,3.0,42.08,83.85,22
2020-07-09 11:24:22,4.3,24.17,121.74,18
2020-07-08 10:39:59,4.2,26.02,103.13,14
2020-07-07 22:07:15,3.1,40.06,77.33,19
2020-07-07 05:23:03,4.2,44.64,93.05,10
2020-07-07 04:23:29,3.0,28.55,95.92,12
2020-07-06 11:33:50,3.3,28.31,100.68,9
2020-07-06 09:58:54,3.4,37.86,77.98,10
2020-07-04 20:12:10,4.1,35.59,82.24,10
2020-07-04 00:45:04,3.2,32.63,96.09,8
2020-07-03 15:14:50,3.6,39.95,77.13,14
2020-07-03 08:57:15,3.0,32.45,121.59,14
2020-07-02 20:44:17,3.3,28.35,104.89,8
2020-07-02 11:11:35,4.5,27.16,104.63,13
2020-07-02 04:07:35,3.2,34.1,102.68,8
2020-06-30 21:13:33,3.2,38.35,75.73,130
2020-06-30 08:20:21,3.1,44.7,93.2,11
2020-06-30 01:55:08,3.7,28.17,104.77,9
2020-06-29 20:52:47,4.7,24.3,122.34,60
2020-06-29 13:59:36,3.6,41.99,82.39,15
2020-06-29 08:46:34,3.4,44.62,93.08,8
2020-06-28 05:37:40,3.1,28.33,104.95,11
2020-06-27 15:11:27,4.1,23.99,122.63,20
2020-06-27 15:02:08,3.8,35.86,82.43,10
2020-06-27 11:16:59,3.2,40.74,78.76,10
2020-06-27 07:27:45,4.4,23.07,120.86,10
2020-06-27 03:34:56,3.2,22.57,101.98,10
2020-06-27 00:13:08,3.0,29.48,104.54,10
2020-06-26 11:53:04,3.3,35.77,82.37,10
2020-06-26 11:08:48,3.7,35.73,82.5,10
2020-06-26 09:30:59,4.5,35.72,82.34,10
2020-06-26 07:07:53,4.2,35.72,82.39,10
2020-06-26 06:51:45,4.0,35.76,82.34,10
2020-06-26 05:30:42,3.2,37.31,81.89,8
2020-06-26 05:17:06,4.7,35.73,82.41,8
2020-06-26 05:14:37,3.4,35.77,82.4,8
2020-06-26 05:05:20,6.4,35.73,82.33,10
2020-06-26 04:29:38,4.6,35.6,82.34,8
2020-06-25 09:12:29,3.4,42.28,84.98,15
2020-06-23 22:12:22,3.8,28.17,104.75,8
2020-06-22 18:38:11,3.3,43.75,86.69,25
2020-06-21 17:40:03,3.2,33.04,99.05,21
2020-06-21 03:47:58,3.6,44.31,81.14,18
2020-06-19 10:59:10,3.0,43.74,86.7,10
2020-06-14 04:18:59,5.5,24.29,122.41,27
2020-06-14 04:07:54,3.6,39.57,74.84,10
2020-06-13 10:32:49,3.1,28.2,104.78,9
2020-06-12 21:03:39,4.0,28.19,104.73,8
2020-06-12 07:55:55,3.3,38.13,106.08,18
2020-06-11 22:29:19,3.6,37.22,76.27,11
2020-06-11 09:38:27,4.6,24.55,122.43,70
2020-06-11 07:47:39,3.2,29.49,104.52,9
2020-06-10 10:20:33,3.0,28.25,104.76,9
2020-06-10 03:49:53,3.3,41.15,90.07,7
2020-06-09 03:08:23,3.6,40.81,78.71,15
2020-06-09 02:39:06,3.0,25.95,100.48,9
2020-06-08 02:38:54,3.1,34.05,101.15,9
2020-06-07 13:07:52,3.4,41.27,83.87,10
2020-06-07 09:49:23,4.0,24.12,121.67,11
2020-06-06 19:13:17,3.7,44.85,81.01,10
2020-06-04 01:51:18,3.9,40.24,105.12,15
2020-06-03 22:57:08,3.0,41.14,83.68,8
2020-06-03 02:57:56,3.6,31.18,100.86,14
2020-06-02 16:39:04,3.3,28.19,104.72,13
2020-06-01 12:42:05,3.2,28.14,104.72,8
2020-05-31 13:23:44,3.0,34.66,117.89,0
2020-05-31 12:25:58,3.2,28.21,104.74,8
2020-05-31 12:00:01,3.3,33.21,95.75,9
2020-05-30 21:02:31,4.0,24.14,121.46,10
2020-05-30 08:30:56,3.2,28.08,103.52,11
2020-05-29 03:34:23,4.2,23.63,120.8,26
2020-05-28 21:33:47,3.1,41.25,83.43,10
2020-05-28 17:11:38,3.6,44.67,117.38,15
2020-05-26 20:34:50,3.8,29.0,103.63,14
2020-05-26 16:59:46,3.4,41.85,82.27,16
2020-05-26 00:54:33,3.6,40.04,115.95,18
2020-05-25 06:31:27,4.8,24.28,122.18,10
2020-05-25 00:01:28,3.0,28.14,104.77,8
2020-05-24 07:23:27,3.1,35.23,116.59,12
2020-05-24 01:43:35,3.6,32.9,85.7,6
2020-05-23 02:38:16,4.7,32.84,85.61,7
2020-05-22 21:44:48,4.8,32.93,85.68,7
2020-05-22 16:37:09,3.7,32.87,85.73,7
2020-05-22 07:08:26,3.9,32.89,85.71,7
2020-05-22 03:12:50,3.8,28.18,104.74,8
2020-05-21 15:49:04,3.0,39.65,74.41,14
2020-05-21 14:59:37,3.1,39.65,98.62,18
2020-05-19 07:23:07,3.2,40.69,113.9,12
2020-05-19 04:35:53,3.5,27.18,103.16,8
2020-05-18 21:47:59,5.0,27.18,103.16,8
2020-05-18 20:20:37,3.0,31.78,104.01,18
2020-05-17 13:22:06,3.8,29.88,94.98,7
2020-05-17 07:19:32,3.0,37.14,111.92,5
2020-05-16 00:31:36,3.3,39.1,103.65,19
2020-05-15 04:02:17,3.2,32.89,85.55,8
2020-05-15 02:49:45,3.1,42.35,85.0,10
2020-05-14 05:09:32,4.0,39.76,73.93,8
2020-05-13 21:46:59,3.4,41.25,83.46,10
2020-05-11 06:09:52,3.1,28.44,104.77,10
2020-05-11 00:49:13,4.2,40.8,78.7,21
2020-05-10 15:42:28,3.6,28.17,104.74,11
2020-05-10 04:11:18,3.4,40.77,78.51,10
2020-05-10 01:22:30,3.2,40.73,78.78,10
2020-05-09 23:49:22,3.0,40.81,78.74,10
2020-05-09 23:40:49,3.0,40.77,78.74,10
2020-05-09 23:35:59,5.2,40.77,78.76,15
2020-05-09 20:11:22,3.7,42.23,85.41,10
2020-05-07 19:47:07,4.5,41.41,80.81,12
2020-05-06 18:51:00,5.0,39.71,74.1,10
2020-05-06 09:51:33,3.7,42.14,85.55,20
2020-05-04 13:36:13,3.3,41.47,80.75,10
2020-05-03 23:40:20,3.0,33.03,85.62,8
2020-05-03 18:30:33,3.4,39.96,77.36,22
2020-05-03 11:24:40,5.4,23.29,121.6,40
2020-05-02 16:03:05,3.1,40.7,83.15,15
2020-05-01 22:49:31,3.0,39.52,96.8,12
2020-05-01 04:17:52,4.2,32.21,89.44,8
2020-04-30 20:18:24,3.1,37.64,77.92,8
2020-04-29 20:57:15,4.1,39.54,77.27,22
2020-04-27 20:19:33,3.4,27.18,103.15,11
2020-04-27 15:05:05,3.4,37.67,94.68,9
2020-04-27 13:44:41,3.0,41.23,83.46,11
2020-04-27 09:37:12,3.3,28.18,104.78,9
2020-04-26 22:55:57,3.1,44.02,84.58,10
2020-04-24 19:16:08,3.0,42.22,85.52,7
2020-04-23 17:04:40,4.1,28.42,104.84,8
2020-04-21 00:56:07,3.3,39.91,77.21,15
2020-04-21 00:54:44,3.6,39.94,77.25,17
2020-04-19 01:17:40,3.3,31.64,93.33,8
2020-04-18 05:35:21,3.1,32.98,98.9,20
2020-04-16 06:29:48,4.7,40.81,83.21,10
2020-04-16 04:39:54,3.7,36.92,84.94,10
2020-04-15 11:35:17,3.0,29.26,105.42,8
2020-04-15 01:46:33,3.0,25.25,98.28,12
2020-04-15 01:39:13,3.1,25.2,98.34,13
2020-04-14 16:10:06,3.0,40.81,83.22,21
2020-04-14 12:26:38,3.4,40.8,83.23,23
2020-04-14 12:11:54,4.5,40.73,83.2,15
2020-04-14 12:10:33,4.4,40.77,83.24,20
2020-04-14 05:10:55,3.1,22.24,100.05,11
2020-04-13 13:17:56,3.2,38.77,116.18,8
2020-04-13 00:22:06,3.2,38.39,91.65,10
2020-04-12 19:36:39,4.2,24.03,122.29,24
2020-04-12 17:51:34,3.2,39.91,77.15,10
2020-04-12 16:17:14,3.0,40.42,77.04,10
2020-04-12 11:06:47,3.0,29.41,104.49,8
2020-04-12 04:17:07,3.1,40.79,83.21,22
2020-04-12 02:12:38,3.9,39.94,77.52,22
2020-04-11 04:03:06,3.5,23.73,101.93,9
2020-04-10 01:54:15,3.7,32.61,96.36,10
2020-04-09 09:14:25,3.3,28.14,104.72,8
2020-04-09 07:49:18,4.4,24.27,121.95,24
2020-04-09 03:59:54,4.0,39.26,89.47,17
2020-04-08 05:51:23,4.2,39.81,73.95,10
2020-04-08 03:12:11,3.2,32.95,85.65,7
2020-04-07 22:05:18,3.7,41.34,81.88,22
2020-04-07 18:39:03,3.8,29.11,95.08,7
2020-04-07 09:39:37,3.4,38.24,99.93,10
2020-04-06 15:01:41,3.0,28.21,105.07,8
2020-04-06 07:48:26,3.2,32.96,98.95,18
2020-04-05 14:31:58,3.2,37.85,106.27,13
2020-04-04 08:45:50,3.8,32.76,85.48,7
2020-04-04 06:54:40,4.4,32.78,85.5,8
2020-04-02 17:10:59,3.0,44.79,80.65,12
2020-04-02 04:33:23,3.3,33.0,98.9,10
2020-04-01 20:32:26,3.0,32.97,98.92,8
2020-04-01 20:23:27,5.6,33.04,98.92,10
2020-03-31 18:30:24,3.1,40.87,83.64,18
2020-03-30 16:20:59,4.0,40.14,111.85,14
2020-03-29 22:28:26,3.2,39.96,77.4,8
2020-03-29 22:22:22,3.2,42.67,85.02,10
2020-03-29 12:29:16,3.0,32.34,92.45,9
2020-03-27 14:14:54,3.2,44.41,112.9,15
2020-03-27 13:07:25,3.0,22.87,100.85,13
2020-03-26 10:41:11,3.1,37.54,77.36,26
2020-03-25 16:45:55,3.4,34.51,85.92,10
2020-03-24 22:39:42,4.0,38.08,94.78,10
2020-03-23 03:21:39,5.0,41.75,81.11,10
2020-03-21 21:08:21,3.6,42.04,84.53,18
2020-03-21 00:18:43,3.0,41.82,81.07,23
2020-03-20 16:28:23,3.2,40.82,98.26,10
2020-03-20 09:33:15,5.9,28.63,87.42,10
2020-03-19 11:43:45,3.1,32.81,85.66,8
2020-03-18 16:43:41,3.6,27.1,103.05,8
2020-03-17 12:02:08,4.0,34.47,85.7,7
2020-03-17 10:30:37,3.6,28.67,104.99,10
2020-03-16 19:52:22,3.4,43.01,84.35,16
2020-03-16 17:44:55,3.8,44.15,89.45,23
2020-03-16 10:58:56,3.5,43.7,87.39,20
2020-03-16 01:14:40,3.2,32.92,85.66,7
2020-03-16 00:17:03,3.9,32.98,85.68,7
2020-03-15 19:26:28,3.4,34.94,103.87,10
2020-03-13 11:30:24,3.4,23.36,118.61,12
2020-03-12 23:44:03,5.1,32.88,85.55,10
2020-03-12 00:43:15,3.7,32.81,85.58,6
2020-03-10 08:20:15,3.4,32.63,85.52,10
2020-03-10 05:44:24,3.8,36.0,80.1,8
2020-03-10 02:38:46,3.7,32.86,85.54,7
2020-03-10 02:12:11,5.0,32.84,85.52,10
2020-03-09 18:20:39,3.3,40.89,108.87,15
2020-03-09 10:58:46,3.3,34.48,85.84,8
2020-03-09 00:59:16,4.2,32.79,85.58,10
2020-03-08 21:42:46,3.0,36.87,75.73,26
2020-03-08 06:58:16,4.0,36.91,75.81,10
2020-03-07 09:00:08,3.3,39.95,77.19,23
2020-03-06 11:34:44,3.9,32.62,105.39,13
2020-03-05 13:23:34,3.3,27.93,101.14,11
2020-03-04 21:28:35,3.8,31.85,95.03,7
2020-03-03 12:25:43,3.0,32.12,118.79,10
2020-02-29 05:36:25,4.6,41.79,81.07,19
2020-02-28 07:56:17,3.9,28.09,103.51,12
2020-02-27 21:14:05,3.2,31.93,95.13,10
2020-02-26 13:34:14,3.8,23.87,121.68,23
2020-02-25 19:14:02,4.9,24.42,121.45,15
2020-02-25 18:44:39,3.1,36.56,76.91,104
2020-02-25 16:18:59,3.2,29.5,104.55,8
2020-02-24 09:47:02,3.4,39.91,77.49,10
2020-02-23 03:38:01,3.0,38.25,113.98,18
2020-02-21 23:39:14,5.1,39.87,77.47,10
2020-02-21 02:11:05,4.0,34.54,85.88,10
2020-02-21 02:01:40,5.0,34.56,85.68,9
2020-02-20 04:44:34,3.1,36.46,116.63,8
2020-02-19 18:37:25,3.3,32.51,88.14,6
2020-02-19 13:27:45,4.3,23.87,121.59,9
2020-02-19 03:49:50,3.6,30.04,85.6,6
2020-02-18 17:07:16,4.1,36.47,116.64,10
2020-02-18 16:26:00,3.1,25.0,97.77,8
2020-02-16 04:28:19,4.4,29.48,104.5,10
2020-02-16 03:20:13,4.5,23.82,121.63,11
2020-02-15 19:05:01,4.7,23.86,121.53,10
2020-02-15 19:00:07,5.4,23.95,121.49,10
2020-02-14 16:02:36,3.1,43.79,86.33,15
2020-02-14 05:38:41,4.2,22.36,121.32,20
2020-02-14 01:49:19,4.5,24.22,122.14,29
2020-02-13 18:07:29,3.4,33.33,87.68,10
2020-02-10 18:12:35,3.8,41.71,89.34,15
2020-02-09 02:16:08,3.4,40.48,77.6,22
2020-02-07 08:12:39,3.8,48.74,125.25,14
2020-02-07 04:45:09,3.3,27.1,103.06,8
2020-02-04 01:02:56,4.6,23.59,121.56,24
2020-02-03 23:55:51,3.9,28.48,104.73,12
2020-02-03 00:05:41,5.1,30.74,104.46,21
2020-02-02 14:27:04,3.0,28.93,94.81,7
2020-02-02 13:37:00,3.9,38.36,75.39,120
2020-02-02 09:57:32,3.2,41.27,83.95,9
2020-02-01 17:43:58,4.4,28.89,95.72,10
2020-02-01 03:33:56,3.7,40.87,79.13,19
2020-02-01 02:06:09,3.2,43.12,88.88,25
2020-01-31 19:02:41,3.0,24.75,97.91,23
2020-01-31 18:55:19,4.0,24.74,97.86,20
2020-01-31 14:09:39,4.2,24.86,122.05,10
2020-01-31 13:51:17,3.3,39.9,77.17,15
2020-01-31 13:45:31,4.3,39.93,77.17,24
2020-01-30 15:38:11,4.2,39.02,94.72,10
2020-01-30 05:45:31,3.4,28.67,91.86,9
2020-01-30 04:20:14,3.4,28.35,104.95,11
2020-01-29 22:00:43,3.0,32.08,103.49,16
2020-01-29 18:13:59,3.9,39.95,77.16,21
2020-01-29 07:39:29,5.3,27.16,126.6,10
2020-01-28 20:43:45,3.5,33.05,121.38,14
2020-01-27 18:55:47,3.0,28.83,105.11,8
2020-01-26 03:49:35,4.0,39.92,77.2,20
2020-01-25 06:56:05,5.1,31.98,95.09,10
2020-01-25 06:44:14,3.0,39.93,77.38,18
2020-01-23 23:30:36,3.8,33.0,98.85,7
2020-01-23 22:57:28,3.1,31.67,103.13,9
2020-01-23 22:26:30,4.3,32.97,98.87,13
2020-01-23 12:52:53,3.6,41.83,82.3,21
2020-01-23 10:59:32,3.0,41.21,83.65,16
2020-01-23 05:26:23,3.5,23.35,101.9,8
2020-01-22 15:08:33,4.5,31.66,103.13,13
2020-01-21 22:47:20,3.1,39.9,77.52,16
2020-01-21 00:15:30,3.6,39.92,77.23,14
2020-01-20 15:33:31,3.4,39.94,77.29,19
2020-01-20 12:45:26,3.2,39.92,77.22,20
2020-01-20 11:17:16,3.6,39.91,77.36,15
2020-01-20 10:50:07,3.3,37.07,84.86,11
2020-01-20 09:27:52,3.1,39.87,77.46,14
2020-01-20 08:10:43,3.0,42.79,84.01,16
2020-01-20 05:15:17,3.0,39.92,77.14,16
2020-01-20 04:17:11,3.7,23.86,116.01,10
2020-01-20 03:56:09,3.0,39.89,77.24,15
2020-01-20 02:40:01,3.0,41.21,83.64,19
2020-01-19 23:49:30,4.3,39.89,77.47,16
2020-01-19 22:55:10,4.7,39.88,77.44,18
2020-01-19 22:23:01,5.2,39.89,77.46,14
2020-01-19 22:04:08,3.0,39.89,77.31,17
2020-01-19 21:51:52,4.0,39.91,77.27,19
2020-01-19 21:48:41,3.3,39.97,77.19,17
2020-01-19 21:39:33,3.4,39.91,77.17,16
2020-01-19 21:35:52,3.2,39.94,77.21,16
2020-01-19 21:27:55,6.4,39.83,77.21,16
2020-01-19 11:22:33,4.1,21.73,121.76,10
2020-01-19 08:04:38,3.3,41.21,83.63,13
2020-01-19 02:00:12,4.2,31.65,93.37,8
2020-01-18 00:09:21,3.9,39.81,77.17,25
2020-01-18 00:05:50,5.4,39.83,77.18,20
2020-01-17 07:09:01,3.0,42.02,84.55,15
2020-01-17 05:32:38,3.0,36.36,77.73,81
2020-01-16 16:32:38,5.6,41.21,83.6,16
2020-01-15 19:34:25,4.2,25.54,103.11,8
2020-01-15 17:19:31,3.3,39.42,73.67,16
2020-01-14 05:31:55,3.3,28.25,98.64,8
2020-01-09 10:11:15,3.2,39.77,115.63,13
2020-01-08 14:34:35,3.0,40.69,122.7,8
2020-01-08 07:02:05,3.0,41.73,84.41,11
2020-01-08 01:09:37,4.1,28.21,104.93,12
2020-01-07 22:09:42,3.8,38.45,100.47,17
2020-01-07 04:25:04,3.0,38.82,88.68,13
2020-01-06 22:21:25,3.7,37.45,112.34,8
2020-01-06 14:53:56,4.6,23.4,120.29,10
2020-01-06 13:35:50,3.0,37.92,113.11,5
2020-01-05 21:16:47,3.6,30.01,85.61,8
2020-01-05 21:14:01,3.6,30.07,85.55,8
2020-01-05 15:31:51,3.1,41.23,83.78,13
2020-01-05 15:30:49,3.2,41.19,83.73,9
2020-01-05 06:55:37,3.5,22.07,113.85,12
2020-01-04 21:56:26,3.3,38.76,100.89,13
2020-01-02 10:09:46,3.2,39.54,77.03,19
2020-01-02 04:43:39,3.2,31.66,93.36,7
2020-01-01 11:59:15,3.3,38.24,75.95,15
2020-01-01 11:01:57,4.3,29.02,105.01,21
2020-01-01 03:10:10,4.7,24.06,121.73,13
2020-01-01 02:48:22,3.4,29.49,104.53,9
2019-12-31 12:05:10,3.4,35.74,95.18,9
2019-12-30 16:27:48,3.4,43.32,83.93,18
2019-12-30 09:24:57,3.1,29.52,104.55,14
2019-12-30 08:52:29,3.7,35.77,77.6,21
2019-12-30 03:54:59,3.1,44.93,85.48,20
2019-12-29 08:47:12,3.8,28.43,104.88,15
2019-12-29 06:29:34,3.4,38.95,74.79,16
2019-12-29 01:07:19,3.0,39.81,77.16,18
2019-12-29 00:42:40,3.2,39.82,77.19,17
2019-12-28 17:54:40,3.1,43.38,83.91,10
2019-12-28 08:08:45,3.9,38.49,90.19,10
2019-12-27 03:24:56,3.7,32.28,105.0,12
2019-12-27 01:47:08,3.8,39.55,95.49,10
2019-12-26 18:45:16,3.2,28.42,104.82,8
2019-12-26 18:36:34,4.9,30.87,113.4,10
2019-12-26 12:12:21,3.0,25.68,99.68,9
2019-12-25 23:37:17,3.1,39.93,104.33,10
2019-12-23 06:03:46,3.1,36.39,79.31,10
2019-12-23 02:44:02,3.3,39.85,117.33,10
2019-12-23 01:43:16,3.3,22.96,117.8,11
2019-12-22 04:39:28,3.1,36.16,98.93,10
2019-12-22 00:01:29,3.0,29.99,103.21,28
2019-12-21 15:35:30,3.2,29.49,104.54,12
2019-12-20 08:52:03,3.3,29.5,104.54,13
2019-12-20 06:16:26,4.4,34.86,79.88,10
2019-12-19 20:07:53,4.6,32.47,87.23,10
2019-12-19 13:39:17,3.2,41.02,83.6,16
2019-12-19 12:48:55,3.2,41.08,83.61,16
2019-12-19 03:37:40,3.0,31.57,104.24,10
2019-12-18 10:40:11,3.3,37.76,76.12,110
2019-12-18 08:14:05,5.2,29.59,104.82,14
2019-12-18 01:00:23,3.4,33.1,121.45,10
2019-12-16 19:25:57,4.5,24.55,121.82,43
2019-12-15 02:53:19,4.5,38.91,79.12,25
2019-12-13 18:23:08,3.2,29.51,104.56,11
2019-12-13 18:18:52,3.0,25.94,99.7,8
2019-12-13 18:12:38,3.0,25.94,99.68,8
2019-12-12 15:56:13,3.2,33.11,121.45,10
2019-12-12 10:08:23,3.5,33.06,121.37,10
2019-12-12 08:49:18,4.0,36.94,78.78,10
2019-12-11 17:30:56,3.6,42.55,83.04,10
2019-12-11 09:13:56,3.8,39.97,77.99,16
2019-12-11 04:12:07,3.3,42.97,84.41,17
2019-12-11 00:02:52,3.4,24.89,99.17,8
2019-12-10 02:31:18,3.0,40.94,83.44,10
2019-12-09 20:46:37,3.1,39.19,95.93,12
2019-12-09 15:29:36,3.2,34.18,92.41,10
2019-12-09 15:20:57,4.6,31.56,104.25,10
2019-12-08 21:31:31,3.2,36.31,77.94,82
2019-12-08 16:10:17,4.1,33.06,121.39,15
2019-12-07 01:01:18,3.0,33.06,121.45,5
2019-12-06 23:23:14,3.1,33.04,121.45,5
2019-12-06 04:48:47,3.1,41.67,81.65,18
2019-12-05 15:54:04,4.0,40.38,78.24,26
2019-12-05 12:59:00,3.6,39.97,77.45,15
2019-12-05 10:46:27,4.9,41.73,81.65,15
2019-12-05 08:02:28,4.5,39.31,118.04,10
2019-12-04 20:48:30,3.9,41.7,81.63,7
2019-12-04 18:15:38,3.1,39.36,73.58,10
2019-12-04 15:52:54,3.1,33.12,104.86,12
2019-12-04 06:01:25,3.8,43.59,89.2,19
2019-12-03 11:34:11,3.4,40.45,114.55,13
2019-12-03 06:02:30,3.0,28.24,100.64,8
2019-12-01 22:04:30,3.3,47.84,123.59,18
2019-12-01 10:05:38,3.8,39.67,82.78,30
2019-11-30 23:58:51,3.6,27.64,100.93,10
2019-11-30 04:28:48,3.6,32.79,111.58,9
2019-11-29 01:04:26,4.0,36.15,78.04,100
2019-11-28 09:40:01,3.9,30.7,84.37,6
2019-11-28 07:49:50,4.3,22.9,106.66,10
2019-11-27 21:03:02,4.0,28.35,104.95,18
2019-11-27 12:11:51,3.0,33.01,92.3,10
2019-11-27 12:05:43,3.0,33.04,92.27,10
2019-11-25 11:56:51,3.2,22.9,106.7,6
2019-11-25 09:32:42,4.5,24.01,121.77,10
2019-11-25 09:19:48,3.9,22.96,106.69,10
2019-11-25 09:18:19,5.2,22.89,106.65,10
2019-11-25 01:02:35,4.3,25.97,99.7,12
2019-11-24 23:42:28,3.3,33.03,92.29,10
2019-11-24 13:39:43,3.3,40.79,77.63,10
2019-11-24 08:37:03,3.3,41.17,83.65,8
2019-11-23 16:12:15,3.3,39.4,74.53,16
2019-11-23 06:27:14,3.2,32.99,92.16,10
2019-11-22 15:27:02,3.1,32.98,92.25,10
2019-11-19 08:43:59,3.0,23.35,103.82,5
2019-11-19 04:14:16,3.9,28.23,100.61,15
2019-11-18 05:01:04,3.0,41.02,83.53,21
2019-11-17 18:05:08,3.1,40.27,77.67,18
2019-11-17 12:02:37,3.8,35.06,102.73,10
2019-11-17 06:37:38,3.4,31.23,103.56,22
2019-11-16 08:26:13,3.0,39.46,76.95,10
2019-11-15 22:25:48,3.0,40.31,77.67,10
2019-11-14 07:02:51,3.1,28.37,104.94,8
2019-11-13 21:34:28,3.4,39.13,105.56,15
2019-11-10 21:28:06,3.4,28.43,104.76,10
2019-11-10 06:46:51,4.1,28.17,104.99,8
2019-11-10 00:55:08,3.2,41.07,97.26,15
2019-11-09 14:05:05,3.0,38.42,90.0,7
2019-11-07 17:26:02,3.0,41.09,83.39,15
2019-11-07 05:46:18,3.2,28.38,104.9,16
2019-11-05 17:57:01,3.6,40.74,78.78,8
2019-11-05 13:29:50,3.0,36.71,80.2,7
2019-11-04 21:21:20,3.0,40.7,122.67,8
2019-11-03 10:11:15,3.0,26.09,99.58,11
2019-11-03 03:26:33,4.2,24.38,122.06,23
2019-11-02 17:05:06,3.1,40.35,106.85,10
2019-11-02 06:36:14,4.6,35.2,88.99,11
2019-11-01 15:33:02,3.3,32.48,117.59,10
2019-11-01 10:29:58,3.6,33.24,93.75,7
2019-11-01 03:37:23,3.5,24.39,102.77,12
2019-10-31 16:03:34,3.6,29.07,102.35,15
2019-10-30 19:04:34,4.0,37.0,75.85,10
2019-10-30 02:26:47,3.0,41.19,78.81,10
2019-10-28 10:53:49,3.0,35.09,102.67,12
2019-10-28 01:56:48,5.7,35.1,102.69,10
2019-10-28 01:09:50,3.4,26.21,104.55,7
2019-10-27 18:52:39,4.5,41.18,78.83,9
2019-10-27 13:33:15,3.0,41.09,78.85,10
2019-10-27 13:29:45,5.0,41.21,78.82,11
2019-10-27 08:39:21,3.1,26.2,104.49,10
2019-10-27 06:30:44,3.1,44.68,80.8,9
2019-10-26 22:08:50,3.0,29.56,98.85,7
2019-10-25 06:03:46,3.3,42.24,86.89,10
2019-10-24 15:37:56,3.2,37.93,86.15,10
2019-10-23 00:41:38,3.1,37.71,92.51,7
2019-10-22 21:19:25,3.9,36.32,78.17,90
2019-10-21 22:07:01,3.7,42.05,84.53,19
2019-10-21 11:52:52,3.0,30.07,101.89,8
2019-10-21 08:25:37,3.7,28.32,104.94,14
2019-10-17 19:44:31,5.1,24.02,122.58,16
2019-10-17 11:05:06,3.4,35.94,77.49,10
2019-10-16 02:36:22,3.0,26.04,100.33,5
2019-10-16 00:18:38,3.8,38.64,103.78,17
2019-10-15 01:23:55,3.5,24.57,99.03,8
2019-10-14 08:33:47,3.0,37.61,112.48,8
2019-10-12 22:55:24,5.2,22.18,110.51,10
2019-10-12 22:11:30,3.0,29.74,101.09,8
2019-10-12 20:07:43,3.3,44.16,83.65,8
2019-10-12 01:02:47,3.2,41.29,83.88,11
2019-10-11 08:42:10,3.9,41.09,83.6,13
2019-10-09 23:41:09,3.3,29.57,104.82,14
2019-10-08 22:21:49,3.0,39.84,77.17,10
2019-10-08 01:17:05,4.3,24.7,122.48,7
2019-10-07 21:39:40,3.0,44.99,80.83,22
2019-10-03 21:07:58,3.2,42.2,84.34,22
2019-10-03 20:08:12,3.0,37.36,75.42,6
2019-10-02 20:04:34,4.9,28.4,108.38,10
2019-10-01 04:51:53,3.9,30.61,100.39,13
2019-09-30 20:45:02,3.1,48.95,117.54,12
2019-09-30 20:24:18,4.1,40.22,76.15,19
2019-09-30 14:04:25,4.1,40.9,83.48,20
2019-09-29 16:16:31,3.0,38.14,75.61,103
2019-09-28 11:27:03,3.1,39.89,114.56,19
2019-09-27 18:58:30,4.8,37.84,88.78,10
2019-09-27 01:17:11,4.5,37.93,88.75,8
2019-09-26 23:41:31,3.1,45.22,124.68,8
2019-09-25 20:41:43,3.1,47.29,121.23,10
2019-09-23 17:36:28,3.2,29.26,94.97,6
2019-09-23 10:09:53,3.1,35.73,95.74,7
2019-09-22 15:24:32,3.1,38.08,120.44,8
2019-09-21 03:24:57,3.0,29.35,114.09,7
2019-09-21 00:33:09,3.5,28.26,102.23,17
2019-09-20 22:25:40,3.3,41.16,83.64,16
2019-09-20 03:43:07,4.5,41.26,83.79,10
2019-09-19 16:09:44,3.0,22.73,100.5,11
2019-09-17 00:14:06,3.3,31.76,103.18,19
2019-09-16 20:53:59,3.9,38.48,100.22,10
2019-09-16 20:48:39,5.0,38.6,100.35,11
2019-09-16 05:44:03,3.8,39.54,77.26,19
2019-09-16 00:34:56,3.9,42.31,84.32,20
2019-09-16 00:13:07,4.1,42.32,84.31,21
2019-09-15 18:12:46,3.1,40.76,78.77,6
2019-09-14 10:33:11,3.1,44.27,83.25,7
2019-09-13 18:34:55,3.3,26.13,101.92,13
2019-09-13 03:29:01,3.0,39.34,113.1,5
2019-09-12 20:17:53,4.0,28.41,104.78,10
2019-09-12 05:25:22,3.1,39.06,74.42,6
2019-09-10 14:08:03,4.6,24.0,121.88,9
2019-09-10 01:27:43,4.0,29.51,104.49,11
2019-09-09 13:07:50,4.3,21.17,121.48,90
2019-09-09 08:32:39,3.3,32.87,95.81,8
2019-09-08 10:36:22,4.3,29.51,104.53,7
2019-09-08 06:42:13,5.4,29.55,104.79,10
2019-09-08 06:36:03,3.0,29.59,104.82,9
2019-09-07 23:24:02,3.0,43.79,83.55,10
2019-09-07 13:31:14,3.1,38.34,75.39,127
2019-09-06 15:25:33,3.9,28.44,104.8,7
2019-09-05 21:58:35,5.2,14.77,116.16,20
2019-09-05 18:31:47,3.0,46.73,83.31,10
2019-09-05 15:26:51,3.2,41.67,88.69,10
2019-09-03 08:47:30,4.3,23.71,121.6,7
2019-09-02 01:19:44,3.1,29.07,95.81,6
2019-09-02 00:23:45,3.3,35.89,104.18,13
2019-09-01 09:04:50,3.1,28.51,98.88,9
2019-08-31 17:15:19,3.1,41.9,83.0,7
2019-08-31 15:50:20,4.1,23.09,121.64,10
2019-08-31 14:40:37,3.9,42.4,89.14,21
2019-08-31 13:46:22,3.8,35.49,88.4,6
2019-08-31 10:09:54,3.7,40.88,83.12,6
2019-08-31 06:24:54,3.9,23.34,101.99,8
2019-08-30 20:11:36,3.3,41.88,83.01,10
2019-08-29 15:30:35,3.4,25.89,100.07,11
2019-08-27 17:57:51,3.4,29.0,86.59,7
2019-08-25 13:56:40,3.2,25.11,99.51,9
2019-08-23 21:28:24,3.0,38.35,75.12,133
2019-08-23 16:08:40,3.2,39.5,113.99,5
2019-08-22 01:20:15,3.1,37.24,101.82,10
2019-08-20 19:25:38,3.1,38.83,74.88,7
2019-08-20 19:17:01,4.2,18.51,109.41,12
2019-08-20 10:48:17,3.2,18.51,109.41,9
2019-08-20 09:08:50,3.6,30.36,94.87,7
2019-08-18 20:41:19,3.3,28.42,104.78,8
2019-08-18 12:05:14,5.0,23.74,121.57,6
2019-08-18 04:48:02,4.3,23.37,118.56,15
2019-08-17 22:52:07,4.1,23.74,121.54,9
2019-08-17 03:58:01,3.3,39.61,77.1,21
2019-08-15 20:40:36,3.7,31.93,85.01,7
2019-08-15 07:47:01,4.3,30.38,94.85,8
2019-08-14 16:13:51,4.3,30.37,94.82,8
2019-08-13 06:31:53,4.1,28.36,104.87,12
2019-08-13 06:09:43,4.1,38.51,90.2,6
2019-08-13 01:47:27,3.2,28.22,100.62,13
2019-08-13 00:30:49,3.6,35.96,81.96,6
2019-08-12 11:32:27,3.7,30.37,94.85,7
2019-08-12 05:27:14,3.0,43.55,89.58,10
2019-08-11 19:07:57,3.8,30.41,94.86,7
2019-08-11 10:13:23,4.1,30.37,94.85,7
2019-08-09 21:05:32,3.9,41.14,83.41,15
2019-08-09 15:23:49,4.9,37.69,101.59,9
2019-08-09 09:22:29,3.2,32.44,87.4,6
2019-08-09 02:04:06,3.7,38.31,75.17,120
2019-08-08 05:28:02,6.4,24.52,121.96,30
2019-08-07 19:25:16,3.0,33.58,105.73,12
2019-08-07 10:58:52,3.0,41.15,83.72,8
2019-08-06 09:31:30,4.5,23.64,121.62,10
2019-08-06 09:19:48,4.9,23.61,121.7,13
2019-08-04 14:26:39,3.0,38.5,90.22,10
2019-08-03 19:16:18,3.0,27.38,101.39,19
2019-08-03 17:21:42,3.0,41.94,81.79,10
2019-08-03 06:24:44,4.8,23.63,121.58,5
2019-08-02 21:53:09,4.5,23.66,121.61,7
2019-08-01 17:13:48,3.4,31.07,95.16,10
2019-08-01 16:50:29,4.2,23.36,118.58,11
2019-07-31 12:16:09,3.0,40.78,83.56,10
2019-07-30 05:16:15,3.3,27.15,102.87,15
2019-07-30 01:04:34,3.8,28.17,104.74,8
2019-07-29 04:14:07,3.0,30.84,103.24,17
2019-07-26 14:39:56,4.0,24.77,121.8,60
2019-07-26 11:24:25,4.3,34.4,92.68,10
2019-07-23 22:25:24,3.0,28.38,104.94,6
2019-07-23 14:56:57,4.0,28.74,96.06,6
2019-07-22 20:32:16,4.6,42.69,87.76,8
2019-07-22 16:26:36,4.1,28.35,104.91,9
2019-07-22 16:19:00,3.0,28.38,104.84,8
2019-07-22 12:06:05,4.7,20.96,120.74,30
2019-07-21 22:51:55,3.4,26.19,100.59,14
2019-07-21 20:23:28,4.9,26.16,100.62,10
2019-07-21 06:51:31,3.0,23.34,101.97,8
2019-07-20 06:54:25,4.8,27.76,92.86,10
2019-07-19 18:07:51,3.0,27.74,92.81,8
2019-07-19 17:52:01,3.8,27.66,92.82,8
2019-07-19 17:22:14,5.6,27.67,92.89,10
2019-07-19 05:51:14,3.3,45.28,124.72,10
2019-07-19 01:21:28,3.2,28.14,104.74,11
2019-07-18 17:18:41,3.0,28.42,104.78,7
2019-07-18 14:15:28,3.0,41.32,83.74,8
2019-07-17 19:43:10,3.0,39.4,74.7,8
2019-07-17 11:46:41,3.2,26.59,100.17,10
2019-07-16 19:12:30,3.7,24.22,122.49,60
2019-07-16 18:12:56,3.0,28.42,104.83,5
2019-07-16 01:41:27,4.1,31.8,91.18,8
2019-07-15 06:25:52,3.4,35.19,81.13,8
2019-07-14 18:17:18,3.0,28.38,104.83,7
2019-07-13 08:57:41,6.0,29.15,128.26,230
2019-07-11 20:45:53,3.1,40.36,76.61,36
2019-07-09 02:35:35,4.4,23.82,122.48,9
2019-07-08 14:36:03,3.0,40.89,78.71,9
2019-07-08 00:37:40,3.2,28.41,104.86,4
2019-07-07 21:45:18,3.2,34.12,94.05,10
2019-07-06 22:35:05,3.6,32.52,93.57,10
2019-07-04 23:13:53,4.2,35.97,87.1,8
2019-07-04 18:01:42,3.0,28.13,105.02,7
2019-07-04 10:25:30,3.1,28.4,104.77,8
2019-07-04 10:17:58,5.6,28.41,104.74,8
2019-07-04 07:34:05,3.1,28.4,104.85,8
2019-07-04 06:45:19,3.6,28.39,104.85,12
2019-07-04 03:32:25,4.3,32.9,91.93,10
2019-07-03 19:00:04,3.0,28.4,104.8,15
2019-07-03 12:26:53,4.8,28.4,104.85,10
2019-07-02 18:17:23,3.3,37.41,95.4,10
2019-07-01 02:48:18,3.0,41.19,83.78,7
2019-06-30 21:44:44,3.0,27.56,112.1,6
2019-06-30 21:32:29,3.1,28.44,104.81,8
2019-06-30 12:14:25,3.0,28.43,104.77,9
2019-06-30 03:44:11,4.8,22.43,122.31,30
2019-06-30 03:09:29,3.1,31.0,98.96,7
2019-06-30 03:07:58,3.1,31.02,98.96,8
2019-06-29 23:54:13,3.1,43.32,81.85,22
2019-06-29 23:41:12,3.0,41.16,83.81,6
2019-06-29 22:08:17,3.4,28.43,104.76,8
2019-06-29 21:20:19,4.0,33.6,82.69,6
2019-06-29 10:12:26,3.4,27.56,112.07,8
2019-06-27 16:01:19,3.9,28.21,104.93,14
2019-06-27 07:24:26,3.0,28.4,104.8,9
2019-06-27 04:55:52,3.1,28.43,104.8,9
2019-06-26 18:10:45,3.0,38.65,99.03,11
2019-06-26 00:33:39,3.3,28.42,104.8,13
2019-06-26 00:33:16,3.4,28.39,104.81,8
2019-06-25 03:14:45,3.2,37.62,77.79,26
2019-06-25 03:10:20,3.4,34.73,87.85,6
2019-06-24 21:24:21,4.7,24.98,101.67,10
2019-06-24 09:23:15,4.1,28.44,104.8,10
2019-06-24 07:34:58,3.8,28.37,104.83,9
2019-06-24 04:47:22,3.2,28.44,104.81,10
2019-06-23 16:06:49,3.1,28.36,104.85,10
2019-06-23 15:21:21,3.2,38.65,74.12,8
2019-06-23 08:28:17,4.6,28.39,104.82,14
2019-06-23 05:08:23,3.4,28.43,104.79,9
2019-06-23 02:20:20,3.1,28.4,104.82,9
2019-06-23 00:12:51,3.0,28.44,104.81,11
2019-06-22 23:25:35,3.0,28.47,104.81,13
2019-06-22 22:29:56,5.4,28.43,104.77,10
2019-06-22 20:30:26,3.6,28.37,104.83,8
2019-06-22 17:53:57,3.2,37.62,77.81,25
2019-06-22 12:10:58,3.0,41.14,83.64,7
2019-06-22 09:29:24,3.4,28.4,104.81,7
2019-06-22 09:28:04,3.2,28.41,104.82,8
2019-06-22 04:09:54,3.0,28.42,104.8,8
2019-06-21 15:09:55,3.6,28.43,104.78,8
2019-06-21 12:03:51,3.0,29.61,104.76,9
2019-06-21 10:01:36,3.1,28.41,104.8,8
2019-06-21 06:56:49,3.4,28.43,104.81,10
2019-06-21 03:28:55,3.0,28.43,104.8,16
2019-06-20 22:47:51,3.3,28.93,87.5,5
2019-06-20 22:01:16,3.7,28.41,104.75,9
2019-06-20 20:58:45,3.4,28.4,104.75,15
2019-06-20 14:28:58,3.1,28.41,104.76,14
2019-06-20 13:17:12,3.2,28.41,104.76,5
2019-06-20 10:55:52,3.1,28.39,104.84,7
2019-06-20 03:55:31,3.0,28.42,104.76,9
2019-06-20 01:44:31,3.4,28.41,104.77,8
2019-06-19 04:39:14,3.0,28.38,104.89,8
2019-06-19 03:25:29,3.0,28.39,104.81,8
2019-06-19 03:02:43,3.0,28.4,104.82,10
2019-06-18 18:53:58,3.3,28.39,104.85,10
2019-06-18 14:38:35,3.7,28.43,104.75,10
2019-06-18 13:23:42,3.3,28.41,104.8,12
2019-06-18 08:39:54,3.1,28.36,104.88,11
2019-06-18 08:14:52,3.7,28.39,104.8,10
2019-06-18 07:34:33,5.3,28.37,104.89,17
2019-06-18 05:49:14,3.8,28.4,104.81,11
2019-06-18 05:04:03,3.9,28.41,104.79,9
2019-06-18 05:03:25,4.5,28.38,104.87,14
2019-06-18 04:13:54,3.0,28.36,104.88,9
2019-06-18 04:11:08,3.4,28.41,104.75,7
2019-06-18 04:04:29,3.1,28.38,104.87,8
2019-06-18 02:58:18,3.1,28.39,104.81,9
2019-06-18 02:57:25,3.8,23.37,118.55,13
2019-06-18 01:58:18,3.6,28.08,87.28,20
2019-06-18 01:01:24,3.1,28.41,104.8,10
2019-06-18 00:39:11,3.8,28.39,104.92,11
2019-06-18 00:37:55,4.2,28.39,104.87,10
2019-06-18 00:29:07,4.1,28.39,104.85,10
2019-06-17 23:36:01,5.1,28.43,104.77,16
2019-06-17 23:23:31,3.0,28.4,104.9,8
2019-06-17 23:09:01,3.6,28.39,104.84,10
2019-06-17 22:55:43,6.0,28.34,104.9,16
2019-06-16 20:51:13,3.6,33.33,103.75,7
2019-06-15 23:47:24,3.6,30.58,82.92,5
2019-06-12 20:51:07,3.4,36.64,77.46,90
2019-06-11 21:56:07,3.7,37.35,96.56,11
2019-06-11 05:18:15,3.1,37.52,78.18,10
2019-06-11 02:07:34,3.2,37.46,78.16,19
2019-06-09 22:17:22,3.0,41.2,83.66,16
2019-06-09 01:36:28,3.2,42.03,119.86,15
2019-06-08 05:47:04,3.8,42.23,80.47,5
2019-06-06 20:45:45,3.7,33.28,83.56,6
2019-06-06 18:44:31,3.1,39.6,96.16,13
2019-06-06 03:27:18,3.8,23.78,121.74,20
2019-06-05 18:12:33,3.0,41.19,83.65,10
2019-06-05 16:07:06,3.0,28.11,103.64,5
2019-06-05 15:26:55,4.1,28.11,103.63,8
2019-06-04 17:46:16,5.8,22.82,121.75,9
2019-06-04 08:33:00,3.0,43.56,89.45,7
2019-06-04 02:09:04,3.0,27.56,101.22,17
2019-06-03 01:47:11,4.0,45.38,124.81,12
2019-06-01 00:01:31,4.2,36.9,75.8,6
2019-05-31 23:53:18,4.2,22.89,120.58,27
2019-05-31 23:29:45,3.0,41.29,83.8,6
2019-05-31 08:36:40,3.8,34.44,83.03,7
2019-05-29 13:23:33,3.2,40.61,77.54,10
2019-05-28 11:06:21,3.2,24.44,102.75,15
2019-05-28 06:52:26,3.0,25.77,99.0,8
2019-05-26 14:04:16,3.0,40.58,78.97,7
2019-05-26 10:09:25,4.2,30.3,87.7,8
2019-05-26 09:44:54,4.3,30.34,87.7,8
2019-05-25 18:01:20,3.6,32.91,85.54,7
2019-05-24 19:48:38,3.0,41.29,83.67,7
2019-05-24 03:59:52,3.4,37.53,95.71,8
2019-05-23 14:12:49,4.5,24.02,121.57,15
2019-05-23 04:41:27,4.1,23.73,122.16,18
2019-05-22 09:37:24,4.0,23.96,121.67,20
2019-05-20 15:34:00,3.7,44.01,94.28,6
2019-05-20 03:57:46,3.4,38.85,74.82,9
2019-05-19 10:18:36,3.1,45.24,124.78,10
2019-05-19 07:54:55,3.0,38.86,74.79,7
2019-05-18 16:01:12,3.0,38.86,74.86,6
2019-05-18 15:55:15,3.1,38.84,74.83,6
2019-05-18 15:53:31,3.6,38.87,74.79,7
2019-05-18 15:13:55,3.0,38.86,74.83,7
2019-05-18 13:20:01,3.0,32.01,104.41,17
2019-05-18 06:24:48,5.1,45.3,124.75,10
2019-05-18 03:49:34,3.7,39.62,75.74,22
2019-05-17 11:56:52,3.2,41.23,83.82,6
2019-05-17 00:11:36,3.4,40.07,79.34,8
2019-05-16 06:08:17,3.5,24.34,99.98,10
2019-05-16 04:33:31,4.7,28.07,103.53,10
2019-05-15 15:20:03,3.0,43.67,86.95,7
2019-05-14 21:18:29,3.0,37.55,77.91,37
2019-05-14 17:48:32,3.9,47.44,86.71,15
2019-05-13 16:55:20,3.9,24.73,121.93,61
2019-05-13 14:25:03,3.1,34.27,104.79,12
2019-05-13 11:55:26,3.6,36.96,78.32,23
2019-05-13 10:13:23,3.4,42.06,84.16,15
2019-05-13 06:25:51,3.0,36.33,123.4,8
2019-05-13 00:48:17,3.0,40.13,75.6,6
2019-05-12 06:25:26,3.1,34.05,90.57,10
2019-05-12 06:01:51,3.1,39.97,100.58,21
2019-05-12 05:55:27,4.0,39.96,100.58,14
2019-05-12 04:54:18,3.0,39.03,74.49,7
2019-05-12 04:51:55,3.2,39.04,74.49,8
2019-05-11 22:18:14,3.6,22.96,100.86,8
2019-05-11 21:35:25,3.0,45.29,124.77,11
2019-05-11 11:54:12,3.3,45.29,124.66,11
2019-05-10 12:19:22,3.3,42.96,87.96,18
2019-05-10 03:15:53,4.0,45.11,80.44,7
2019-05-08 23:48:48,4.4,24.75,122.55,90
2019-05-08 04:39:51,3.6,37.37,95.25,9
2019-05-07 20:55:25,3.1,33.44,94.47,9
2019-05-07 15:05:31,3.0,38.87,99.79,18
2019-05-07 11:58:20,3.0,41.28,83.71,7
2019-05-03 20:02:46,3.2,45.5,84.74,18
2019-05-03 03:31:19,3.4,22.19,99.31,7
2019-05-02 15:57:58,4.5,30.43,103.01,14
2019-05-02 07:37:10,3.4,39.19,75.56,19
2019-05-01 16:13:13,3.4,36.94,75.84,16
2019-04-29 21:36:03,3.6,33.56,81.5,6
2019-04-29 20:55:17,3.4,32.34,83.95,8
2019-04-29 09:46:11,3.0,33.91,90.59,9
2019-04-29 08:23:21,4.2,39.32,73.67,82
2019-04-28 09:56:50,3.1,33.94,90.6,8
2019-04-28 04:27:37,4.8,39.19,97.45,10
2019-04-28 00:42:00,3.2,38.31,91.51,8
2019-04-27 01:19:12,3.3,28.14,104.76,11
2019-04-26 15:20:38,3.8,40.04,106.87,10
2019-04-24 23:55:25,3.3,28.08,103.35,19
2019-04-24 19:56:42,4.2,34.89,82.47,8
2019-04-24 04:15:48,6.3,28.4,94.61,10
2019-04-22 06:07:10,3.0,40.0,77.97,17
2019-04-21 17:10:20,3.6,36.34,114.43,11
2019-04-21 05:04:57,3.2,35.55,77.15,21
2019-04-18 13:01:05,6.7,24.02,121.65,24
2019-04-18 09:38:33,3.0,39.72,75.21,24
2019-04-17 06:05:26,3.8,37.44,78.11,10
2019-04-16 17:47:02,3.5,23.36,118.63,13
2019-04-16 04:17:43,3.4,32.33,105.13,23
2019-04-15 06:29:58,3.3,50.01,122.3,20
2019-04-15 02:31:06,4.3,32.26,89.39,9
2019-04-14 19:20:54,4.3,44.32,81.11,16
2019-04-14 12:47:01,3.0,40.34,116.39,19
2019-04-14 03:08:38,3.2,37.55,75.22,88
2019-04-12 17:27:49,3.7,30.33,87.66,8
2019-04-10 06:57:52,4.0,24.21,121.94,23
2019-04-10 04:24:13,4.3,23.93,121.65,10
2019-04-10 03:51:51,3.2,28.07,103.55,8
2019-04-09 23:13:22,5.0,23.96,121.61,10
2019-04-09 01:13:10,3.3,33.27,96.12,10
2019-04-08 16:27:44,3.1,22.63,100.35,9
2019-04-08 14:58:10,4.4,22.05,121.49,11
2019-04-06 12:02:34,3.9,39.0,74.49,6
2019-04-04 09:56:55,5.1,22.99,120.85,10
2019-04-03 09:52:56,5.7,22.95,120.87,12
2019-04-02 10:58:37,3.0,42.02,83.14,18
2019-04-02 07:05:51,3.6,33.34,96.16,10
2019-04-01 11:11:06,3.4,31.97,101.8,18
2019-04-01 10:54:36,4.3,24.95,122.22,100
2019-03-31 18:36:34,3.2,43.2,87.26,16
2019-03-31 04:08:37,3.1,28.93,105.42,10
2019-03-29 14:03:20,3.0,22.85,101.83,5
2019-03-29 07:11:01,3.6,28.66,87.1,5
2019-03-28 12:41:36,3.1,38.32,90.86,9
2019-03-28 07:00:20,4.2,38.32,90.92,9
2019-03-28 06:57:09,3.8,38.31,90.84,9
2019-03-28 05:36:31,5.0,38.28,90.89,9
2019-03-27 09:18:59,3.1,41.28,83.83,8
2019-03-23 21:53:25,3.8,33.34,96.24,9
2019-03-19 14:42:48,3.0,43.74,112.84,20
2019-03-19 12:01:34,3.6,24.8,121.89,77
2019-03-17 11:46:24,3.0,28.2,104.84,8
2019-03-17 04:25:47,4.0,41.19,83.71,10
2019-03-15 18:40:51,4.0,38.72,91.12,11
2019-03-15 02:14:24,4.2,38.78,91.1,7
2019-03-14 17:21:48,3.0,41.92,84.35,10
2019-03-14 13:32:42,4.3,34.97,101.83,10
2019-03-14 05:07:22,4.3,23.04,121.42,15
2019-03-13 12:32:34,4.6,23.65,121.64,24
2019-03-13 04:19:17,3.8,25.02,121.7,141
2019-03-10 20:34:35,4.2,35.37,91.99,10
2019-03-09 18:32:13,3.0,25.36,122.08,249
2019-03-09 07:10:30,3.3,35.28,81.12,11
2019-03-08 19:14:30,3.3,29.45,104.53,8
2019-03-08 10:32:14,5.3,22.46,121.34,11
2019-03-08 03:37:19,4.4,23.94,99.31,11
2019-03-08 02:52:11,3.0,39.4,76.83,10
2019-03-07 11:49:01,4.2,20.93,120.22,24
2019-03-05 23:33:51,3.1,25.41,98.62,8
2019-03-05 12:49:23,3.6,20.68,110.03,13
2019-03-05 06:28:09,3.9,42.22,86.93,6
2019-03-04 10:47:14,3.5,34.24,83.25,7
2019-03-04 02:06:28,3.0,28.08,103.54,5
2019-03-03 12:55:46,3.1,40.51,77.63,23
2019-03-03 04:34:26,3.8,21.27,121.45,20
2019-03-02 23:33:09,3.1,41.22,83.68,12
2019-03-02 05:34:48,3.0,40.47,77.45,23
2019-03-01 13:26:15,3.0,35.39,92.0,9
2019-02-27 10:54:25,3.4,40.98,83.48,20
2019-02-25 13:15:59,4.9,29.48,104.49,5
2019-02-25 08:40:26,4.3,29.46,104.5,5
2019-02-24 05:38:10,4.7,29.47,104.49,5
2019-02-24 02:38:43,3.1,21.19,101.78,7
2019-02-23 13:16:08,3.0,33.07,93.5,7
2019-02-23 03:36:33,3.6,29.1,97.09,9
2019-02-23 01:42:58,3.0,32.6,105.37,9
2019-02-22 13:41:56,3.1,26.83,104.19,10
2019-02-22 12:50:06,3.0,21.28,101.73,5
2019-02-22 01:16:35,3.4,43.35,82.08,17
2019-02-21 03:51:03,3.1,30.3,87.64,9
2019-02-20 11:40:12,4.5,38.45,97.37,7
2019-02-20 01:33:54,3.8,38.37,75.2,110
2019-02-18 14:37:58,3.1,42.29,98.21,15
2019-02-17 21:57:50,3.2,35.04,86.08,8
2019-02-17 14:14:06,3.4,36.86,78.03,22
2019-02-16 20:22:55,3.6,35.02,86.2,8
2019-02-16 03:35:10,3.0,32.79,94.92,10
2019-02-15 23:31:36,3.6,35.88,92.52,10
2019-02-15 22:08:06,4.1,23.81,121.81,32
2019-02-13 17:29:35,3.1,23.32,101.99,6
2019-02-13 02:23:02,4.1,23.75,121.6,6
2019-02-13 00:39:02,4.1,24.94,122.43,9
2019-02-12 22:49:56,4.4,22.85,101.4,5
2019-02-12 20:33:58,3.0,21.2,101.77,7
2019-02-12 10:55:21,3.3,29.57,104.76,6
2019-02-10 05:36:01,3.3,31.63,104.01,21
2019-02-09 01:18:43,3.5,32.57,95.93,8
2019-02-08 18:00:45,3.6,29.04,102.38,21
2019-02-08 00:52:05,4.6,23.28,120.61,24
2019-02-08 00:29:12,3.3,29.59,104.8,5
2019-02-07 13:35:49,4.0,29.22,87.44,6
2019-02-07 09:41:34,3.2,38.32,90.89,8
2019-02-07 00:30:12,3.7,41.29,83.88,8
2019-02-06 21:30:25,3.8,29.24,87.41,9
2019-02-06 15:51:35,3.6,29.2,87.45,7
2019-02-03 22:17:58,3.1,35.79,77.28,12
2019-02-02 06:00:54,3.0,46.72,83.31,6
2019-02-02 05:54:41,5.2,46.73,83.34,16
2019-02-02 05:26:06,4.1,27.11,100.93,15
2019-02-01 12:12:29,3.8,31.37,98.47,7
2019-01-31 13:15:00,3.1,34.3,102.44,10
2019-01-31 11:30:23,3.0,39.98,75.28,10
2019-01-31 10:04:11,3.2,40.02,75.29,11
2019-01-30 23:14:54,4.3,22.02,120.37,8
2019-01-30 19:52:36,3.0,37.84,78.09,17
2019-01-30 19:07:12,3.1,28.47,99.36,13
2019-01-30 13:21:34,5.2,23.77,122.43,20
2019-01-30 09:53:37,3.2,32.28,104.97,18
2019-01-29 22:57:37,3.3,44.75,81.47,10
2019-01-29 09:22:23,3.9,44.66,115.63,13
2019-01-28 17:53:08,3.0,39.43,77.12,14
2019-01-26 14:02:09,3.0,35.85,78.43,8
2019-01-25 09:55:40,3.2,39.07,75.42,10
2019-01-24 15:51:55,3.2,36.7,105.21,10
2019-01-23 14:40:37,3.2,29.5,104.49,5
2019-01-22 11:19:25,4.5,22.24,121.42,16
2019-01-21 21:37:31,3.0,28.91,105.44,5
2019-01-20 23:06:40,4.6,30.2,87.64,10
2019-01-20 22:28:33,5.0,30.09,87.77,10
2019-01-20 10:52:01,4.4,29.92,94.93,10
2019-01-20 08:35:49,3.4,30.83,103.2,21
2019-01-20 00:38:23,3.4,28.23,104.86,5
2019-01-19 02:11:20,4.5,44.85,93.07,7
2019-01-18 21:56:10,3.7,41.77,81.53,5
2019-01-18 09:14:53,3.4,38.2,88.95,7
2019-01-18 05:25:48,3.8,35.03,81.79,13
2019-01-17 21:32:36,4.3,41.75,81.52,6
2019-01-17 12:24:15,3.3,37.06,77.92,29
2019-01-17 07:56:10,3.2,27.34,88.94,7
2019-01-17 05:08:00,3.1,26.72,102.68,8
2019-01-16 12:43:16,3.2,26.06,105.26,10
2019-01-16 00:06:10,3.2,33.9,90.72,6
2019-01-15 23:52:23,3.1,28.07,105.02,9
2019-01-15 06:55:30,3.9,33.53,87.67,8
2019-01-14 21:49:40,3.8,40.4,77.12,6
2019-01-14 19:37:32,3.1,21.17,101.75,11
2019-01-14 11:40:41,3.4,51.51,124.02,9
2019-01-13 17:01:46,3.4,39.58,75.51,11
2019-01-12 20:20:46,3.4,41.25,83.48,7
2019-01-12 13:40:52,3.2,39.62,75.63,10
2019-01-12 12:33:22,3.1,39.47,75.62,12
2019-01-12 12:32:02,5.1,39.57,75.59,10
2019-01-12 04:03:21,3.0,45.24,124.66,9
2019-01-11 17:49:50,3.8,31.77,102.27,18
2019-01-11 04:20:47,3.2,41.94,83.92,15
2019-01-10 20:00:53,4.2,21.26,101.71,10
2019-01-10 17:08:13,3.1,21.29,101.71,8
2019-01-09 23:21:34,3.0,21.2,101.77,6
2019-01-09 21:55:29,3.2,38.22,94.75,7
2019-01-08 20:16:45,4.7,23.2,121.64,30
2019-01-08 08:49:24,3.6,28.49,99.38,21
2019-01-08 01:15:36,3.5,26.09,100.23,5
2019-01-07 19:13:05,3.1,29.44,104.46,4
2019-01-07 05:56:46,3.0,39.93,77.66,18
2019-01-07 00:22:30,4.8,39.92,77.66,10
2019-01-06 22:46:32,3.6,23.09,100.94,7
2019-01-05 20:37:30,3.1,30.65,99.6,7
2019-01-04 21:15:16,3.1,42.84,80.99,12
2019-01-04 15:59:31,3.2,28.36,104.93,6
2019-01-04 06:17:43,3.4,25.86,99.16,12
2019-01-04 03:36:13,3.3,38.46,104.23,20
2019-01-04 02:02:49,4.4,22.9,121.04,10
2019-01-03 08:48:06,5.3,28.2,104.86,15
2018-12-31 20:46:51,3.0,23.23,101.64,5
2018-12-30 13:32:05,3.1,24.67,97.94,9
2018-12-30 02:53:56,3.2,29.47,104.56,7
2018-12-29 11:01:38,3.0,29.46,104.56,11
2018-12-28 16:21:08,3.8,28.15,104.65,7
2018-12-28 15:57:37,3.3,30.34,87.72,7
2018-12-28 13:50:45,3.8,43.74,87.43,10
2018-12-27 15:30:07,3.6,22.55,102.11,7
2018-12-27 11:41:38,3.8,43.13,81.71,13
2018-12-27 09:06:13,3.2,38.32,75.79,129
2018-12-25 19:55:40,3.3,33.67,121.03,14
2018-12-25 02:40:39,3.2,30.33,87.74,6
2018-12-24 11:12:50,3.8,41.33,83.71,11
2018-12-24 03:49:38,3.9,30.3,87.75,8
2018-12-24 03:32:21,5.8,30.32,87.64,8
2018-12-20 19:49:43,4.3,39.04,74.73,8
2018-12-20 19:13:22,3.0,39.04,74.7,10
2018-12-20 19:08:08,5.2,39.08,74.75,10
2018-12-19 01:21:22,4.1,35.25,81.08,6
2018-12-18 09:13:03,3.0,42.74,82.71,20
2018-12-18 04:58:24,3.5,23.36,118.61,12
2018-12-17 03:20:35,3.0,43.68,86.64,26
2018-12-16 20:16:24,3.2,28.23,104.94,10
2018-12-16 12:46:07,5.7,28.24,104.95,12
2018-12-16 05:21:05,5.2,23.71,121.8,26
2018-12-15 21:42:29,3.0,40.2,75.78,5
2018-12-14 13:02:07,4.0,38.47,104.24,20
2018-12-14 10:45:06,3.0,41.33,83.73,10
2018-12-14 01:42:40,3.0,29.57,98.83,10
2018-12-14 01:38:15,3.0,29.61,98.8,8
2018-12-14 01:15:05,3.6,29.59,98.81,7
2018-12-13 23:39:42,4.4,29.61,98.82,10
2018-12-13 23:32:50,4.9,29.62,98.81,8
2018-12-13 13:47:32,4.0,38.94,74.74,8
2018-12-12 21:24:24,4.6,23.93,121.6,18
2018-12-11 08:21:31,3.4,32.95,90.18,8
2018-12-10 20:28:26,3.0,42.29,119.91,15
2018-12-09 23:15:41,4.8,24.02,121.57,21
2018-12-08 06:39:26,4.5,43.82,86.38,10
2018-12-05 20:22:51,3.7,23.36,118.62,15
2018-12-05 13:52:37,4.1,40.4,77.45,17
2018-12-05 09:22:15,3.0,38.15,76.73,20
2018-12-04 16:36:18,3.0,24.43,98.43,14
2018-12-03 06:11:50,3.0,23.35,118.59,14
2018-12-02 19:50:37,3.1,40.75,78.25,10
2018-12-02 12:43:52,3.1,39.69,74.44,8
2018-12-01 23:07:27,4.1,28.12,92.62,5
2018-12-01 01:13:59,3.6,39.39,77.55,16
2018-11-30 15:57:37,4.0,45.24,124.69,9
2018-11-30 03:57:11,3.1,23.32,118.6,15
2018-11-28 21:43:04,3.3,23.31,118.7,10
2018-11-28 14:28:16,3.2,30.35,87.67,6
2018-11-27 18:29:34,4.3,23.33,118.63,8
2018-11-27 15:04:52,3.4,23.33,118.55,13
2018-11-27 06:41:53,3.5,23.49,99.46,8
2018-11-27 06:06:11,3.6,23.37,118.61,14
2018-11-26 21:24:02,3.8,23.36,118.59,10
2018-11-26 20:50:56,4.5,23.31,118.65,7
2018-11-26 14:08:29,3.2,29.49,104.49,8
2018-11-26 12:19:12,3.1,33.32,90.78,9
2018-11-26 10:55:26,3.4,23.34,118.59,11
2018-11-26 08:15:15,3.6,23.31,118.6,6
2018-11-26 07:57:24,6.2,23.28,118.6,20
2018-11-26 07:18:02,3.7,39.73,73.93,7
2018-11-25 20:23:34,4.9,44.68,81.5,22
2018-11-24 04:41:10,3.8,42.39,84.65,8
2018-11-23 21:08:03,3.7,32.87,90.16,7
2018-11-22 17:08:17,3.1,33.31,90.86,9
2018-11-22 16:48:45,4.1,33.6,89.55,9
2018-11-22 11:08:25,3.0,41.19,83.69,7
2018-11-21 21:02:46,3.7,41.71,81.57,7
2018-11-21 14:53:34,3.7,40.38,78.72,13
2018-11-21 13:31:09,3.0,41.79,81.59,15
2018-11-21 05:44:49,4.3,33.96,84.03,6
2018-11-20 19:55:55,3.9,32.71,90.08,10
2018-11-20 19:41:53,3.2,39.21,74.03,8
2018-11-20 06:01:11,3.3,27.69,102.07,14
2018-11-20 00:31:33,3.8,24.54,121.87,11
2018-11-19 22:40:16,4.0,24.32,121.9,23
2018-11-19 14:19:00,4.4,23.96,122.48,16
2018-11-19 11:17:31,3.1,42.91,122.38,13
2018-11-19 00:48:33,3.2,41.75,81.59,6
2018-11-18 21:40:38,3.0,36.03,82.54,7
2018-11-16 15:01:23,4.3,35.52,89.61,9
2018-11-16 01:59:05,3.2,35.31,81.18,7
2018-11-15 12:01:29,3.1,37.58,112.33,5
2018-11-15 02:47:18,4.1,43.94,94.34,8
2018-11-15 01:10:49,4.2,34.0,83.89,7
2018-11-13 19:17:34,3.8,43.18,87.28,9
2018-11-12 10:26:42,3.2,28.23,104.96,7
2018-11-10 10:27:15,3.4,43.77,86.42,18
2018-11-10 06:27:02,3.6,34.4,83.52,6
2018-11-09 21:01:02,3.0,39.05,74.63,18
2018-11-09 00:06:18,3.1,24.2,102.71,7
2018-11-08 08:54:16,3.2,34.26,83.25,8
2018-11-08 05:05:11,4.8,22.8,122.55,30
2018-11-08 01:27:48,3.7,44.14,82.51,18
2018-11-06 13:43:43,4.3,32.81,90.33,9
2018-11-06 00:24:59,3.1,20.79,110.07,15
2018-11-04 22:20:45,4.1,33.33,89.38,9
2018-11-04 16:10:28,3.7,43.65,86.05,18
2018-11-04 08:08:09,3.0,30.6,100.39,8
2018-11-04 05:36:19,5.1,40.24,77.63,22
2018-11-04 01:20:53,3.4,40.24,77.62,21
2018-11-03 06:35:13,4.5,34.05,84.01,10
2018-11-02 18:31:53,3.0,29.91,94.93,6
2018-11-02 00:06:32,3.1,42.25,127.26,7
2018-11-01 07:09:01,4.8,30.33,87.74,5
2018-10-31 22:46:37,3.1,42.48,85.72,7
2018-10-31 16:29:55,5.1,27.7,102.08,19
2018-10-31 13:00:10,3.0,32.94,90.23,6
2018-10-31 10:09:45,3.0,40.38,78.72,12
2018-10-31 09:49:28,4.5,30.32,87.67,6
2018-10-31 09:08:42,3.9,35.53,87.71,6
2018-10-30 13:08:57,3.0,37.21,114.66,17
2018-10-30 10:22:18,4.7,39.45,75.12,10
2018-10-30 05:00:05,3.3,28.11,103.55,14
2018-10-29 22:19:11,3.6,31.93,93.46,7
2018-10-24 17:58:47,3.2,28.92,105.43,6
2018-10-24 17:58:29,3.2,40.91,78.67,11
2018-10-24 07:36:18,3.0,41.86,82.24,21
2018-10-24 01:31:17,4.2,40.89,78.69,11
2018-10-24 00:04:03,5.7,24.01,122.68,30
2018-10-23 14:44:28,3.0,29.4,104.46,5
2018-10-23 12:34:57,6.0,24.01,122.65,30
2018-10-23 05:37:26,4.5,44.16,82.51,15
2018-10-23 00:49:33,4.1,30.35,87.7,8
2018-10-22 23:10:04,3.4,30.33,87.67,6
2018-10-22 18:44:09,3.7,34.15,83.97,9
2018-10-22 18:08:32,4.0,34.17,84.02,8
2018-10-22 00:04:56,3.3,41.87,82.28,22
2018-10-21 23:11:15,3.1,41.88,82.24,21
2018-10-21 16:42:03,4.2,41.77,82.28,20
2018-10-21 13:21:34,3.3,43.97,82.96,16
2018-10-21 09:22:42,3.7,43.1,90.77,13
2018-10-21 08:20:57,3.1,25.17,99.49,10
2018-10-20 18:47:42,4.5,41.87,82.27,22
2018-10-20 17:17:08,3.2,41.84,82.26,22
2018-10-20 11:53:17,3.7,38.93,89.46,10
2018-10-19 17:47:56,3.0,46.21,90.29,14
2018-10-18 15:52:00,4.8,33.48,89.18,18
2018-10-18 04:08:48,3.6,39.49,95.3,9
2018-10-17 23:34:02,3.3,32.94,90.19,5
2018-10-17 13:29:18,4.5,25.89,102.21,11
2018-10-17 13:16:42,4.1,33.54,89.32,7
2018-10-17 00:03:29,3.1,38.92,89.45,6
2018-10-16 22:33:23,3.3,33.29,89.53,6
2018-10-16 19:05:47,3.8,32.86,90.28,8
2018-10-16 18:57:08,3.2,23.31,101.57,6
2018-10-16 10:17:06,3.0,44.16,82.53,10
2018-10-16 10:10:12,5.4,44.19,82.53,10
2018-10-15 22:12:57,3.2,38.38,75.71,139
2018-10-11 17:10:02,4.1,31.03,110.47,7
2018-10-11 15:06:30,4.5,31.03,110.47,7
2018-10-11 14:53:51,3.6,36.66,80.13,7
2018-10-10 22:47:25,3.0,43.78,88.35,30
2018-10-10 17:43:11,4.6,24.9,122.11,10
2018-10-10 07:30:36,3.1,40.63,79.61,9
2018-10-09 06:55:16,4.1,40.86,83.5,18
2018-10-08 22:47:55,4.3,39.53,74.74,10
2018-10-08 22:01:28,3.2,23.38,101.61,8
2018-10-07 19:15:39,4.2,43.24,87.27,10
2018-10-07 05:46:22,4.1,33.64,89.07,7
2018-10-07 04:04:48,3.7,36.84,84.98,6
2018-10-06 23:35:18,4.2,35.52,89.36,7
2018-10-02 18:28:11,3.9,34.14,84.01,7
2018-10-01 13:09:07,3.1,29.22,111.6,7
2018-10-01 05:30:29,3.0,39.77,82.65,9
2018-09-30 11:53:29,3.2,41.24,83.58,6
2018-09-29 08:48:43,3.3,40.17,78.06,27
2018-09-28 05:13:22,5.1,34.27,80.71,6
2018-09-26 18:32:47,3.2,26.21,104.72,8
2018-09-26 15:50:48,4.3,44.25,83.52,7
2018-09-26 01:15:39,3.2,29.46,104.52,5
2018-09-23 23:43:29,3.2,27.92,101.36,9
2018-09-21 09:51:58,3.4,29.46,104.52,5
2018-09-20 13:24:06,3.0,39.7,76.89,7
2018-09-19 11:50:17,3.3,43.3,82.57,22
2018-09-18 18:00:12,3.2,39.57,87.63,6
2018-09-15 09:13:13,4.5,45.19,124.71,10
2018-09-14 15:13:21,3.4,34.92,92.33,9
2018-09-12 19:06:34,5.3,32.75,105.69,11
2018-09-12 07:45:09,3.6,36.4,76.31,17
2018-09-09 17:38:28,3.1,44.89,80.93,18
2018-09-09 07:49:46,3.7,37.4,95.18,10
2018-09-09 06:24:49,4.2,40.87,83.51,16
2018-09-09 01:45:39,3.8,46.88,83.1,17
2018-09-08 10:35:58,4.7,23.28,101.6,15
2018-09-08 10:34:25,4.1,23.27,101.57,11
2018-09-08 10:31:29,5.9,23.28,101.53,11
2018-09-07 09:01:23,3.0,39.51,77.01,6
2018-09-07 04:06:42,3.1,39.52,77.04,10
2018-09-07 02:47:11,3.1,22.25,100.08,5
2018-09-07 02:42:46,3.3,39.51,77.02,6
2018-09-05 11:15:21,3.8,39.55,77.01,22
2018-09-05 02:44:08,3.6,39.47,76.99,18
2018-09-05 01:52:50,3.0,39.55,77.02,22
2018-09-04 21:57:57,3.4,39.5,76.95,25
2018-09-04 21:11:44,3.2,39.55,77.02,24
2018-09-04 15:11:54,3.0,39.53,76.96,23
2018-09-04 11:26:17,3.1,39.52,76.96,18
2018-09-04 10:51:24,4.6,39.48,76.89,17
2018-09-04 08:25:24,3.8,39.51,77.03,7
2018-09-04 07:29:13,3.0,39.41,77.08,6
2018-09-04 07:20:39,3.1,39.51,77.03,6
2018-09-04 06:52:57,3.3,39.5,77.02,9
2018-09-04 06:48:26,3.3,39.55,76.97,22
2018-09-04 06:24:28,3.0,39.51,77.0,5
2018-09-04 05:52:56,5.5,39.51,76.98,8
2018-09-04 05:51:44,4.7,39.51,77.0,7
2018-09-01 16:11:50,3.4,34.19,83.87,6
2018-09-01 05:18:01,3.0,41.37,83.72,7
2018-08-31 13:46:59,3.3,43.41,82.24,20
2018-08-30 07:32:08,4.2,34.08,83.95,7
2018-08-29 22:01:17,4.0,34.01,83.92,8
2018-08-29 15:59:49,3.0,39.95,77.5,38
2018-08-29 04:46:42,3.7,27.92,101.39,18
2018-08-28 23:30:07,3.1,27.93,101.42,13
2018-08-28 13:56:06,3.2,23.06,100.96,5
2018-08-27 19:20:56,3.0,43.56,83.17,7
2018-08-26 15:29:41,3.4,37.69,102.24,10
2018-08-25 17:52:49,3.3,39.59,75.28,20
2018-08-25 11:18:35,4.1,45.01,80.89,22
2018-08-22 16:01:42,3.6,39.18,73.91,7
2018-08-22 16:00:21,3.8,39.2,74.06,6
2018-08-19 16:18:19,4.4,33.27,88.76,8
2018-08-19 09:16:59,3.0,22.68,101.19,5
2018-08-19 04:06:29,3.0,39.85,75.24,23
2018-08-18 08:24:37,3.0,43.84,86.35,7
2018-08-18 08:15:17,4.7,24.06,120.94,10
2018-08-18 07:43:28,4.8,43.81,86.39,7
2018-08-18 01:36:37,3.8,27.42,103.96,7
2018-08-17 18:09:42,4.5,24.02,121.03,19
2018-08-15 21:28:11,4.4,27.43,104.0,10
2018-08-14 11:10:57,3.4,32.76,97.21,8
2018-08-14 03:52:31,3.0,24.19,102.72,7
2018-08-14 03:50:36,5.0,24.19,102.71,6
2018-08-13 09:31:42,3.6,19.9,113.05,10
2018-08-13 01:49:23,3.5,24.18,102.72,9
2018-08-13 01:48:17,3.3,24.19,102.71,6
2018-08-13 01:44:24,5.0,24.19,102.71,7
2018-08-12 02:00:22,3.2,45.24,124.67,9
2018-08-11 14:11:30,3.8,28.63,103.31,17
2018-08-11 01:17:30,3.2,27.23,103.89,14
2018-08-10 20:54:49,3.7,39.76,97.79,12
2018-08-10 18:30:56,3.0,27.25,103.95,20
2018-08-09 16:01:32,4.7,20.98,119.96,15
2018-08-09 04:19:28,3.6,39.12,74.05,6
2018-08-08 05:29:49,3.2,31.08,95.09,7
2018-08-05 20:01:17,3.0,27.94,101.32,13
2018-08-05 16:21:55,3.3,39.78,118.45,7
2018-08-04 22:56:43,3.7,27.93,101.35,12
2018-08-04 21:46:30,3.1,40.34,77.67,22
2018-08-04 12:04:12,5.2,35.19,81.11,10
2018-08-04 03:41:19,3.6,40.12,104.6,10
2018-08-03 09:34:20,5.1,34.9,92.33,10
2018-08-03 05:18:00,3.9,47.54,89.55,6
2018-08-02 21:38:18,4.4,23.67,120.67,18
2018-08-01 23:46:23,4.2,30.33,87.72,8
2018-08-01 23:45:29,3.1,30.33,87.68,8
2018-08-01 10:39:19,3.0,41.11,78.81,9
2018-07-31 05:38:02,3.1,21.25,121.26,56
2018-07-30 15:18:47,3.4,40.79,83.5,13
2018-07-30 14:00:05,3.0,24.3,104.18,5
2018-07-29 15:42:49,3.1,24.31,104.21,5
2018-07-29 11:22:50,3.0,32.0,83.63,6
2018-07-23 07:02:03,4.2,29.55,104.55,14
2018-07-23 06:43:49,3.6,29.55,104.54,13
2018-07-23 04:23:07,3.4,40.16,77.17,12
2018-07-22 15:14:49,3.0,42.59,85.81,13
2018-07-22 08:44:13,3.7,33.12,102.34,15
2018-07-21 08:40:35,4.0,35.09,80.99,7
2018-07-18 17:33:23,3.3,37.5,94.58,9
2018-07-14 02:38:38,4.7,22.96,121.25,4
2018-07-13 09:21:37,3.6,36.22,106.08,9
2018-07-12 01:41:22,3.1,26.32,117.21,8
2018-07-11 17:26:34,3.2,41.28,83.78,13
2018-07-10 21:23:57,3.2,43.75,86.38,12
2018-07-10 08:35:41,3.6,32.14,115.43,9
2018-07-10 08:17:54,3.1,42.99,80.57,12
2018-07-07 11:14:27,3.7,31.78,83.82,7
2018-07-07 10:56:28,3.0,43.12,93.2,10
2018-07-06 13:19:45,3.6,30.36,103.28,23
2018-07-06 12:49:46,3.1,30.35,103.29,23
2018-07-06 09:36:39,3.2,43.73,85.71,6
2018-07-03 17:20:55,4.3,23.18,120.92,6
2018-07-02 15:26:10,4.3,23.46,120.44,15
2018-07-02 11:24:40,3.1,30.29,96.97,6
2018-07-02 09:55:10,3.6,29.6,117.62,5
2018-06-30 16:50:50,3.1,34.25,103.58,8
2018-06-29 08:42:18,4.0,32.17,104.57,18
2018-06-23 16:38:17,3.6,39.52,76.94,24
2018-06-23 00:45:18,3.0,28.61,95.86,8
2018-06-19 07:45:02,4.2,35.9,78.44,12
2018-06-17 11:12:13,4.5,38.87,94.93,15
2018-06-16 04:53:54,4.1,24.63,121.85,79
2018-06-16 03:30:39,3.0,22.61,99.88,8
2018-06-13 14:18:38,3.0,34.69,109.18,15
2018-06-12 14:01:00,3.0,42.71,83.08,15
2018-06-12 11:46:31,3.0,42.39,86.8,8
2018-06-12 06:04:24,3.0,33.58,119.58,17
2018-06-12 04:52:29,4.6,23.96,121.7,11
2018-06-11 23:42:06,4.3,23.95,121.74,8
2018-06-10 09:29:34,3.3,40.13,106.78,10
2018-06-09 02:51:46,3.3,43.87,83.95,7
2018-06-08 20:45:06,3.2,33.69,89.44,8
2018-06-08 11:11:38,3.4,33.2,98.79,8
2018-06-07 22:07:27,4.2,41.65,82.73,7
2018-06-07 04:12:00,3.0,23.09,100.93,7
2018-06-07 02:56:20,3.2,35.88,78.44,8
2018-06-07 02:15:50,4.9,35.92,78.44,7
2018-06-06 22:50:58,3.8,37.48,75.81,7
2018-06-04 19:26:32,3.1,32.97,93.25,8
2018-06-03 08:37:26,3.0,21.88,111.71,12
2018-06-02 10:01:10,4.3,23.9,121.02,18
2018-06-02 01:43:26,4.1,23.93,121.53,16
2018-05-31 17:19:28,3.1,45.29,124.71,6
2018-05-31 13:00:41,3.6,45.23,124.64,7
2018-05-31 09:03:17,4.9,22.77,121.34,9
2018-05-30 21:31:32,3.0,25.05,97.79,14
2018-05-30 19:42:01,3.2,31.4,88.28,7
2018-05-30 05:48:54,3.2,40.63,77.28,6
2018-05-29 14:36:12,3.7,45.28,124.72,12
2018-05-29 06:37:54,3.1,36.81,78.89,18
2018-05-28 01:50:52,5.7,45.27,124.71,13
2018-05-27 17:27:25,3.2,34.09,89.28,6
2018-05-27 01:42:45,3.3,32.93,84.97,8
2018-05-26 14:52:35,3.4,37.09,103.82,15
2018-05-24 21:55:30,3.6,33.68,89.45,9
2018-05-21 21:20:31,3.5,21.93,100.75,9
2018-05-20 07:12:36,4.2,21.92,100.74,8
2018-05-19 11:09:07,4.2,24.94,122.23,24
2018-05-19 02:54:51,3.1,34.08,89.23,8
2018-05-18 15:12:29,3.0,29.57,104.57,10
2018-05-18 02:40:28,3.0,27.4,103.99,12
2018-05-17 23:06:42,3.0,38.7,98.1,9
2018-05-17 21:36:29,4.2,33.99,89.17,5
2018-05-16 16:46:40,4.3,29.18,102.27,9
2018-05-16 16:46:11,4.3,29.19,102.28,11
2018-05-16 16:44:02,3.2,29.2,102.26,9
2018-05-16 16:26:00,3.3,25.07,99.53,8
2018-05-16 08:49:31,3.0,41.21,83.57,8
2018-05-16 01:47:59,3.4,33.96,89.29,9
2018-05-15 10:36:57,3.0,42.0,84.5,15
2018-05-14 10:35:36,3.2,36.88,76.99,102
2018-05-13 22:17:05,4.0,43.78,86.42,10
2018-05-13 16:28:01,3.7,37.47,98.15,10
2018-05-13 04:25:27,3.0,39.16,76.73,23
2018-05-12 12:17:45,3.8,23.85,121.74,39
2018-05-12 06:18:19,3.0,42.65,85.88,10
2018-05-11 22:14:29,3.1,40.12,75.8,7
2018-05-11 01:35:42,3.1,36.68,78.88,16
2018-05-11 00:24:57,3.2,38.78,75.08,8
2018-05-08 23:11:32,3.8,28.12,103.47,13
2018-05-08 08:44:08,4.1,40.13,75.75,11
2018-05-07 13:54:48,3.3,32.88,90.54,10
2018-05-07 00:41:02,3.3,34.54,96.55,9
2018-05-06 17:23:39,5.3,34.56,96.53,9
2018-05-06 14:43:21,3.3,43.59,86.58,11
2018-05-06 03:56:38,4.6,35.97,88.44,5
2018-05-05 11:50:40,3.1,41.3,83.86,11
2018-05-05 01:28:45,3.2,43.81,86.36,22
2018-05-05 00:45:49,3.8,43.67,86.64,26
2018-05-05 00:37:43,4.8,34.55,96.6,8
2018-05-05 00:36:45,3.4,28.38,104.78,11
2018-05-04 18:43:44,3.3,39.58,74.68,13
2018-05-04 14:46:34,3.6,43.76,86.4,23
2018-05-04 13:50:08,3.0,34.52,96.61,7
2018-05-04 08:19:03,3.7,22.37,101.38,8
2018-05-04 03:40:03,3.0,42.0,84.55,7
2018-05-03 10:47:22,3.6,34.55,96.59,9
2018-05-02 07:47:04,5.2,23.97,122.29,15
2018-05-02 07:10:51,3.3,32.6,105.37,13
2018-05-02 04:28:44,3.2,28.5,102.71,21
2018-05-01 14:20:44,3.1,31.25,99.73,10
2018-05-01 11:44:48,3.0,43.66,86.66,12
2018-05-01 11:14:45,4.3,43.61,86.62,12
2018-04-30 19:31:18,3.0,36.91,75.81,7
2018-04-29 15:02:37,4.3,22.33,121.05,8
2018-04-27 20:14:06,3.0,43.98,84.45,34
2018-04-27 13:55:54,4.2,22.35,121.0,17
2018-04-25 09:15:07,3.2,39.97,77.03,57
2018-04-24 01:10:31,4.2,23.91,122.45,15
2018-04-23 03:16:00,4.1,35.23,87.93,7
2018-04-23 01:46:37,3.4,45.26,124.74,14
2018-04-21 18:56:54,4.0,23.11,121.66,8
2018-04-21 05:14:27,3.2,31.72,104.14,14
2018-04-21 00:02:11,3.4,39.3,93.39,12
2018-04-16 23:47:31,3.8,39.77,74.31,8
2018-04-16 21:48:59,4.4,23.05,121.37,18
2018-04-16 03:23:43,3.1,32.95,84.99,11
2018-04-13 18:16:53,3.3,31.03,103.21,22
2018-04-13 15:08:46,3.0,41.34,83.85,10
2018-04-13 00:24:49,3.5,35.25,89.77,9
2018-04-12 18:41:49,4.6,40.47,77.2,6
2018-04-11 19:53:36,3.1,35.62,117.76,10
2018-04-10 16:47:03,3.1,42.33,119.89,10
2018-04-10 12:51:26,3.1,21.93,101.37,5
2018-04-09 09:58:22,3.8,32.24,83.45,6
2018-04-09 01:53:29,3.1,39.45,74.04,12
2018-04-06 23:55:07,3.6,31.2,117.77,6
2018-04-05 23:08:01,4.9,41.1,87.65,12
2018-04-03 22:39:29,3.3,40.32,76.7,7
2018-04-03 16:14:38,4.9,39.77,74.3,9
2018-04-02 12:36:08,3.4,40.09,79.4,10
2018-04-01 21:10:13,3.7,25.21,101.77,7
2018-04-01 10:29:17,3.1,44.58,81.56,8
2018-04-01 09:18:33,4.2,42.14,85.46,6
2018-03-31 17:26:33,3.8,32.84,90.48,7
2018-03-31 08:09:19,3.0,39.8,74.97,12
2018-03-31 03:18:40,4.2,42.15,81.03,7
2018-03-30 11:15:13,3.1,39.48,76.88,22
2018-03-30 09:28:13,3.0,29.52,104.56,11
2018-03-29 08:17:50,4.9,24.08,120.97,6
2018-03-28 18:29:57,3.9,24.67,121.96,66
2018-03-25 08:40:39,3.3,28.92,105.45,6
2018-03-24 09:35:25,3.0,41.12,83.45,20
2018-03-22 22:27:51,4.4,23.65,120.59,11
2018-03-21 05:23:16,3.9,32.44,83.81,6
2018-03-20 18:34:34,3.1,38.05,84.91,7
2018-03-20 17:22:56,5.1,23.33,120.52,14
2018-03-20 04:44:04,3.7,21.88,111.71,16
2018-03-19 23:20:37,3.8,42.0,82.72,8
2018-03-19 06:23:27,3.2,41.91,82.6,22
2018-03-18 15:15:05,3.6,36.49,111.78,21
2018-03-18 12:29:25,3.1,33.24,103.79,5
2018-03-18 06:55:07,3.0,42.49,85.25,7
2018-03-18 05:28:04,3.3,41.2,83.72,8
2018-03-18 03:31:00,3.3,28.09,104.72,13
2018-03-17 16:05:12,3.2,44.3,84.86,10
2018-03-15 14:01:02,3.3,29.6,104.78,6
2018-03-15 07:29:39,3.2,26.59,108.86,6
2018-03-14 18:48:41,4.4,24.12,122.07,6
2018-03-14 12:11:35,3.0,38.8,75.23,19
2018-03-14 11:15:04,3.7,25.09,98.85,12
2018-03-13 10:36:44,3.0,45.26,124.74,11
2018-03-12 20:14:27,3.4,30.92,87.43,8
2018-03-12 14:33:15,3.4,38.35,75.02,137
2018-03-11 08:19:18,3.4,41.95,82.38,7
2018-03-10 00:39:11,3.0,29.58,104.78,5
2018-03-05 17:39:43,3.0,40.03,75.32,23
2018-03-05 06:49:58,4.2,45.26,124.62,10
2018-03-04 01:35:51,4.6,24.23,121.86,9
2018-03-03 21:18:33,3.1,39.36,93.45,9
2018-03-03 06:08:03,3.2,31.96,89.72,9
2018-03-03 02:07:10,3.0,41.32,83.93,14
2018-03-02 01:27:17,4.5,30.32,87.75,5
2018-03-01 00:35:18,3.1,38.54,76.26,8
2018-02-28 20:41:09,3.2,33.69,89.23,6
2018-02-27 21:42:30,3.4,31.61,103.45,15
2018-02-27 03:00:53,3.1,29.41,102.15,10
2018-02-26 05:30:14,3.2,40.11,75.1,9
2018-02-26 02:28:40,5.0,24.43,121.97,17
2018-02-24 17:55:33,3.5,30.47,101.54,22
2018-02-24 09:10:17,3.7,41.08,108.93,10
2018-02-23 14:43:30,3.5,42.33,119.92,15
2018-02-22 08:10:48,4.2,30.46,101.55,18
2018-02-22 07:10:40,4.9,23.5,121.66,26
2018-02-20 22:09:57,4.0,24.47,100.78,6
2018-02-19 22:47:00,4.9,24.61,121.63,59
2018-02-19 03:21:49,4.2,23.92,121.12,27
2018-02-18 11:44:11,4.4,32.29,105.02,19
2018-02-17 18:14:12,4.4,38.3,87.55,15
2018-02-15 18:17:24,4.5,35.89,82.3,9
2018-02-15 11:27:41,4.0,27.24,99.98,12
2018-02-15 07:58:58,4.2,34.93,86.85,44
2018-02-15 06:30:53,3.9,39.35,73.66,5
2018-02-15 01:14:33,3.9,43.96,81.63,18
2018-02-14 17:06:19,3.2,41.16,114.38,12
2018-02-14 13:23:26,3.7,39.79,73.99,10
2018-02-13 17:32:04,4.0,36.91,96.78,9
2018-02-13 15:21:38,3.7,39.72,74.31,8
2018-02-12 18:31:36,4.3,39.37,116.67,20
2018-02-11 21:12:23,3.9,30.32,87.69,11
2018-02-10 15:39:25,3.5,36.08,76.49,15
2018-02-10 06:17:46,3.6,32.35,89.93,10
2018-02-10 02:43:09,4.5,24.0,121.83,10
2018-02-09 22:58:05,4.9,22.32,100.89,12
2018-02-09 19:00:37,4.3,32.83,111.56,10
2018-02-09 04:58:48,4.0,32.71,93.27,9
2018-02-09 04:56:32,3.6,30.23,87.78,21
2018-02-08 21:28:18,4.2,43.75,92.48,10
2018-02-08 18:51:59,3.6,30.31,87.75,7
2018-02-08 17:34:37,3.5,37.97,106.2,10
2018-02-08 11:06:04,4.2,23.95,121.62,6
2018-02-08 08:54:17,4.9,23.94,121.62,8
2018-02-07 23:21:30,6.1,24.07,121.79,12
2018-02-07 22:19:20,4.6,23.92,121.78,10
2018-02-07 21:06:40,4.8,24.07,121.78,11
2018-02-07 19:13:05,5.0,23.98,121.79,13
2018-02-07 11:36:18,4.8,24.05,121.74,11
2018-02-07 10:18:04,4.8,24.07,121.71,8
2018-02-07 10:15:59,3.4,37.57,112.45,10
2018-02-07 07:43:53,4.6,24.03,121.62,7
2018-02-07 07:11:43,4.5,24.04,121.68,6
2018-02-07 04:56:23,4.6,24.07,121.68,6
2018-02-07 03:36:37,4.1,23.98,121.71,9
2018-02-07 03:15:30,5.9,24.02,121.69,10
2018-02-07 02:07:40,5.2,24.05,121.68,10
2018-02-07 02:00:13,5.2,24.1,121.74,10
2018-02-07 00:17:58,4.4,24.01,121.59,8
2018-02-06 23:50:42,6.5,24.13,121.71,11
2018-02-06 16:36:50,4.6,24.15,121.72,10
2018-02-06 15:03:23,3.5,27.94,101.32,16
2018-02-06 13:09:14,4.8,24.16,121.75,7
2018-02-05 23:58:42,4.8,24.08,121.7,7
2018-02-05 18:46:53,3.2,32.11,101.03,8
2018-02-04 22:13:12,5.5,24.16,121.75,10
2018-02-04 22:10:52,4.1,24.22,121.77,7
2018-02-04 21:56:41,6.4,24.2,121.72,10
2018-02-04 21:12:50,4.7,24.15,121.9,7
2018-02-04 05:46:32,3.7,44.64,81.37,16
2018-02-03 18:45:21,3.6,38.49,76.58,20
2018-02-03 09:20:37,3.6,35.51,105.42,0
2018-02-02 17:39:23,3.9,36.71,106.1,10
2018-02-02 13:41:23,3.5,40.28,103.85,15
2018-02-02 08:48:56,3.9,23.94,97.64,10
2018-02-02 08:48:22,4.3,23.95,97.69,10
2018-01-29 01:27:42,3.6,33.47,91.45,7
2018-01-27 10:15:41,3.0,41.26,83.88,13
2018-01-27 06:35:54,3.1,24.87,98.94,9
2018-01-27 00:31:30,3.9,22.96,120.98,8
2018-01-26 07:04:28,3.2,32.94,83.51,10
2018-01-26 04:42:56,3.7,33.2,83.32,7
2018-01-25 04:54:54,3.6,41.22,83.71,9
2018-01-22 20:41:17,3.0,44.28,82.88,9
2018-01-22 18:53:34,3.0,38.35,74.97,131
2018-01-22 08:25:35,3.6,37.6,77.85,26
2018-01-22 08:19:48,3.7,37.62,77.88,26
2018-01-20 21:50:50,4.8,43.57,87.42,24
2018-01-20 08:36:52,3.2,32.05,104.42,11
2018-01-19 22:41:15,3.3,36.42,76.85,5
2018-01-19 01:52:55,3.1,32.59,105.35,10
2018-01-18 20:41:57,4.2,43.6,82.76,6
2018-01-18 08:00:15,3.0,21.98,101.17,5
2018-01-17 13:59:12,4.1,25.11,121.61,129
2018-01-17 09:25:18,4.5,35.01,87.01,6
2018-01-17 06:25:06,3.2,40.35,75.01,8
2018-01-15 17:05:57,3.8,46.59,129.68,8
2018-01-11 22:13:31,3.1,23.93,99.6,5
2018-01-11 09:58:20,3.2,46.57,129.68,7
2018-01-11 07:45:55,3.0,44.83,92.68,6
2018-01-10 17:52:31,4.0,34.68,85.01,7
2018-01-07 03:55:15,3.6,37.52,78.04,23
2018-01-05 19:28:50,3.1,29.9,106.4,8
2018-01-04 20:21:07,4.3,45.29,124.65,8
2018-01-04 05:35:33,4.6,23.93,99.32,10
2018-01-04 01:28:35,3.4,30.27,96.96,6
2018-01-01 22:37:15,3.0,24.8,115.62,6
2018-01-01 00:02:50,3.3,33.5,86.6,6
2017-12-31 13:47:47,3.1,29.77,95.16,6
2017-12-31 05:56:09,3.7,34.22,84.81,6
2017-12-31 03:06:26,3.1,40.44,77.68,14
2017-12-30 12:13:18,3.4,27.91,101.42,16
2017-12-29 10:58:31,3.0,41.18,83.7,7
2017-12-29 07:25:01,3.0,40.58,77.6,10
2017-12-28 01:11:38,3.0,38.19,81.78,31
2017-12-27 12:40:47,3.9,36.53,77.96,103
2017-12-26 20:35:41,3.7,41.92,87.84,30
2017-12-26 05:02:19,4.1,39.44,73.74,10
2017-12-25 20:35:07,3.0,38.28,75.64,131
2017-12-24 02:47:54,3.1,33.56,91.11,10
2017-12-23 13:23:55,3.1,38.12,78.23,13
2017-12-22 09:28:12,3.5,33.48,91.3,10
2017-12-20 04:08:42,3.2,29.92,95.01,6
2017-12-20 01:40:52,5.0,29.88,95.08,6
2017-12-19 18:58:36,3.1,26.44,102.74,23
2017-12-19 02:39:39,4.4,40.53,123.04,10
2017-12-16 18:02:15,3.4,44.6,80.49,7
2017-12-16 09:43:31,3.0,35.81,80.68,9
2017-12-15 20:39:14,3.0,39.44,79.1,22
2017-12-15 20:38:21,3.9,35.14,101.86,7
2017-12-15 03:11:17,3.0,35.13,101.89,7
2017-12-15 02:54:25,4.9,35.13,101.87,7
2017-12-14 17:48:36,3.7,42.82,84.56,12
2017-12-13 07:17:38,4.1,24.04,122.4,18
2017-12-11 05:37:00,3.6,29.92,94.99,6
2017-12-10 12:52:35,3.6,41.73,88.37,9
2017-12-08 13:02:05,3.3,29.36,98.72,5
2017-12-07 07:29:05,5.2,35.69,77.46,87
2017-12-04 16:59:40,4.3,21.86,121.28,19
2017-12-04 01:50:12,3.8,39.17,74.34,6
2017-12-02 06:18:07,3.2,44.1,120.73,15
2017-12-02 01:31:34,3.4,38.72,104.71,10
2017-11-29 23:16:30,3.2,40.23,75.99,7
2017-11-29 20:52:10,3.1,33.14,103.85,10
2017-11-28 11:45:07,3.0,36.81,80.79,12
2017-11-27 11:30:34,3.2,33.03,94.17,11
2017-11-24 04:55:32,4.2,23.6,120.69,22
2017-11-23 22:12:38,3.2,29.88,95.07,6
2017-11-23 17:43:33,5.0,29.4,107.94,10
2017-11-23 15:13:45,4.2,29.88,95.13,7
2017-11-23 10:14:12,3.7,29.81,95.15,6
2017-11-22 22:20:10,5.2,23.71,120.6,16
2017-11-22 04:10:58,3.6,30.05,85.58,8
2017-11-21 21:15:20,3.0,38.34,75.81,131
2017-11-21 02:26:25,4.7,35.36,86.57,6
2017-11-20 05:47:08,3.1,29.39,104.05,15
2017-11-19 15:50:21,3.2,34.87,99.44,10
2017-11-19 09:15:47,3.2,32.2,104.58,11
2017-11-19 05:24:48,3.1,29.91,94.99,5
2017-11-18 17:54:38,3.6,33.78,94.94,10
2017-11-18 13:59:44,3.0,29.9,95.0,6
2017-11-18 11:36:04,4.3,29.93,94.99,6
2017-11-18 10:13:38,3.3,29.8,95.1,7
2017-11-18 09:11:50,3.1,29.89,94.99,5
2017-11-18 08:31:58,5.0,29.88,94.92,6
2017-11-18 06:37:58,4.0,29.77,95.11,6
2017-11-18 06:34:19,6.9,29.75,95.02,10
2017-11-15 09:24:57,3.1,31.06,95.1,9
2017-11-14 07:21:13,3.0,38.52,105.69,15
2017-11-12 12:56:29,4.5,26.75,125.5,150
2017-11-12 06:54:20,3.6,24.68,122.08,55
2017-11-11 20:22:53,5.0,23.68,120.69,20
2017-11-11 19:14:40,4.1,23.71,120.62,10
2017-11-10 11:03:14,4.2,31.54,103.97,19
2017-11-09 21:28:29,3.2,47.59,122.85,10
2017-11-09 10:13:42,3.8,34.61,78.52,104
2017-11-08 18:54:15,3.1,43.44,82.87,6
2017-11-08 03:06:42,3.2,30.31,87.74,5
2017-11-07 14:21:46,3.2,42.56,82.07,25
2017-11-07 05:31:08,4.5,33.21,103.79,16
2017-11-06 21:34:02,3.3,36.76,96.38,10
2017-11-06 14:22:10,3.0,24.8,115.62,6
2017-11-06 08:34:13,3.8,31.22,103.7,17
2017-11-04 07:34:47,4.7,23.62,121.59,13
2017-11-03 21:16:51,3.7,35.31,99.24,10
2017-11-03 10:49:00,4.9,23.01,120.98,6
2017-11-01 13:33:38,3.9,33.35,96.18,10
2017-11-01 13:28:39,3.0,33.38,96.16,10
2017-11-01 09:02:57,3.8,37.97,87.33,25
2017-10-31 21:52:20,4.3,34.73,103.31,12
2017-10-30 07:15:44,4.7,24.13,122.16,29
2017-10-29 05:22:45,3.0,40.33,76.96,8
2017-10-27 17:38:33,3.2,43.7,84.64,17
2017-10-26 05:02:12,3.9,37.28,75.37,8
2017-10-25 22:29:37,3.0,27.9,101.43,13
2017-10-25 19:31:00,3.0,37.26,75.3,6
2017-10-25 19:20:01,3.1,37.32,75.29,7
2017-10-25 10:05:37,3.2,37.23,75.27,10
2017-10-21 17:57:20,3.3,35.62,77.68,23
2017-10-20 00:13:29,3.2,43.52,84.42,6
2017-10-19 09:15:44,3.0,35.95,111.54,5
2017-10-18 04:16:05,3.9,33.04,91.77,5
2017-10-18 02:54:20,3.3,28.33,102.83,18
2017-10-17 03:45:08,3.4,34.67,101.88,10
2017-10-16 21:03:05,3.9,40.41,77.12,7
2017-10-15 18:21:01,3.4,36.25,102.22,10
2017-10-15 08:57:54,3.8,38.6,76.13,10
2017-10-14 20:16:54,3.3,38.6,76.14,10
2017-10-14 11:02:14,3.2,33.22,103.8,12
2017-10-13 23:17:05,3.0,42.2,83.52,8
2017-10-13 04:03:50,3.6,32.51,105.52,16
2017-10-13 02:34:11,3.3,25.18,97.91,7
2017-10-12 15:52:25,4.5,31.96,94.98,7
2017-10-11 23:53:40,3.1,33.62,89.98,7
2017-10-10 01:04:43,3.1,28.96,94.93,6
2017-10-09 07:29:52,4.0,22.49,121.34,7
2017-10-06 18:25:34,4.0,33.23,103.8,20
2017-10-05 03:18:11,3.3,33.29,103.78,17
2017-10-03 19:17:46,4.1,23.14,106.17,8
2017-10-01 20:18:11,3.7,28.5,96.42,7
2017-09-30 20:12:24,3.0,40.52,92.18,6
2017-09-30 14:14:37,5.4,32.27,105.0,13
2017-09-30 01:02:25,3.2,42.11,83.5,20
2017-09-29 15:57:05,3.4,33.86,90.5,9
2017-09-28 17:33:31,3.8,47.31,121.24,18
2017-09-24 13:49:45,4.0,24.01,122.32,19
2017-09-24 09:06:39,3.3,32.5,105.52,13
2017-09-24 02:50:46,3.1,32.5,105.51,5
2017-09-22 01:46:39,3.8,33.02,87.64,8
2017-09-21 18:03:12,3.0,27.93,101.41,15
2017-09-21 11:28:21,3.2,44.28,82.34,15
2017-09-21 10:17:49,3.2,46.95,90.83,6
2017-09-20 22:29:55,5.5,23.35,121.85,15
2017-09-20 01:12:59,3.3,41.24,87.28,5
2017-09-20 00:39:39,3.1,42.07,83.44,5
2017-09-18 23:54:16,3.7,40.82,77.32,22
2017-09-18 06:39:52,3.8,23.52,121.71,21
2017-09-16 21:01:27,3.1,27.77,100.78,13
2017-09-16 18:29:04,3.6,42.14,83.38,7
2017-09-16 18:11:32,5.7,42.11,83.43,6
2017-09-14 09:27:27,3.0,26.65,100.21,11
2017-09-13 07:59:41,3.3,33.26,103.81,23
2017-09-12 19:26:40,4.4,27.93,101.42,13
2017-09-12 19:25:59,3.0,27.91,101.39,15
2017-09-12 18:40:10,3.2,27.92,101.42,13
2017-09-12 00:35:04,3.6,28.93,105.42,2
2017-09-11 10:25:40,3.4,24.77,122.09,87
2017-09-11 01:18:50,3.2,41.88,82.47,7
2017-09-10 22:41:23,3.6,35.59,116.85,18
2017-09-09 23:58:50,3.0,33.29,103.75,10
2017-09-09 15:48:34,4.1,38.75,74.95,6
2017-09-09 15:25:58,3.1,27.29,100.31,5
2017-09-09 06:57:22,3.8,44.25,82.68,17
2017-09-08 04:14:51,3.2,39.92,77.4,7
2017-09-07 12:15:29,3.3,33.11,103.91,22
2017-09-07 06:53:40,3.1,45.26,124.75,8
2017-09-06 13:39:27,3.0,32.64,120.56,10
2017-09-06 01:57:20,3.4,33.24,103.79,10
2017-09-05 01:14:22,3.2,35.09,108.18,0
2017-09-04 21:47:22,3.8,34.41,87.46,5
2017-09-04 18:43:59,3.0,42.56,86.13,8
2017-09-04 16:34:05,3.3,37.61,78.18,25
2017-09-04 03:05:03,3.7,37.5,114.35,5
2017-09-03 06:13:12,3.0,38.39,76.56,8
2017-09-03 05:59:47,4.1,34.14,83.56,6
2017-09-02 03:30:54,4.6,36.28,106.01,10
2017-09-01 10:38:09,4.6,32.2,82.74,8
2017-08-30 21:46:17,3.0,27.9,101.37,8
2017-08-30 12:11:17,3.1,43.22,113.79,15
2017-08-29 20:52:58,3.2,41.28,83.85,8
2017-08-29 06:27:31,3.7,39.44,75.17,10
2017-08-27 08:58:13,3.4,33.2,103.74,15
2017-08-26 06:45:47,3.3,38.81,96.09,6
2017-08-25 04:28:51,3.0,33.07,103.91,15
2017-08-24 18:53:56,3.1,24.43,99.51,5
2017-08-24 04:18:06,3.0,44.3,82.74,21
2017-08-24 02:00:39,3.4,39.41,74.96,7
2017-08-23 11:38:42,3.1,37.49,112.42,5
2017-08-23 07:20:44,3.0,33.32,92.83,10
2017-08-22 19:29:46,3.0,39.79,74.4,6
2017-08-21 19:20:15,4.0,35.47,88.61,6
2017-08-21 09:12:13,3.1,30.37,94.84,8
2017-08-20 05:14:34,3.8,41.3,83.82,11
2017-08-19 19:52:10,3.4,33.11,103.91,19
2017-08-19 00:03:15,3.0,31.92,102.87,9
2017-08-18 17:19:24,3.4,44.28,82.73,8
2017-08-18 07:34:05,3.0,32.53,105.14,17
2017-08-16 20:51:25,5.7,28.69,127.94,180
2017-08-16 20:33:27,3.0,44.27,82.79,7
2017-08-16 12:06:08,3.0,35.99,77.71,7
2017-08-16 02:01:33,3.4,25.82,98.84,8
2017-08-15 16:06:27,3.0,33.11,103.88,17
2017-08-15 13:16:04,4.0,23.19,106.16,6
2017-08-15 11:58:15,4.5,45.42,124.75,7
2017-08-14 19:26:01,4.5,41.29,83.74,7
2017-08-13 22:38:31,3.4,33.08,103.9,18
2017-08-13 20:54:24,3.2,45.32,124.76,8
2017-08-13 15:41:49,3.0,44.3,82.85,8
2017-08-13 11:52:29,3.0,38.32,75.74,156
2017-08-13 11:10:58,3.0,23.91,114.48,11
2017-08-13 08:08:34,3.8,22.13,121.1,60
2017-08-13 01:09:59,4.3,30.31,94.92,7
2017-08-12 12:14:21,3.2,39.48,74.82,6
2017-08-12 07:56:39,3.7,33.12,103.87,12
2017-08-12 06:19:06,3.3,44.28,82.71,16
2017-08-12 02:20:13,3.1,44.29,82.77,7
2017-08-11 19:26:21,3.4,33.1,103.87,26
2017-08-11 09:58:54,4.3,23.19,121.41,21
2017-08-11 08:05:09,3.0,33.17,103.87,25
2017-08-11 07:31:12,3.1,47.56,89.58,6
2017-08-10 17:48:34,4.1,33.22,103.85,26
2017-08-10 17:38:31,3.0,33.26,103.76,19
2017-08-10 09:54:02,3.2,33.16,103.85,17
2017-08-10 08:10:22,3.3,44.26,82.71,8
2017-08-10 05:05:54,4.3,33.16,103.85,26
2017-08-10 03:06:09,3.0,33.14,103.86,24
2017-08-10 03:02:13,3.7,33.22,103.79,19
2017-08-10 02:30:50,3.1,33.15,103.86,26
2017-08-10 01:14:12,3.3,44.28,82.73,7
2017-08-09 23:47:52,3.3,44.33,82.79,7
2017-08-09 20:03:03,3.1,33.16,103.87,24
2017-08-09 18:02:09,3.2,44.31,82.85,7
2017-08-09 13:30:01,3.0,44.1,82.07,7
2017-08-09 13:22:40,4.6,44.29,82.78,8
2017-08-09 10:17:02,4.8,33.16,103.86,26
2017-08-09 09:32:47,3.7,33.28,103.75,19
2017-08-09 09:22:14,3.8,33.16,103.85,19
2017-08-09 08:54:32,3.1,44.28,82.69,12
2017-08-09 08:52:34,3.1,44.29,82.7,5
2017-08-09 08:51:02,3.0,44.29,82.74,12
2017-08-09 08:40:23,3.7,44.28,82.59,14
2017-08-09 08:29:04,3.9,33.28,103.8,13
2017-08-09 08:27:26,3.1,44.28,82.7,5
2017-08-09 08:22:37,4.0,44.3,82.71,6
2017-08-09 08:10:09,3.7,33.12,103.87,23
2017-08-09 07:44:31,4.7,44.31,82.76,8
2017-08-09 07:39:18,4.5,44.29,82.75,7
2017-08-09 07:36:27,3.3,44.29,82.75,13
2017-08-09 07:35:02,3.2,44.33,82.9,8
2017-08-09 07:32:51,4.0,44.29,82.74,12
2017-08-09 07:31:06,4.0,44.28,82.82,6
2017-08-09 07:27:52,6.6,44.27,82.89,11
2017-08-09 06:49:31,3.3,33.31,103.77,13
2017-08-09 06:49:03,3.2,33.11,103.88,18
2017-08-09 06:24:49,3.0,33.14,103.85,18
2017-08-09 05:41:09,3.3,33.14,103.83,10
2017-08-09 05:37:14,3.6,33.12,103.87,17
2017-08-09 05:16:02,3.6,33.3,103.76,10
2017-08-09 03:59:09,3.0,33.29,103.79,10
2017-08-09 00:35:17,3.2,33.13,103.85,20
2017-08-08 23:51:12,3.1,33.11,103.88,10
2017-08-08 23:49:18,3.0,33.28,103.78,9
2017-08-08 23:04:56,3.2,33.24,103.79,5
2017-08-08 21:41:34,3.3,33.18,103.85,9
2017-08-08 21:28:55,3.2,33.24,103.78,5
2017-08-08 21:19:46,7.0,33.2,103.82,20
2017-08-07 21:12:30,3.3,31.8,94.69,8
2017-08-06 15:43:18,3.2,39.03,75.2,18
2017-08-05 12:01:56,3.3,26.61,108.83,10
2017-08-05 03:24:01,3.3,39.56,95.59,8
2017-08-04 05:43:52,3.4,24.19,103.67,6
2017-08-01 06:31:02,3.0,24.01,108.63,2
2017-07-31 00:33:46,3.7,23.95,108.58,7
2017-07-30 11:12:31,3.6,39.14,74.39,6
2017-07-30 08:04:07,3.0,28.13,104.68,8
2017-07-29 07:06:51,3.4,22.78,100.37,13
2017-07-28 01:43:09,3.0,45.26,124.73,14
2017-07-27 15:08:13,3.9,21.73,121.46,87
2017-07-25 11:43:10,3.3,31.12,110.07,4
2017-07-25 05:46:36,4.0,41.71,88.51,7
2017-07-23 18:43:54,3.1,40.01,77.85,7
2017-07-23 07:13:30,4.9,45.3,124.81,12
2017-07-22 23:15:31,3.1,42.12,85.74,8
2017-07-22 18:59:22,3.0,41.97,82.45,8
2017-07-20 17:37:21,3.0,32.42,105.36,23
2017-07-20 16:12:25,3.2,41.31,83.82,8
2017-07-19 22:17:31,3.3,41.89,82.54,8
2017-07-18 07:59:44,3.7,40.78,78.76,7
2017-07-17 06:55:59,4.9,32.38,105.36,21
2017-07-16 00:56:12,3.6,30.67,82.73,5
2017-07-15 12:53:58,3.0,43.92,84.5,8
2017-07-15 01:51:00,3.0,44.04,84.7,24
2017-07-15 01:41:26,4.0,24.82,107.34,6
2017-07-14 06:18:03,3.0,36.57,122.09,9
2017-07-14 05:04:08,3.4,36.6,122.1,7
2017-07-13 22:03:57,3.6,23.33,100.52,5
2017-07-12 18:42:16,3.9,37.68,101.57,9
2017-07-12 18:38:10,3.0,21.99,101.16,9
2017-07-11 06:05:34,3.8,38.94,75.46,8
2017-07-10 03:33:42,3.2,39.65,82.76,15
2017-07-09 15:59:49,3.9,29.09,95.8,7
2017-07-07 22:54:28,3.0,37.49,78.06,20
2017-07-04 09:03:26,3.3,46.55,119.16,15
2017-07-03 18:04:27,3.1,43.98,87.07,7
2017-07-02 21:01:46,3.3,31.89,94.96,7
2017-07-02 14:34:56,4.1,25.12,101.71,5
2017-06-30 22:36:03,3.0,44.89,81.66,20
2017-06-29 03:46:51,3.1,40.25,77.76,7
2017-06-28 18:39:41,3.0,42.2,81.71,8
2017-06-26 15:35:49,3.3,36.43,83.9,7
2017-06-26 08:47:43,3.6,28.16,104.67,14
2017-06-25 11:23:15,3.3,41.3,83.85,15
2017-06-25 05:45:27,3.1,33.07,94.12,10
2017-06-25 03:47:05,3.3,37.23,77.86,8
2017-06-24 20:08:58,3.2,23.74,103.33,8
2017-06-23 15:58:30,3.0,41.31,83.7,9
2017-06-22 11:57:45,3.1,36.46,83.82,7
2017-06-21 15:25:38,3.9,24.72,121.84,11
2017-06-20 19:22:33,3.1,31.98,94.96,6
2017-06-20 08:28:01,3.0,38.08,120.75,7
2017-06-19 15:31:40,3.3,33.78,93.45,10
2017-06-18 17:39:20,4.1,31.04,110.46,7
2017-06-18 16:33:48,3.2,38.09,120.75,7
2017-06-18 14:09:29,3.8,33.57,91.18,10
2017-06-17 05:43:07,3.2,29.81,95.08,7
2017-06-16 19:48:11,4.3,31.06,110.48,8
2017-06-15 07:04:23,3.1,38.18,76.86,8
2017-06-14 14:04:07,3.8,33.58,91.18,10
2017-06-14 03:38:15,4.8,33.54,91.2,11
2017-06-13 02:50:18,3.0,47.34,121.52,15
2017-06-12 23:31:32,3.4,22.85,101.82,5
2017-06-09 23:33:21,3.4,33.44,88.12,8
2017-06-09 21:56:17,3.2,33.85,120.34,15
2017-06-09 21:17:40,3.4,28.12,104.86,10
2017-06-08 12:31:50,4.4,33.57,91.13,10
2017-06-08 08:56:53,4.6,33.54,91.19,10
2017-06-06 22:18:59,3.0,43.36,82.19,7
2017-06-06 14:04:58,3.9,31.31,103.18,9
2017-06-05 20:42:46,3.2,33.61,91.04,10
2017-06-04 21:24:46,4.4,24.67,122.7,12
2017-06-04 14:51:21,3.1,32.49,105.27,15
2017-06-03 18:11:10,5.0,37.99,103.56,15
2017-06-03 13:07:49,3.6,33.52,91.32,10
2017-06-01 11:02:55,3.3,37.54,94.76,9
2017-05-31 09:54:24,3.0,25.44,100.33,8
2017-05-31 00:49:16,3.4,47.39,85.72,7
2017-05-30 01:41:21,3.5,30.23,112.32,8
2017-05-28 18:59:23,3.3,42.21,83.66,8
2017-05-28 05:39:25,3.4,41.79,81.84,7
2017-05-27 14:02:13,3.1,39.87,74.01,7
2017-05-25 13:48:12,4.3,23.45,120.5,15
2017-05-25 04:53:36,3.1,23.77,103.36,6
2017-05-24 17:49:04,4.1,23.44,120.48,17
2017-05-23 21:07:53,3.6,30.72,89.06,6
2017-05-23 00:24:54,3.0,31.98,90.3,8
2017-05-22 18:15:13,3.0,33.92,106.06,12
2017-05-20 07:51:05,3.0,38.3,100.99,8
2017-05-20 02:18:49,3.3,39.17,73.96,6
2017-05-20 00:02:15,3.7,25.65,99.34,6
2017-05-19 23:36:48,3.0,32.55,112.76,8
2017-05-19 16:24:00,3.0,37.64,75.23,7
2017-05-19 07:06:58,3.4,30.27,96.99,6
2017-05-19 06:06:01,3.2,44.19,83.68,6
2017-05-19 03:45:13,3.0,36.42,97.23,9
2017-05-18 20:45:08,3.3,31.79,104.35,8
2017-05-18 03:27:23,3.0,28.98,103.16,12
2017-05-17 22:39:01,3.4,42.45,85.72,8
2017-05-16 13:05:47,3.0,38.35,75.42,130
2017-05-16 07:12:53,5.6,23.31,121.49,10
2017-05-16 00:20:02,4.4,33.05,99.0,10
2017-05-14 13:28:12,3.8,35.24,81.59,7
2017-05-13 19:50:39,3.1,32.88,104.19,12
2017-05-12 22:18:42,3.7,50.11,122.04,20
2017-05-11 12:03:40,4.2,37.59,75.31,6
2017-05-11 07:53:30,3.1,37.58,75.3,8
2017-05-11 07:38:17,3.0,39.08,74.34,5
2017-05-11 06:29:37,3.0,37.63,75.26,7
2017-05-11 06:00:55,4.5,37.62,75.27,5
2017-05-11 05:58:19,5.5,37.58,75.25,8
2017-05-08 17:18:22,3.3,32.6,97.45,9
2017-05-08 03:04:35,3.1,42.17,84.92,24
2017-05-07 21:35:17,3.6,32.96,89.45,7
2017-05-06 19:24:29,3.1,32.92,97.18,11
2017-05-05 13:07:29,4.0,23.38,121.65,34
2017-05-04 13:40:20,4.9,28.19,104.87,10
2017-05-04 13:36:28,3.4,33.71,89.48,8
2017-05-04 03:21:08,3.0,43.5,84.67,8
2017-05-03 13:53:08,3.0,42.11,87.84,15
2017-05-01 06:57:10,3.2,28.12,104.87,2
2017-05-01 00:40:09,3.4,24.31,102.26,10
2017-04-30 09:57:22,5.0,21.43,121.8,90
2017-04-29 22:20:43,3.0,28.16,104.85,10
2017-04-29 07:52:02,3.9,37.48,94.69,9
2017-04-29 04:41:02,3.0,41.78,88.24,6
2017-04-29 00:53:25,3.1,31.68,115.79,6
2017-04-27 10:10:12,3.2,29.27,86.2,5
2017-04-25 22:33:47,3.9,37.32,75.57,78
2017-04-25 14:06:10,3.2,23.34,101.62,10
2017-04-25 08:02:57,3.0,35.83,93.32,8
2017-04-25 01:22:48,3.4,36.37,106.07,16
2017-04-24 07:36:05,3.1,36.47,80.25,10
2017-04-23 05:26:57,3.9,31.44,103.97,18
2017-04-22 16:26:04,3.0,35.85,79.8,7
2017-04-22 14:09:19,3.9,37.01,79.03,19
2017-04-21 00:20:12,4.0,22.93,121.0,6
2017-04-20 11:39:14,4.3,38.13,77.87,8
2017-04-20 07:26:53,3.4,38.19,77.87,7
2017-04-19 12:49:13,3.0,39.15,75.53,10
2017-04-12 16:14:00,3.0,43.87,87.69,7
2017-04-12 02:25:36,4.2,30.08,119.34,15
2017-04-11 02:25:05,3.7,32.21,104.56,14
2017-04-08 02:08:36,3.1,38.12,120.78,15
2017-04-06 22:15:03,3.0,41.31,83.66,9
2017-04-05 18:34:58,3.3,28.28,104.84,12
2017-04-04 04:57:39,3.4,27.06,103.44,9
2017-04-03 19:34:18,3.7,45.92,118.4,15
2017-04-01 09:10:07,3.2,32.57,93.27,7
2017-03-30 19:10:02,3.3,39.91,75.13,16
2017-03-30 07:48:17,3.6,27.11,103.36,5
2017-03-30 00:34:02,4.0,22.49,121.03,10
2017-03-27 23:26:57,3.2,40.05,75.77,8
2017-03-27 22:06:53,3.7,38.11,120.79,9
2017-03-27 10:21:50,3.3,46.3,123.4,19
2017-03-27 09:10:26,4.3,25.85,99.81,12
2017-03-27 09:09:29,3.1,25.85,99.81,12
2017-03-27 08:50:21,3.0,25.9,99.79,10
2017-03-27 07:55:00,5.1,25.89,99.8,12
2017-03-27 07:40:28,4.7,25.87,99.83,12
2017-03-27 06:54:46,4.2,30.59,83.99,8
2017-03-24 11:03:26,3.9,38.82,119.55,10
2017-03-21 00:54:40,3.4,38.1,120.8,9
2017-03-19 21:45:13,3.8,37.1,77.93,21
2017-03-16 19:18:16,3.0,42.17,81.24,6
2017-03-12 20:21:17,4.5,27.09,103.4,10
2017-03-12 17:37:37,3.2,38.42,103.91,20
2017-03-10 11:09:49,3.2,43.61,84.02,7
2017-03-10 07:31:48,3.0,33.08,99.05,10
2017-03-08 06:10:51,4.1,24.32,122.17,38
2017-03-08 00:22:25,4.0,36.75,84.78,6
2017-03-03 02:48:34,3.9,38.1,120.84,9
2017-03-03 01:12:22,3.0,43.11,88.48,5
2017-03-02 08:17:17,3.1,44.27,81.39,5
2017-03-01 01:03:11,3.9,39.92,81.34,6
2017-02-28 23:11:25,3.0,23.92,114.48,9
2017-02-27 02:48:51,4.5,30.18,83.54,5
2017-02-26 03:24:50,4.0,31.02,103.38,13
2017-02-25 09:29:32,3.0,21.67,110.98,30
2017-02-23 02:41:23,3.8,30.77,110.77,7
2017-02-22 10:22:40,3.3,40.18,77.7,6
2017-02-22 04:16:01,3.0,41.04,81.87,9
2017-02-20 07:11:42,3.0,26.21,99.51,7
2017-02-18 21:37:21,3.1,29.6,101.99,15
2017-02-18 20:27:39,3.6,22.56,121.24,8
2017-02-17 11:19:28,3.0,31.65,109.23,5
2017-02-17 11:12:26,3.1,29.6,102.01,10
2017-02-15 13:53:03,3.2,39.26,100.17,17
2017-02-14 14:54:34,3.2,22.57,121.68,10
2017-02-13 01:33:34,3.5,29.09,120.68,6
2017-02-13 00:53:42,3.3,35.98,90.32,9
2017-02-12 15:07:25,3.2,39.65,96.97,10
2017-02-11 01:12:51,5.6,22.85,120.2,20
2017-02-09 00:26:05,3.3,35.21,111.02,18
2017-02-08 19:11:38,4.9,27.07,103.36,10
2017-02-07 17:56:00,3.0,38.97,74.51,8
2017-02-06 13:24:38,4.1,32.34,83.94,7
2017-02-06 10:59:00,3.0,35.7,81.64,8
2017-02-06 10:49:41,3.0,35.79,81.69,8
2017-02-04 21:44:31,4.1,35.62,81.62,7
2017-02-03 08:50:59,3.0,35.86,81.45,10
2017-02-02 08:34:29,3.7,28.15,104.7,10
2017-02-01 18:07:44,5.0,30.67,83.34,8
2017-02-01 00:33:41,3.0,44.0,84.74,9
2017-01-31 18:28:16,3.1,43.82,88.25,14
2017-01-31 14:16:00,4.5,31.53,93.97,5
2017-01-30 10:09:46,3.1,35.83,78.4,9
2017-01-30 02:06:07,3.8,40.69,77.61,6
2017-01-28 21:02:53,3.4,39.03,74.54,7
2017-01-28 07:44:31,3.0,41.35,83.68,7
2017-01-28 04:42:17,3.0,37.33,78.86,5
2017-01-28 02:46:32,4.9,28.09,104.72,11
2017-01-27 09:03:04,3.4,32.53,91.72,4
2017-01-27 00:52:02,3.0,41.97,80.93,6
2017-01-25 15:33:05,3.6,24.16,121.95,45
2017-01-25 14:38:03,3.6,30.1,103.61,24
2017-01-25 12:04:12,3.0,32.57,93.19,10
2017-01-25 02:41:55,3.3,38.21,76.73,7
2017-01-24 21:06:44,3.3,31.41,84.81,8
2017-01-24 10:30:09,3.0,38.27,76.77,5
2017-01-24 04:39:25,3.0,32.45,93.44,7
2017-01-24 01:38:21,3.0,39.37,73.57,9
2017-01-21 04:06:43,3.0,42.08,81.23,6
2017-01-21 03:52:50,3.0,42.62,84.15,7
2017-01-21 01:00:49,3.7,32.83,93.08,10
2017-01-20 17:54:01,4.8,38.2,76.73,7
2017-01-20 04:12:21,3.4,28.15,104.74,6
2017-01-19 19:56:51,3.1,31.44,88.3,7
2017-01-19 02:27:51,3.1,23.28,117.34,17
2017-01-19 02:04:18,3.3,40.48,77.66,7
2017-01-18 22:35:13,4.3,28.1,104.76,5
2017-01-17 21:02:29,3.2,36.19,78.22,10
2017-01-17 16:53:46,3.6,49.73,118.8,20
2017-01-17 11:04:17,3.2,49.73,118.79,20
2017-01-17 01:34:00,3.0,22.62,100.36,12
2017-01-15 19:29:17,3.4,28.16,104.69,10
2017-01-15 19:20:53,3.7,28.14,104.73,10
2017-01-15 18:05:35,4.2,28.16,104.72,12
2017-01-13 19:11:48,3.0,39.06,110.37,0
2017-01-12 14:42:25,3.3,38.45,93.11,10
2017-01-12 13:56:39,3.3,41.17,83.66,5
2017-01-10 04:25:54,3.7,35.56,77.87,78
2017-01-09 10:15:36,3.1,35.98,82.02,9
2017-01-07 16:36:09,3.4,39.41,73.63,9
2017-01-07 12:58:39,3.2,39.24,73.97,7
2017-01-06 13:25:59,3.4,42.01,82.56,4
2017-01-05 05:41:57,3.0,26.95,103.12,11
2017-01-04 23:14:30,3.7,29.53,102.14,11
2017-01-04 22:12:51,4.7,30.6,83.77,9
2017-01-04 15:07:22,3.7,24.12,121.85,47
2017-01-04 09:03:59,3.9,41.99,82.5,10
2017-01-03 19:41:11,3.1,37.39,114.93,13
2017-01-02 16:55:27,3.9,43.77,86.36,5
2017-01-02 10:10:09,3.3,40.75,114.16,15
2017-01-01 12:15:07,3.0,40.44,77.17,6
2016-12-30 08:30:53,4.2,24.93,121.91,70
2016-12-29 04:05:49,3.0,28.13,104.75,5
2016-12-29 03:04:06,3.0,39.21,73.84,6
2016-12-28 20:03:08,3.3,28.1,104.76,10
2016-12-28 16:14:18,3.1,39.09,74.32,6
2016-12-28 12:43:50,3.9,29.43,105.55,10
2016-12-28 10:40:31,3.1,28.14,104.74,11
2016-12-28 06:20:27,3.3,29.44,105.54,8
2016-12-27 08:17:32,4.8,29.47,105.6,10
2016-12-26 22:20:23,3.1,31.55,103.02,20
2016-12-26 04:49:10,3.2,32.54,96.39,9
2016-12-25 07:26:06,3.9,27.92,101.39,6
2016-12-25 04:51:55,3.0,36.29,105.98,6
2016-12-23 05:01:45,3.4,30.06,99.62,5
2016-12-23 04:43:49,3.4,30.08,99.61,11
2016-12-22 07:25:45,3.4,30.11,99.6,6
2016-12-22 07:24:16,3.4,30.1,99.6,9
2016-12-21 17:31:50,3.0,43.71,86.29,11
2016-12-20 18:04:38,5.8,37.25,84.81,8
2016-12-19 18:57:25,4.0,39.18,73.96,6
2016-12-18 11:08:50,4.3,37.59,112.48,5
2016-12-18 05:15:19,3.0,32.11,95.02,7
2016-12-17 13:00:01,3.2,39.23,74.02,7
2016-12-16 19:28:44,3.0,43.74,86.39,17
2016-12-15 22:14:30,5.1,22.86,121.26,5
2016-12-15 06:51:03,3.0,41.32,83.66,6
2016-12-14 21:58:27,3.0,36.88,77.1,17
2016-12-14 16:14:28,5.0,38.5,90.15,5
2016-12-14 15:59:29,3.0,43.78,86.28,8
2016-12-14 14:56:54,3.2,39.85,103.64,10
2016-12-14 08:51:19,3.4,36.92,84.64,6
2016-12-14 02:45:09,3.4,36.66,111.91,6
2016-12-13 16:11:50,3.9,39.14,73.99,7
2016-12-13 07:46:46,3.2,30.98,103.17,22
2016-12-13 06:04:44,3.0,39.17,74.29,7
2016-12-12 13:32:08,3.3,39.15,74.25,5
2016-12-12 06:12:05,3.0,43.79,86.25,16
2016-12-12 04:38:20,3.0,21.74,111.81,13
2016-12-11 22:21:04,3.1,39.11,74.38,7
2016-12-11 11:40:24,3.2,24.43,118.02,14
2016-12-11 11:36:23,3.3,39.12,74.39,8
2016-12-11 06:08:37,3.6,21.31,120.83,18
2016-12-09 12:09:46,4.3,24.79,121.99,20
2016-12-09 00:43:44,3.0,22.56,101.99,10
2016-12-08 23:57:54,4.0,43.8,86.28,16
2016-12-08 23:23:17,4.0,43.79,86.34,10
2016-12-08 22:51:04,3.1,43.75,86.39,15
2016-12-08 19:30:32,3.8,43.75,86.31,6
2016-12-08 19:17:29,3.0,43.77,86.4,6
2016-12-08 18:34:21,3.0,39.18,73.89,6
2016-12-08 17:02:40,4.0,43.76,86.38,10
2016-12-08 14:00:47,3.1,43.76,86.36,6
2016-12-08 13:35:34,3.0,43.78,86.36,9
2016-12-08 13:28:45,3.7,43.78,86.31,8
2016-12-08 13:27:38,3.0,43.76,86.3,6
2016-12-08 13:23:23,3.1,43.72,86.26,8
2016-12-08 13:22:01,3.9,43.74,86.27,7
2016-12-08 13:15:03,6.2,43.83,86.35,6
2016-12-08 10:17:09,3.2,27.02,100.85,15
2016-12-08 08:10:27,3.9,38.94,99.34,6
2016-12-07 19:16:38,3.1,39.17,73.82,6
2016-12-07 02:19:48,3.8,35.99,90.18,9
2016-12-07 02:00:40,3.3,41.92,112.71,10
2016-12-06 23:08:45,3.4,39.11,74.31,7
2016-12-05 15:46:25,3.0,24.06,102.64,10
2016-12-05 15:02:19,3.0,39.1,74.45,5
2016-12-05 14:25:25,3.1,31.89,104.47,7
2016-12-05 09:15:10,3.3,39.16,74.41,5
2016-12-05 05:34:21,5.1,32.32,92.31,5
2016-12-04 11:56:17,3.4,39.15,74.3,7
2016-12-04 11:27:19,3.3,39.18,74.24,7
2016-12-04 09:03:41,3.6,38.97,75.3,15
2016-12-04 03:20:09,3.1,32.12,104.99,19
2016-12-03 15:42:36,3.4,39.22,73.96,7
2016-12-02 15:22:32,3.2,39.21,73.87,7
2016-12-02 13:20:47,3.0,36.06,100.23,9
2016-12-02 10:35:43,3.2,31.99,104.49,9
2016-12-01 16:34:19,3.3,23.24,106.18,7
2016-12-01 13:23:32,3.2,43.7,86.8,10
2016-12-01 12:07:18,3.0,43.18,95.71,8
2016-11-30 20:04:33,5.0,22.78,121.39,11
2016-11-30 06:15:48,3.1,39.23,74.02,7
2016-11-29 11:50:21,3.2,39.1,74.31,8
2016-11-29 07:59:39,3.4,22.34,121.18,8
2016-11-28 13:46:03,3.0,39.23,74.07,6
2016-11-28 00:43:35,3.2,39.12,74.47,6
2016-11-27 22:47:58,3.0,39.11,74.46,6
2016-11-27 16:02:55,3.3,39.12,74.3,7
2016-11-27 13:06:39,3.6,39.19,73.9,7
2016-11-27 08:21:06,3.1,39.23,74.11,5
2016-11-27 05:04:06,3.1,39.19,73.94,8
2016-11-27 03:46:42,3.7,39.12,74.39,6
2016-11-26 18:23:44,3.3,39.23,74.35,5
2016-11-26 18:07:59,3.4,39.14,74.28,7
2016-11-26 17:23:24,5.0,39.14,74.26,6
2016-11-26 16:46:12,3.3,39.24,74.0,7
2016-11-26 15:42:53,3.6,39.25,73.96,7
2016-11-26 12:38:18,3.1,39.17,74.33,7
2016-11-26 07:12:44,3.8,39.2,74.08,8
2016-11-26 06:18:45,3.0,39.14,74.34,8
2016-11-26 04:58:20,3.9,39.12,74.29,8
2016-11-26 04:37:27,3.3,39.22,73.84,5
2016-11-26 04:07:28,3.0,39.16,74.4,6
2016-11-26 03:46:17,3.7,39.13,74.17,8
2016-11-26 03:29:33,3.0,39.19,73.91,6
2016-11-26 02:37:34,3.4,39.22,73.99,5
2016-11-26 02:06:51,3.0,39.26,73.83,10
2016-11-26 02:03:48,3.0,39.18,73.93,6
2016-11-26 00:59:02,3.4,39.19,73.94,6
2016-11-26 00:44:53,3.1,39.19,73.95,7
2016-11-26 00:23:48,3.2,39.26,73.98,8
2016-11-26 00:12:04,3.6,39.17,73.98,6
2016-11-26 00:10:31,3.1,39.22,73.8,7
2016-11-26 00:08:28,3.1,39.18,74.13,8
2016-11-26 00:03:55,3.0,39.19,73.91,7
2016-11-25 23:51:20,3.0,39.2,73.77,7
2016-11-25 23:39:06,3.0,39.22,73.85,5
2016-11-25 23:26:46,4.0,39.2,73.92,7
2016-11-25 23:16:22,3.7,39.15,73.8,5
2016-11-25 23:12:11,3.6,39.04,74.18,7
2016-11-25 23:11:36,3.0,39.19,73.95,6
2016-11-25 23:03:35,3.3,39.2,73.95,5
2016-11-25 22:59:13,3.0,39.27,74.04,5
2016-11-25 22:48:51,3.0,39.14,73.87,6
2016-11-25 22:47:09,3.7,39.12,74.33,7
2016-11-25 22:40:00,4.0,39.21,73.95,7
2016-11-25 22:37:31,3.0,39.04,74.3,7
2016-11-25 22:32:06,3.0,39.58,74.98,8
2016-11-25 22:30:32,4.0,39.08,73.84,10
2016-11-25 22:24:30,6.7,39.27,74.04,10
2016-11-25 22:18:58,4.8,39.19,73.91,4
2016-11-25 16:22:56,3.0,41.05,83.75,9
2016-11-25 05:55:54,5.2,24.14,122.38,19
2016-11-24 03:46:45,4.2,24.41,99.25,6
2016-11-24 03:44:30,3.5,24.4,99.25,6
2016-11-22 10:55:40,3.0,43.25,88.04,9
2016-11-21 12:50:37,3.1,31.49,93.97,8
2016-11-19 14:16:39,3.0,26.6,100.03,11
2016-11-18 07:22:57,3.4,37.66,112.52,7
2016-11-18 05:45:55,4.8,32.59,96.1,5
2016-11-17 12:22:46,4.4,25.71,99.87,5
2016-11-17 12:10:30,4.2,25.77,99.9,8
2016-11-16 09:13:51,3.9,38.96,101.52,15
2016-11-15 06:47:49,3.3,37.25,78.68,3
2016-11-14 18:39:43,3.9,37.83,102.21,5
2016-11-12 20:39:38,3.2,40.16,76.17,6
2016-11-12 06:25:31,4.7,24.11,122.43,21
2016-11-11 19:23:45,3.0,36.81,77.23,104
2016-11-11 17:22:51,3.6,47.38,87.64,5
2016-11-08 14:42:58,3.4,36.5,79.94,12
2016-11-07 19:56:26,4.5,23.01,121.4,18
2016-11-06 20:55:04,3.0,36.15,77.96,91
2016-11-06 18:17:13,3.3,37.59,78.89,8
2016-11-06 09:36:33,3.2,23.08,100.95,5
2016-11-06 04:11:39,3.1,33.87,94.26,9
2016-11-04 06:08:01,3.4,32.16,104.63,14
2016-11-04 03:41:08,3.2,37.63,113.6,5
2016-11-03 23:54:10,4.0,41.73,88.54,7
2016-10-31 21:25:53,3.9,34.99,86.1,7
2016-10-31 16:26:18,3.5,24.69,116.19,18
2016-10-30 18:07:10,3.2,32.79,94.89,9
2016-10-29 02:58:12,3.8,41.33,119.75,6
2016-10-28 18:50:53,3.0,41.62,78.93,6
2016-10-28 15:55:40,3.0,24.14,114.62,0
2016-10-28 10:08:46,3.0,25.19,104.3,5
2016-10-28 08:08:30,3.0,41.21,83.78,7
2016-10-25 22:29:20,3.2,32.59,104.16,22
2016-10-25 12:45:51,4.8,22.71,121.36,10
2016-10-24 10:31:39,3.0,43.9,87.12,6
2016-10-23 21:20:07,3.1,33.83,94.25,10
2016-10-22 22:36:21,3.6,35.97,87.2,7
2016-10-20 07:57:18,3.8,32.88,94.9,10
2016-10-20 04:51:10,4.4,33.7,120.3,25
2016-10-18 07:41:45,3.1,32.84,94.84,9
2016-10-18 04:52:34,3.2,32.85,94.91,5
2016-10-17 16:24:34,4.2,32.85,94.88,9
2016-10-17 16:06:26,3.0,32.87,94.92,9
2016-10-17 15:51:29,3.1,32.9,94.95,9
2016-10-17 15:33:37,3.6,32.89,95.0,10
2016-10-17 15:14:49,6.2,32.81,94.93,9
2016-10-15 11:50:43,3.0,39.39,73.54,6
2016-10-15 06:24:15,3.0,22.46,101.43,7
2016-10-12 23:34:14,3.0,36.03,82.46,7
2016-10-12 23:30:16,3.6,36.03,82.48,7
2016-10-09 14:33:11,3.1,42.6,85.86,10
2016-10-06 23:51:59,5.9,22.6,121.38,20
2016-10-05 23:27:39,3.0,39.67,118.32,10
2016-10-05 20:14:45,3.0,37.52,78.15,7
2016-10-03 05:19:04,3.2,25.38,99.46,6
2016-10-02 19:24:27,3.0,36.7,80.05,44
2016-10-01 21:11:24,3.8,34.16,90.26,9
2016-10-01 20:44:20,3.3,40.94,107.32,6
2016-10-01 19:35:56,4.1,31.26,88.45,9
2016-09-29 21:58:53,3.1,33.99,90.04,9
2016-09-29 05:36:27,3.6,29.58,101.89,11
2016-09-27 09:36:57,3.0,36.75,77.23,92
2016-09-26 23:48:49,3.9,30.1,99.66,18
2016-09-26 19:40:57,3.6,36.47,122.01,10
2016-09-26 16:03:23,3.3,28.12,103.53,5
2016-09-25 16:00:21,3.6,29.58,101.89,13
2016-09-23 01:23:11,5.1,30.1,99.61,16
2016-09-23 00:47:12,4.9,30.09,99.64,19
2016-09-23 00:29:58,4.1,19.06,119.57,5
2016-09-22 21:34:13,3.3,23.23,101.38,12
2016-09-20 12:26:21,3.6,31.3,96.82,8
2016-09-20 05:11:19,4.0,29.23,97.96,6
2016-09-17 17:00:08,3.6,43.88,87.0,24
2016-09-17 14:06:30,3.4,42.2,84.88,36
2016-09-17 11:42:23,3.3,26.11,99.6,10
2016-09-17 09:52:20,4.1,23.64,108.95,5
2016-09-16 05:19:48,3.0,43.32,81.89,15
2016-09-14 21:15:44,3.0,43.74,89.98,6
2016-09-14 08:41:55,3.0,40.55,105.46,6
2016-09-13 22:18:04,3.0,42.28,87.74,11
2016-09-12 12:57:41,3.2,36.28,77.98,90
2016-09-10 18:09:37,4.0,39.69,118.32,10
2016-09-10 10:44:50,3.7,28.11,104.83,13
2016-09-06 04:45:56,3.1,22.66,112.15,13
2016-09-04 07:31:53,3.1,40.34,77.25,11
2016-09-04 07:10:49,3.2,40.39,77.2,6
2016-09-03 02:43:36,3.0,41.64,79.05,16
2016-09-02 22:30:57,3.4,28.58,94.91,7
2016-09-01 00:28:53,4.4,24.47,122.2,20
2016-08-31 17:25:01,4.6,34.31,86.28,6
2016-08-31 17:07:11,3.6,34.28,86.34,6
2016-08-31 05:59:37,3.1,40.5,105.42,6
2016-08-28 12:50:32,3.7,36.81,77.14,93
2016-08-27 15:50:34,3.1,39.69,118.38,10
2016-08-26 05:26:31,3.6,40.57,105.07,6
2016-08-23 20:18:14,3.3,31.55,109.21,8
2016-08-23 13:32:20,3.8,35.88,91.44,10
2016-08-22 04:07:30,3.2,39.69,118.34,8
2016-08-21 17:15:35,3.1,39.7,118.36,7
2016-08-20 18:27:30,3.7,43.29,91.24,12
2016-08-20 00:12:10,3.1,36.63,76.1,7
2016-08-17 15:14:47,3.4,42.27,88.36,7
2016-08-17 14:43:23,3.0,43.88,87.13,3
2016-08-17 04:39:57,3.0,44.7,124.1,13
2016-08-16 07:59:49,3.0,43.35,89.08,7
2016-08-15 16:55:07,3.3,40.75,78.2,6
2016-08-15 12:35:28,3.3,24.71,99.56,5
2016-08-15 07:04:45,3.0,24.75,99.57,10
2016-08-15 03:12:41,3.0,24.74,99.56,12
2016-08-14 21:10:10,3.9,34.36,86.32,8
2016-08-14 06:44:19,3.0,32.81,88.58,6
2016-08-14 02:19:59,3.1,23.33,100.5,6
2016-08-13 21:22:35,3.4,27.03,103.41,9
2016-08-13 16:29:47,4.6,37.74,101.53,10
2016-08-13 02:00:55,4.7,40.69,78.23,6
2016-08-12 20:23:21,3.6,34.81,80.46,5
2016-08-12 19:25:20,4.2,27.03,103.39,6
2016-08-12 14:56:54,4.5,27.03,103.37,13
2016-08-12 08:46:23,4.5,34.4,86.21,4
2016-08-11 11:49:01,4.4,30.27,107.38,10
2016-08-11 09:00:59,4.4,34.32,86.18,7
2016-08-10 20:43:58,3.8,39.31,73.56,9
2016-08-10 18:23:37,4.0,34.53,86.37,6
2016-08-10 17:35:33,3.8,34.35,86.24,7
2016-08-10 11:00:26,3.7,34.28,86.5,5
2016-08-10 06:30:20,3.4,38.65,90.67,10
2016-08-09 06:30:33,3.8,26.09,99.59,10
2016-08-09 06:21:15,3.2,31.57,100.02,13
2016-08-09 04:39:09,3.1,35.6,98.41,10
2016-08-08 19:17:08,3.0,28.18,104.64,10
2016-08-03 07:06:13,3.1,39.44,73.63,7
2016-08-01 21:26:29,3.0,39.99,78.02,8
2016-07-31 17:18:11,5.4,24.08,111.56,10
2016-07-31 05:41:02,3.0,31.85,108.72,20
2016-07-31 01:43:48,3.0,51.76,120.43,6
2016-07-30 19:58:53,3.7,28.96,94.7,8
2016-07-30 04:41:06,3.6,37.01,104.31,12
2016-07-30 01:50:41,3.8,41.98,112.18,12
2016-07-27 12:02:37,4.4,24.32,121.72,5
2016-07-27 06:20:16,3.4,29.54,104.81,21
2016-07-27 05:51:46,3.7,38.33,75.75,130
2016-07-25 22:28:32,3.2,40.9,107.34,7
2016-07-25 17:04:30,3.9,40.72,78.24,7
2016-07-24 09:45:08,4.2,20.7,121.17,10
2016-07-24 03:55:53,3.0,44.53,81.28,6
2016-07-20 09:41:23,4.0,41.16,88.38,6
2016-07-19 22:44:30,3.0,27.68,111.86,6
2016-07-19 20:32:53,4.5,41.42,79.13,6
2016-07-18 08:12:47,3.0,41.44,79.14,8
2016-07-17 18:55:28,4.2,30.2,98.35,6
2016-07-14 11:32:23,4.0,23.12,121.42,18
2016-07-13 19:18:11,3.8,38.45,90.86,12
2016-07-13 11:42:42,3.4,25.68,105.38,14
2016-07-13 11:11:42,3.2,27.27,111.66,7
2016-07-13 01:23:13,3.1,38.47,90.15,10
2016-07-12 13:13:02,3.2,31.2,88.39,7
2016-07-11 04:48:47,3.1,31.9,95.0,12
2016-07-10 01:35:50,3.0,37.64,101.63,12
2016-07-10 00:36:58,4.3,39.95,77.98,7
2016-07-08 13:07:05,3.3,25.9,113.05,7
2016-07-08 07:38:08,3.1,37.93,75.72,110
2016-07-07 02:29:07,3.0,40.78,77.28,7
2016-07-01 19:01:14,3.7,39.44,73.72,8
2016-07-01 16:23:42,4.4,24.05,122.32,19
2016-06-30 21:33:54,4.2,33.26,84.95,8
2016-06-30 18:29:56,4.2,32.66,84.93,8
2016-06-28 23:09:54,3.0,39.45,73.65,8
2016-06-28 19:26:43,3.3,24.96,100.09,9
2016-06-28 17:07:15,3.7,39.43,73.61,11
2016-06-28 06:02:23,3.2,39.45,73.68,8
2016-06-27 23:53:10,3.3,39.39,73.6,6
2016-06-27 22:52:55,3.6,29.07,87.22,6
2016-06-27 18:57:20,3.3,39.46,73.68,9
2016-06-27 18:13:05,4.6,31.89,104.38,14
2016-06-27 15:34:12,4.1,39.46,73.61,6
2016-06-25 18:33:30,3.7,39.27,73.66,9
2016-06-24 10:41:01,3.0,28.7,95.38,7
2016-06-23 20:34:06,3.7,44.21,84.36,7
2016-06-23 08:37:34,4.0,40.95,114.2,14
2016-06-22 21:22:24,3.3,38.33,75.65,130
2016-06-20 15:53:32,3.4,24.95,121.75,85
2016-06-20 08:39:47,4.3,23.2,121.57,26
2016-06-20 02:20:58,4.9,20.61,120.72,10
2016-06-19 17:48:48,3.4,27.94,101.14,8
2016-06-19 11:05:12,4.5,42.16,81.43,15
2016-06-18 09:38:04,3.3,23.94,118.04,14
2016-06-16 23:12:22,3.2,28.11,103.54,12
2016-06-15 06:50:38,3.0,37.53,78.11,10
2016-06-14 13:29:28,3.4,39.78,106.37,7
2016-06-11 20:41:25,3.1,26.09,99.6,10
2016-06-10 13:47:29,3.1,28.32,87.58,7
2016-06-09 15:13:35,3.1,35.01,81.15,7
2016-06-08 17:17:55,3.0,23.32,103.25,5
2016-06-08 16:36:16,3.3,28.4,104.83,12
2016-06-03 19:50:12,4.2,20.74,120.38,8
2016-06-03 18:01:53,3.8,26.11,99.6,10
2016-05-31 20:13:20,3.8,36.45,77.94,95
2016-05-31 13:23:49,6.2,25.43,122.41,239
2016-05-31 04:17:58,3.3,27.68,119.99,5
2016-05-31 01:50:50,3.4,24.16,122.53,25
2016-05-30 10:52:46,4.1,24.17,121.82,4
2016-05-29 10:14:37,4.3,31.49,104.29,13
2016-05-28 03:08:14,3.2,36.3,77.99,91
2016-05-26 17:29:25,3.2,28.49,87.57,6
2016-05-24 20:12:09,3.2,40.88,79.26,6
2016-05-24 18:34:34,3.0,40.19,77.24,8
2016-05-24 08:56:14,3.0,37.36,92.87,10
2016-05-24 02:09:01,3.9,28.58,87.53,7
2016-05-23 13:47:45,3.4,27.92,101.16,12
2016-05-22 23:51:16,3.0,40.13,76.01,7
2016-05-22 18:54:58,3.0,43.36,85.37,8
2016-05-22 17:08:57,4.3,41.63,120.08,6
2016-05-22 17:08:06,4.6,41.62,120.1,6
2016-05-22 12:49:43,4.1,28.59,87.5,9
2016-05-22 10:06:17,4.2,22.88,120.63,5
2016-05-22 10:05:54,5.3,28.41,87.59,6
2016-05-22 09:48:45,5.3,28.36,87.6,10
2016-05-22 09:32:29,4.1,28.31,87.62,6
2016-05-22 04:51:41,4.4,22.89,120.62,27
2016-05-21 15:58:58,3.6,28.37,87.59,7
2016-05-21 13:47:47,4.0,24.19,121.8,12
2016-05-21 01:55:03,3.7,31.52,103.27,11
2016-05-20 13:22:25,3.8,43.1,88.48,6
2016-05-19 00:57:10,4.1,31.92,95.09,5
2016-05-18 22:59:15,3.7,29.02,102.25,19
2016-05-18 16:25:49,3.3,42.48,85.36,6
2016-05-18 08:22:44,4.1,23.23,121.64,23
2016-05-18 01:06:30,3.1,26.08,99.58,5
2016-05-18 01:05:11,4.6,26.1,99.58,10
2016-05-18 01:03:51,3.1,26.13,99.55,10
2016-05-18 00:51:18,3.4,26.08,99.6,5
2016-05-18 00:48:47,5.0,26.1,99.53,15
2016-05-17 08:24:32,3.8,39.78,75.5,6
2016-05-16 07:46:50,3.6,32.46,96.35,11
2016-05-16 01:02:29,4.1,39.8,75.44,10
2016-05-16 00:59:11,3.9,39.88,75.47,9
2016-05-14 11:32:49,4.7,24.23,121.71,10
2016-05-14 11:12:03,4.6,24.19,121.85,19
2016-05-13 16:24:12,5.0,24.78,121.98,6
2016-05-13 04:08:35,3.1,45.74,82.95,9
2016-05-12 12:29:56,5.8,24.77,122.02,15
2016-05-12 11:17:13,6.2,24.71,122.0,15
2016-05-11 17:16:39,3.0,31.94,101.13,10
2016-05-11 17:01:21,3.9,31.33,100.72,18
2016-05-11 15:07:45,3.3,31.92,95.03,8
2016-05-11 09:15:46,5.5,31.99,94.94,7
2016-05-11 04:30:48,3.3,30.66,83.33,8
2016-05-10 19:57:44,3.0,26.2,99.74,11
2016-05-09 03:32:46,3.2,34.84,86.64,6
2016-05-09 02:50:02,4.0,24.22,121.77,6
2016-05-08 18:13:47,4.6,34.89,86.73,6
2016-05-08 10:46:31,4.6,24.04,121.0,6
2016-05-07 22:51:08,4.3,24.18,121.86,10
2016-05-07 22:02:26,3.8,34.76,104.92,20
2016-05-06 15:53:23,4.0,23.58,121.49,6
2016-05-04 17:25:40,3.1,23.25,103.2,5
2016-05-04 17:23:58,4.7,23.27,103.22,10
2016-05-04 15:57:40,3.3,23.31,103.26,5
2016-05-04 15:51:48,4.6,23.28,103.23,10
2016-05-04 08:34:12,4.0,38.6,73.86,110
2016-05-04 04:27:01,3.3,40.46,77.65,10
2016-05-03 19:57:27,3.1,32.35,104.93,18
2016-05-03 13:25:22,3.0,39.4,74.67,9
2016-05-03 04:53:37,4.2,24.2,121.72,12
2016-05-03 03:09:03,3.2,23.34,100.5,5
2016-05-02 22:29:00,4.6,24.29,121.71,7
2016-05-02 05:31:31,3.3,40.34,105.49,10
2016-05-01 13:25:48,4.0,24.24,121.87,10
2016-05-01 06:46:58,4.3,24.21,121.72,14
2016-04-29 01:08:45,3.4,26.62,102.11,11
2016-04-28 09:14:46,4.2,24.31,121.85,8
2016-04-28 02:19:05,5.2,23.26,121.3,8
2016-04-27 23:27:38,4.9,24.26,121.83,7
2016-04-27 23:17:10,5.6,24.22,121.71,8
2016-04-26 17:33:53,3.3,39.83,75.11,8
2016-04-26 02:13:12,4.8,21.16,121.04,8
2016-04-25 17:16:55,3.6,34.14,87.34,8
2016-04-24 06:30:02,3.0,31.15,103.48,20
2016-04-23 19:19:48,3.6,35.86,106.18,6
2016-04-23 18:40:56,3.6,31.96,94.96,10
2016-04-23 17:32:55,3.9,31.9,95.11,6
2016-04-23 12:16:06,3.8,36.62,83.59,5
2016-04-20 04:12:35,3.1,40.91,78.93,6
2016-04-20 01:22:18,3.3,28.12,88.16,7
2016-04-16 18:55:45,4.4,22.53,121.93,8
2016-04-16 18:17:15,3.0,27.68,101.87,12
2016-04-15 17:55:41,3.0,31.3,117.72,8
2016-04-14 03:40:25,3.1,32.78,94.91,10
2016-04-13 08:37:52,3.0,42.04,89.06,9
2016-04-12 11:08:01,4.2,24.02,121.64,9
2016-04-11 22:39:36,3.1,37.52,78.02,10
2016-04-11 20:34:45,3.9,37.25,105.74,5
2016-04-11 13:45:08,4.5,24.68,122.04,50
2016-04-11 08:41:54,3.0,37.47,78.21,29
2016-04-10 03:15:41,3.0,37.73,77.88,28
2016-04-09 12:37:51,3.0,37.35,76.53,33
2016-04-08 01:23:42,3.0,32.44,104.94,21
2016-04-07 04:49:49,4.1,38.87,112.91,16
2016-04-06 15:24:12,3.0,39.4,78.13,18
2016-04-04 02:42:27,3.0,32.08,104.47,10
2016-04-02 10:30:08,3.3,37.5,77.94,18
2016-04-01 17:08:30,3.3,37.55,78.01,23
2016-03-31 21:11:06,3.8,42.19,81.47,26
2016-03-31 16:22:54,3.1,37.54,77.95,10
2016-03-31 14:25:37,3.5,37.57,78.04,10
2016-03-30 09:14:12,3.1,31.41,103.82,12
2016-03-29 22:57:12,4.3,41.35,89.45,21
2016-03-28 18:16:08,3.3,37.46,78.04,31
2016-03-28 16:07:58,3.8,22.84,121.16,10
2016-03-28 12:13:13,3.0,38.74,75.09,8
2016-03-27 12:12:57,3.1,35.56,117.68,0
2016-03-27 07:40:06,3.0,23.76,114.63,8
2016-03-27 03:58:51,3.5,34.99,110.86,5
2016-03-25 06:03:53,3.6,29.63,102.02,14
2016-03-24 02:23:29,3.9,39.81,106.36,10
2016-03-24 01:55:38,3.6,29.63,102.02,14
2016-03-22 01:12:22,3.3,35.73,99.21,9
2016-03-21 23:23:27,3.1,29.61,101.97,14
2016-03-21 22:06:02,4.1,35.74,99.2,9
2016-03-21 11:35:49,3.8,29.59,102.01,12
2016-03-21 11:29:32,4.7,40.27,98.22,20
2016-03-21 00:54:10,3.8,29.79,93.16,7
2016-03-19 10:54:56,3.0,29.63,102.01,13
2016-03-18 22:21:29,3.1,40.97,115.14,10
2016-03-18 01:19:51,3.8,29.61,102.01,5
2016-03-18 00:53:45,4.0,51.4,123.04,7
2016-03-17 10:13:24,3.7,37.46,78.06,23
2016-03-15 12:28:21,3.6,29.76,98.07,8
2016-03-15 00:14:24,3.0,35.01,110.88,5
2016-03-14 10:56:26,3.1,39.39,117.95,15
2016-03-12 11:14:09,4.4,35.0,110.9,5
2016-03-11 22:44:25,4.3,36.54,83.93,5
2016-03-11 19:07:16,3.6,27.92,101.4,11
2016-03-11 11:38:09,3.0,39.42,73.71,15
2016-03-10 13:43:36,3.2,40.15,78.08,8
2016-03-10 06:05:50,4.2,30.28,99.78,20
2016-03-09 06:41:48,3.0,38.31,75.64,126
2016-03-07 17:09:33,3.3,39.18,73.83,10
2016-03-07 09:24:42,4.3,22.52,102.07,10
2016-03-06 02:11:05,3.2,24.76,121.67,15
2016-03-05 19:20:22,4.6,21.71,101.35,6
2016-03-03 22:52:47,3.7,33.33,81.47,5
2016-03-02 12:17:16,3.4,42.86,96.32,7
2016-03-02 08:20:57,3.0,37.96,83.86,17
2016-03-01 05:21:20,3.0,27.0,103.43,8
2016-03-01 02:37:57,3.6,37.37,78.06,38
2016-03-01 02:35:46,3.8,37.43,78.09,9
2016-02-28 08:06:57,3.0,38.35,75.39,137
2016-02-27 10:59:52,4.4,22.33,120.98,10
2016-02-24 09:11:01,3.2,27.69,100.14,5
2016-02-23 16:26:26,3.8,24.09,122.33,8
2016-02-23 08:33:34,4.7,31.91,95.06,6
2016-02-22 21:39:06,3.2,44.72,81.56,26
2016-02-22 00:32:09,4.2,36.13,77.99,88
2016-02-20 12:08:23,3.0,38.96,92.44,8
2016-02-19 01:50:51,3.1,26.95,100.42,14
2016-02-18 23:12:31,3.1,39.35,89.79,8
2016-02-18 09:18:34,4.6,22.99,120.92,13
2016-02-18 09:09:40,5.0,23.04,120.88,10
2016-02-16 16:58:07,3.1,29.37,104.07,4
2016-02-16 12:04:57,4.5,23.09,120.85,13
2016-02-16 10:46:00,4.2,22.96,120.96,13
2016-02-15 17:14:31,3.0,32.6,105.34,10
2016-02-15 15:59:05,3.1,27.09,103.37,9
2016-02-11 21:10:58,5.0,43.55,82.55,8
2016-02-09 10:29:00,4.3,30.8,86.42,7
2016-02-09 08:47:00,5.3,23.92,121.77,6
2016-02-08 23:49:44,3.1,26.09,99.59,12
2016-02-08 07:39:08,4.0,26.07,99.59,10
2016-02-08 07:30:53,4.5,26.08,99.59,12
2016-02-07 11:52:58,3.1,32.53,105.16,15
2016-02-06 03:57:26,6.7,22.94,120.54,15
2016-02-03 23:57:37,3.1,32.59,91.56,5
2016-02-02 22:19:22,6.2,25.41,123.45,200
2016-02-02 21:20:39,3.6,35.05,89.3,10
2016-02-02 15:01:00,4.2,40.09,77.73,8
2016-02-02 12:20:02,4.2,34.99,89.54,5
2016-02-02 11:31:06,3.1,30.3,90.94,10
2016-02-01 09:28:33,3.2,22.64,108.15,6
2016-01-31 12:18:23,3.1,29.71,84.27,9
2016-01-31 02:27:33,3.0,40.3,76.83,19
2016-01-30 22:54:34,3.3,32.51,91.81,7
2016-01-28 17:36:02,3.4,29.76,88.31,7
2016-01-28 14:20:09,3.0,43.79,88.27,10
2016-01-28 08:50:26,3.1,29.65,88.24,6
2016-01-27 22:19:57,3.1,43.05,88.62,10
2016-01-27 04:53:53,3.0,42.46,86.98,8
2016-01-27 00:05:39,3.6,21.67,121.33,8
2016-01-25 05:43:26,3.0,40.94,105.16,5
2016-01-23 21:00:37,3.0,41.44,118.65,11
2016-01-23 16:20:59,3.0,26.16,105.24,6
2016-01-22 03:22:48,3.8,28.36,85.21,8
2016-01-21 19:11:44,3.7,40.66,79.34,6
2016-01-21 14:50:35,3.0,37.51,78.26,5
2016-01-21 01:18:23,3.4,37.67,101.61,10
2016-01-21 01:13:13,6.4,37.68,101.62,10
2016-01-20 23:56:53,3.1,36.16,77.29,8
2016-01-20 23:03:49,3.0,41.19,83.69,5
2016-01-20 19:08:05,4.0,42.16,84.2,7
2016-01-20 09:05:00,3.3,35.75,115.46,6
2016-01-19 16:19:00,3.0,40.46,110.62,8
2016-01-19 10:13:26,5.4,22.83,121.42,27
2016-01-18 21:50:57,3.2,24.71,98.63,10
2016-01-18 20:38:55,3.2,35.53,109.34,6
2016-01-18 11:24:38,3.2,28.38,104.95,6
2016-01-18 09:08:31,3.1,32.63,91.77,6
2016-01-18 02:59:43,3.0,39.46,74.89,7
2016-01-18 01:07:48,3.4,32.74,91.85,6
2016-01-18 00:29:16,4.0,34.26,104.88,14
2016-01-15 21:05:25,3.0,42.14,84.18,7
2016-01-15 17:24:31,3.0,41.99,83.29,7
2016-01-15 07:29:01,3.0,27.08,103.29,18
2016-01-14 15:40:07,3.1,32.59,91.61,7
2016-01-14 08:30:42,3.8,32.59,91.61,7
2016-01-14 08:03:52,3.3,29.7,88.22,6
2016-01-14 07:15:44,3.8,29.68,88.2,7
2016-01-14 05:18:14,5.3,42.19,84.12,5
2016-01-14 04:34:55,5.3,32.62,91.67,10
2016-01-14 01:22:36,4.3,24.13,121.9,7
2016-01-14 01:11:46,4.1,24.14,121.93,8
2016-01-13 01:11:24,3.6,36.38,106.4,6
2016-01-12 10:46:49,3.1,30.34,102.93,14
2016-01-12 08:38:01,3.4,43.77,84.09,8
2016-01-12 03:49:58,3.6,34.4,89.56,7
2016-01-12 00:40:59,3.0,38.2,119.5,10
2016-01-11 12:52:54,4.5,23.41,121.63,11
2016-01-08 00:38:19,3.1,34.96,118.58,9
2016-01-07 21:42:49,3.3,28.15,93.01,6
2016-01-07 12:37:13,3.5,34.25,87.36,9
2016-01-07 12:17:59,3.4,29.58,104.64,7
2016-01-05 01:20:00,3.7,21.76,121.35,8
2016-01-04 21:56:09,3.9,36.35,97.68,10
2016-01-04 18:27:05,4.6,43.6,82.99,10
2016-01-04 15:25:46,3.0,38.6,76.11,10
2016-01-04 01:27:24,3.6,25.07,99.94,12
2016-01-03 23:44:30,4.2,29.4,104.05,12
2016-01-03 22:01:28,3.7,24.64,122.03,52
2016-01-03 20:38:32,3.6,39.79,82.53,6
2016-01-03 15:55:40,3.1,44.36,82.28,10
2016-01-02 12:22:19,6.4,44.81,129.95,580
2016-01-01 15:38:27,3.0,44.0,87.33,12
2016-01-01 00:22:27,3.0,42.14,87.29,8
2015-12-30 13:44:13,3.3,38.93,74.73,7
2015-12-30 02:43:55,3.1,41.83,79.51,8
2015-12-28 13:09:24,3.0,41.76,83.99,7
2015-12-27 18:38:36,3.0,39.93,77.64,10
2015-12-27 06:43:50,3.1,27.09,103.4,11
2015-12-26 22:19:06,3.7,41.89,83.96,9
2015-12-26 12:05:22,4.0,24.22,121.76,7
2015-12-25 07:56:12,4.0,35.5,117.7,0
2015-12-25 07:56:12,4.0,35.5,117.7,0
2015-12-25 05:20:21,4.2,24.08,121.02,6
2015-12-25 03:52:56,3.7,40.02,75.89,10
2015-12-25 03:10:50,3.2,30.4,102.59,6
2015-12-24 03:47:08,4.2,43.81,87.78,8
2015-12-23 19:33:22,3.2,28.15,104.66,9
2015-12-21 21:11:30,3.1,32.05,90.04,6
2015-12-21 11:01:41,3.0,37.57,78.09,9
2015-12-20 22:44:57,3.1,32.65,94.5,7
2015-12-20 21:47:52,3.9,37.55,78.11,10
2015-12-20 19:43:01,3.2,30.14,103.01,18
2015-12-19 22:53:31,3.3,21.17,120.62,6
2015-12-19 17:18:00,3.1,27.43,102.48,6
2015-12-18 22:09:43,3.8,43.08,82.88,6
2015-12-18 18:14:03,3.1,25.03,97.79,5
2015-12-18 16:01:54,3.8,34.1,105.1,19
2015-12-16 21:24:50,3.1,34.16,82.0,7
2015-12-16 05:06:14,3.0,40.61,78.1,10
2015-12-13 12:24:32,3.0,43.39,82.15,8
2015-12-12 12:51:12,3.3,28.15,104.78,7
2015-12-12 06:09:35,3.4,29.69,95.71,3
2015-12-11 21:35:29,3.1,28.42,104.82,12
2015-12-11 05:27:45,3.7,32.0,104.52,14
2015-12-11 01:59:45,3.0,36.76,76.97,99
2015-12-10 21:34:20,3.9,43.28,87.34,8
2015-12-10 18:22:43,3.2,40.48,101.77,9
2015-12-10 13:27:20,3.2,38.75,112.99,6
2015-12-08 16:13:18,3.0,40.21,77.0,8
2015-12-08 15:56:05,3.1,39.82,75.38,7
2015-12-08 05:38:41,3.4,22.7,100.42,7
2015-12-07 12:30:28,3.0,41.42,79.49,10
2015-12-06 12:42:49,3.8,24.2,121.88,6
2015-12-06 12:35:00,3.0,39.21,105.97,0
2015-12-06 06:59:37,4.8,43.82,85.14,13
2015-12-05 18:53:34,3.0,28.22,104.85,12
2015-12-03 22:31:13,4.6,22.68,121.38,8
2015-12-03 14:19:18,3.0,40.87,78.42,8
2015-12-03 04:42:59,3.2,42.38,84.93,10
2015-12-02 13:52:59,4.1,24.22,121.92,7
2015-12-02 13:21:56,4.4,24.23,121.89,8
2015-11-30 23:02:52,3.6,28.4,104.95,12
2015-11-30 16:52:15,3.0,39.96,75.57,8
2015-11-30 16:40:03,3.8,39.96,75.57,4
2015-11-30 00:58:57,3.0,24.61,118.99,7
2015-11-28 08:52:26,4.1,25.26,122.03,197
2015-11-28 02:10:38,3.4,39.33,117.94,5
2015-11-27 02:59:47,3.6,31.78,87.99,9
2015-11-26 09:25:30,3.4,29.33,103.18,10
2015-11-25 23:51:25,3.4,37.45,94.54,10
2015-11-25 18:16:17,3.0,43.56,84.86,8
2015-11-25 13:02:08,3.1,29.86,89.93,6
2015-11-24 13:48:22,3.6,42.12,81.19,7
2015-11-23 08:32:07,3.4,38.44,90.93,27
2015-11-23 05:02:42,5.2,38.0,100.4,10
2015-11-23 03:57:43,4.0,40.81,122.44,9
2015-11-22 22:53:43,3.6,39.91,106.45,15
2015-11-22 07:43:16,3.8,20.41,110.38,9
2015-11-21 18:10:46,3.0,37.55,78.1,8
2015-11-20 12:46:39,3.1,36.71,79.99,8
2015-11-19 13:20:03,3.6,39.18,75.68,7
2015-11-19 10:17:13,4.1,25.5,105.8,5
2015-11-19 08:00:40,3.2,41.26,78.7,6
2015-11-19 04:54:35,3.4,39.96,77.08,8
2015-11-18 06:15:31,4.2,32.05,95.15,9
2015-11-17 17:14:24,3.1,25.57,101.05,13
2015-11-17 01:19:08,3.1,43.98,80.78,7
2015-11-15 23:21:06,3.0,39.75,118.56,13
2015-11-15 06:38:34,3.0,38.36,75.7,136
2015-11-15 03:20:21,6.0,31.4,128.8,10
2015-11-14 04:51:36,7.2,31.0,128.7,10
2015-11-14 00:55:06,4.6,23.33,100.52,5
2015-11-12 08:18:40,3.0,45.15,131.08,0
2015-11-11 23:33:19,5.0,24.5,122.7,90
2015-11-09 20:28:30,3.8,25.5,101.93,7
2015-11-09 06:03:44,3.2,44.74,86.9,10
2015-11-08 10:14:40,3.0,31.36,103.16,11
2015-11-06 05:20:30,3.0,37.53,78.06,8
2015-11-05 17:06:26,3.9,24.07,121.77,9
2015-11-03 08:06:30,4.7,24.96,121.97,7
2015-11-03 02:43:34,3.4,22.77,101.96,10
2015-11-02 05:09:41,5.6,22.8,121.65,10
2015-11-01 11:18:28,3.2,30.56,112.54,5
2015-10-31 19:23:19,3.6,43.31,89.12,7
2015-10-30 19:26:39,5.1,25.06,99.5,10
2015-10-29 07:17:32,3.3,36.15,78.14,97
2015-10-29 04:12:06,4.7,27.65,100.26,8
2015-10-28 10:01:54,3.1,32.05,104.54,10
2015-10-27 02:11:23,4.2,30.14,98.02,8
2015-10-25 19:28:43,3.4,39.76,103.46,15
2015-10-24 19:29:40,4.0,29.14,102.1,16
2015-10-24 03:53:27,3.0,43.93,87.85,8
2015-10-24 02:19:05,3.6,36.45,77.95,107
2015-10-23 18:24:44,3.1,31.92,95.06,7
2015-10-22 21:02:49,3.9,39.34,77.25,7
2015-10-22 15:11:01,3.8,31.9,95.0,10
2015-10-21 13:58:20,4.5,44.64,124.18,9
2015-10-19 15:20:11,4.8,24.75,122.43,8
2015-10-19 13:42:14,4.5,24.97,121.79,7
2015-10-19 10:17:36,5.3,24.94,122.01,7
2015-10-19 08:40:08,3.6,32.44,104.97,24
2015-10-17 15:03:41,3.0,29.56,101.98,15
2015-10-16 07:52:45,4.1,24.29,121.79,16
2015-10-16 03:46:32,3.0,37.57,77.94,9
2015-10-15 09:06:36,3.2,37.61,77.89,10
2015-10-14 20:50:34,3.4,31.88,95.01,11
2015-10-14 07:41:13,3.3,28.15,104.78,4
2015-10-13 20:36:39,3.2,37.59,77.94,7
2015-10-13 19:49:03,4.6,23.59,121.59,8
2015-10-13 13:26:56,3.6,42.03,83.77,7
2015-10-13 03:18:44,3.0,27.42,106.17,6
2015-10-12 23:39:06,4.1,29.07,86.49,7
2015-10-12 19:14:47,4.6,22.47,121.45,8
2015-10-12 18:04:14,5.2,34.36,98.19,9
2015-10-10 18:34:04,3.4,29.66,101.99,12
2015-10-10 04:30:00,4.2,28.81,86.34,6
2015-10-09 09:07:37,3.7,37.52,77.92,10
2015-10-09 09:01:22,3.3,29.37,86.62,6
2015-10-08 05:50:12,3.8,24.25,121.84,7
2015-10-08 04:30:20,3.3,35.78,82.07,8
2015-10-07 21:02:21,3.0,35.41,99.57,10
2015-10-06 00:18:06,3.5,31.74,86.63,4
2015-10-05 23:35:42,3.1,32.57,87.51,6
2015-10-03 13:26:13,3.7,30.95,98.37,5
2015-10-02 03:50:42,3.3,34.94,81.13,8
2015-10-01 23:37:25,3.4,37.56,78.12,9
2015-09-30 14:26:20,3.3,34.95,81.0,6
2015-09-30 08:50:02,3.6,39.51,75.01,8
2015-09-30 03:37:44,3.8,23.98,121.61,14
2015-09-25 00:50:39,4.2,37.55,78.13,7
2015-09-24 22:57:30,3.8,23.06,115.7,16
2015-09-23 02:01:35,4.0,32.61,105.4,11
2015-09-22 14:01:11,3.1,27.68,100.33,5
2015-09-21 18:49:47,3.1,31.3,103.5,16
2015-09-18 14:49:28,3.6,37.45,78.2,10
2015-09-18 14:47:08,3.4,37.47,78.2,10
2015-09-18 06:59:40,3.4,28.41,104.82,9
2015-09-17 22:58:26,3.1,35.54,77.59,35
2015-09-17 22:52:20,3.0,37.6,78.05,10
2015-09-17 22:50:08,3.8,37.6,78.05,10
2015-09-16 22:29:57,4.4,24.31,121.86,9
2015-09-16 21:30:25,4.0,24.28,121.87,16
2015-09-16 21:08:57,5.4,24.32,121.92,7
2015-09-16 19:20:34,3.2,35.24,78.47,7
2015-09-16 19:10:08,4.8,35.52,78.49,9
2015-09-16 06:38:30,3.8,35.44,78.54,6
2015-09-16 03:37:34,5.7,24.33,121.86,7
2015-09-16 01:56:22,4.3,24.29,121.82,8
2015-09-15 01:21:31,3.1,26.92,103.31,10
2015-09-14 18:23:41,3.3,39.73,118.79,13
2015-09-14 18:10:10,4.2,39.72,118.8,14
2015-09-14 17:45:36,3.6,27.63,100.24,11
2015-09-14 12:40:00,3.0,31.96,104.28,9
2015-09-13 02:21:58,3.0,44.17,84.33,7
2015-09-12 17:40:36,3.2,31.15,87.99,6
2015-09-12 16:40:05,3.2,40.28,78.48,10
2015-09-12 16:07:23,3.0,41.81,88.5,7
2015-09-12 12:50:59,3.0,34.45,119.39,10
2015-09-12 10:54:53,3.0,27.62,100.28,5
2015-09-11 17:24:34,3.0,38.77,75.0,9
2015-09-10 23:23:25,4.4,24.26,121.9,9
2015-09-08 17:07:51,3.0,33.37,93.69,10
2015-09-07 01:51:15,3.7,29.12,102.14,14
2015-09-06 11:21:41,3.7,35.97,78.38,33
2015-09-05 17:56:57,3.4,37.78,75.97,120
2015-09-05 01:54:22,3.0,37.52,78.13,10
2015-09-03 16:30:28,3.1,27.66,100.3,5
2015-09-02 11:03:35,4.1,24.94,122.0,8
2015-09-02 10:18:14,4.4,24.95,121.93,8
2015-09-02 05:51:46,3.1,44.39,81.36,6
2015-09-02 01:34:08,4.5,24.15,122.25,8
2015-09-01 21:24:45,5.0,24.0,121.49,6
2015-08-31 21:56:06,3.6,31.9,104.4,11
2015-08-31 08:27:49,3.8,35.57,77.53,61
2015-08-31 00:05:02,3.1,40.53,109.37,14
2015-08-30 04:26:18,4.0,40.21,77.53,10
2015-08-28 21:26:39,4.0,41.74,80.66,10
2015-08-28 19:44:45,3.3,31.34,103.39,11
2015-08-27 18:27:20,3.7,42.05,83.2,10
2015-08-27 18:16:29,4.2,42.04,83.21,10
2015-08-27 02:05:06,3.9,29.59,95.71,8
2015-08-26 21:38:28,3.0,22.18,111.02,10
2015-08-26 05:06:15,3.2,37.62,94.37,10
2015-08-26 01:18:16,3.9,35.33,84.55,14
2015-08-25 00:01:15,3.0,37.51,78.09,10
2015-08-24 14:53:41,3.6,28.45,87.41,8
2015-08-24 03:14:14,3.1,31.3,103.45,17
2015-08-24 00:33:25,3.0,37.49,78.1,4
2015-08-23 11:44:33,3.1,37.52,78.07,8
2015-08-22 04:17:15,4.0,21.09,120.97,5
2015-08-20 21:02:59,3.1,24.91,98.73,11
2015-08-20 19:10:25,3.3,37.56,78.09,10
2015-08-20 06:04:36,4.2,42.01,84.39,10
2015-08-20 00:35:07,3.3,41.98,81.87,10
2015-08-19 20:12:16,3.1,28.51,87.39,8
2015-08-19 19:02:12,4.0,43.81,88.03,10
2015-08-19 17:04:58,3.2,32.21,94.81,8
2015-08-19 03:00:44,3.1,37.53,78.05,6
2015-08-18 12:13:33,3.7,27.43,102.5,9
2015-08-14 15:04:21,3.0,36.84,121.68,6
2015-08-14 12:18:13,3.3,33.66,89.53,9
2015-08-13 22:56:07,3.6,30.36,94.86,7
2015-08-13 22:08:00,5.2,24.1,122.41,7
2015-08-13 10:00:23,4.2,30.3,94.8,8
2015-08-12 07:11:53,3.8,31.24,103.64,20
2015-08-12 03:13:07,4.1,30.32,94.85,5
2015-08-11 03:18:36,3.3,37.6,77.82,9
2015-08-10 15:35:24,4.6,41.71,87.84,10
2015-08-10 04:46:34,3.4,37.51,78.06,10
2015-08-09 19:40:56,3.1,31.91,94.99,5
2015-08-07 21:52:39,3.3,30.35,94.89,7
2015-08-07 17:49:00,3.1,27.13,103.3,10
2015-08-07 04:40:14,3.1,37.55,78.09,10
2015-08-07 04:24:47,3.6,37.55,78.09,10
2015-08-06 20:34:00,4.0,30.33,94.9,5
2015-08-06 15:52:50,3.6,37.56,77.94,10
2015-08-06 09:58:58,4.0,34.43,121.03,26
2015-08-06 05:04:32,4.4,35.96,81.6,10
2015-08-06 03:16:04,3.2,30.52,80.75,8
2015-08-04 12:25:27,4.3,40.51,122.43,6
2015-08-02 19:41:04,3.0,40.34,78.32,10
2015-08-02 19:09:24,3.7,39.26,100.15,20
2015-08-02 13:57:58,3.7,30.34,94.85,6
2015-08-02 08:04:02,3.7,45.95,82.88,10
2015-08-02 02:31:06,3.0,37.65,78.11,8
2015-08-01 20:14:24,3.3,28.69,87.78,8
2015-07-31 19:17:39,3.0,31.32,103.34,4
2015-07-31 18:21:28,3.0,37.57,78.08,10
2015-07-31 15:00:31,3.8,30.35,94.95,6
2015-07-31 11:18:14,4.3,30.37,94.87,8
2015-07-29 02:52:35,3.2,31.28,103.56,19
2015-07-28 17:58:37,3.8,34.38,84.6,6
2015-07-28 17:40:43,4.3,30.37,94.87,6
2015-07-28 14:59:11,4.5,24.45,121.42,8
2015-07-28 06:05:00,4.0,35.79,80.69,10
2015-07-26 05:48:01,3.8,37.48,78.11,10
2015-07-25 04:32:54,3.8,32.98,87.79,6
2015-07-24 21:23:46,4.6,37.49,78.04,10
2015-07-23 13:06:23,3.1,31.93,95.07,7
2015-07-23 09:24:44,3.3,39.57,74.95,10
2015-07-23 06:00:32,3.6,30.35,94.87,8
2015-07-22 08:51:51,4.0,38.03,120.32,5
2015-07-22 07:34:59,3.9,33.15,87.1,8
2015-07-21 23:10:14,4.2,30.37,94.87,6
2015-07-21 20:07:06,3.7,33.06,87.08,6
2015-07-21 18:17:26,3.7,33.38,86.48,6
2015-07-20 23:28:39,4.1,30.35,94.89,8
2015-07-20 20:40:41,3.0,31.93,104.3,11
2015-07-20 00:19:44,3.1,44.66,124.17,8
2015-07-19 21:52:38,3.3,35.62,104.78,11
2015-07-18 13:41:23,4.0,30.35,94.88,7
2015-07-17 13:02:54,3.7,32.82,83.22,6
2015-07-17 12:21:49,3.7,32.78,83.05,7
2015-07-17 00:35:41,3.0,37.54,78.1,10
2015-07-15 18:26:13,4.0,37.12,103.7,14
2015-07-15 15:49:43,3.0,41.27,83.8,10
2015-07-15 09:01:17,3.6,37.61,77.85,10
2015-07-15 03:27:29,3.0,37.48,78.16,10
2015-07-14 20:29:11,4.0,37.57,77.83,10
2015-07-14 16:38:48,3.3,37.49,78.11,10
2015-07-14 14:07:23,4.2,37.49,78.05,10
2015-07-12 17:12:07,3.3,37.56,78.04,10
2015-07-11 06:19:07,3.0,41.17,83.72,5
2015-07-11 06:06:03,3.1,37.54,78.07,10
2015-07-10 11:48:32,3.8,41.84,86.23,7
2015-07-10 05:19:17,3.0,37.47,78.12,9
2015-07-10 01:54:13,3.4,37.51,78.09,10
2015-07-09 20:09:12,3.0,38.48,109.89,0
2015-07-09 18:03:52,3.1,37.48,78.1,10
2015-07-09 14:08:47,3.2,37.47,78.09,7
2015-07-09 13:48:54,3.1,37.49,78.09,10
2015-07-09 13:39:51,3.2,37.53,78.13,7
2015-07-09 07:39:23,4.0,35.98,80.89,7
2015-07-08 22:06:39,3.0,37.45,78.14,10
2015-07-08 20:45:29,3.1,37.55,78.09,6
2015-07-08 10:43:33,4.2,40.02,77.78,6
2015-07-08 10:21:57,3.0,45.38,82.75,10
2015-07-07 21:51:31,3.0,37.63,77.99,10
2015-07-07 04:14:46,3.2,37.53,77.92,10
2015-07-07 03:35:09,3.0,37.52,78.12,10
2015-07-07 03:22:39,3.7,37.53,77.91,10
2015-07-06 20:58:17,3.3,37.59,77.92,10
2015-07-06 11:26:56,3.2,22.5,100.93,5
2015-07-06 10:28:57,3.0,37.52,78.12,10
2015-07-06 09:32:33,3.1,37.49,78.19,10
2015-07-06 03:06:16,3.6,37.55,77.99,7
2015-07-05 23:12:11,3.6,37.49,78.0,8
2015-07-05 19:46:03,3.0,39.14,106.06,0
2015-07-05 18:43:17,3.0,37.5,78.13,8
2015-07-05 08:35:29,3.0,37.6,78.02,10
2015-07-05 06:06:20,3.2,40.28,115.42,15
2015-07-05 03:23:03,3.0,37.59,78.03,10
2015-07-05 02:18:41,3.0,37.59,77.87,10
2015-07-04 22:37:44,3.1,37.51,78.06,10
2015-07-04 22:26:14,3.0,37.48,78.04,10
2015-07-04 16:53:34,3.0,37.55,78.1,10
2015-07-04 15:07:23,3.0,37.49,78.14,10
2015-07-04 11:08:48,3.2,37.51,78.08,10
2015-07-04 10:49:44,3.0,37.49,78.05,10
2015-07-04 08:36:37,3.6,37.51,77.99,9
2015-07-04 08:13:10,3.2,37.53,77.95,10
2015-07-04 07:49:01,3.2,37.55,78.07,10
2015-07-04 06:32:47,3.0,37.53,77.97,10
2015-07-04 04:36:12,3.0,37.58,77.84,10
2015-07-04 04:00:41,3.3,37.49,78.1,10
2015-07-03 22:37:05,3.1,37.58,77.94,10
2015-07-03 21:45:04,3.3,37.46,78.14,10
2015-07-03 21:41:32,3.4,37.43,78.12,10
2015-07-03 21:39:27,3.3,37.45,78.13,10
2015-07-03 20:56:21,3.4,37.49,78.08,10
2015-07-03 19:43:44,3.2,37.47,78.06,10
2015-07-03 19:21:30,3.2,37.61,77.93,10
2015-07-03 19:19:21,3.2,37.61,77.91,10
2015-07-03 18:59:04,3.0,37.56,78.09,10
2015-07-03 18:37:18,3.4,37.54,78.1,10
2015-07-03 17:18:36,3.4,37.6,77.9,5
2015-07-03 16:57:26,3.4,37.6,77.94,10
2015-07-03 15:27:21,3.4,37.57,78.07,9
2015-07-03 13:28:32,3.3,37.53,77.98,4
2015-07-03 13:20:32,3.0,37.51,78.19,8
2015-07-03 13:06:29,3.6,37.52,78.0,10
2015-07-03 13:03:06,3.0,37.57,78.08,8
2015-07-03 12:43:49,3.0,37.54,78.22,8
2015-07-03 11:50:15,3.4,37.54,78.22,8
2015-07-03 11:50:12,3.0,37.46,78.16,8
2015-07-03 11:39:00,3.0,37.53,78.14,8
2015-07-03 11:17:18,3.2,37.54,77.95,5
2015-07-03 11:11:13,4.6,37.47,78.06,7
2015-07-03 11:10:06,3.0,37.57,77.7,21
2015-07-03 10:48:16,3.0,37.64,77.95,11
2015-07-03 10:37:27,4.2,37.54,77.94,10
2015-07-03 10:32:50,3.1,37.52,78.19,7
2015-07-03 10:28:34,3.0,37.62,77.76,10
2015-07-03 10:17:30,3.1,37.6,78.1,9
2015-07-03 10:13:44,3.1,37.46,78.09,10
2015-07-03 09:54:50,3.0,37.6,77.84,10
2015-07-03 09:44:45,4.5,37.45,78.18,10
2015-07-03 09:42:43,3.0,37.54,78.04,8
2015-07-03 09:34:53,3.6,37.57,77.95,9
2015-07-03 09:31:24,4.1,37.46,77.96,10
2015-07-03 09:29:54,3.2,37.52,78.04,7
2015-07-03 09:27:25,3.4,37.49,78.11,8
2015-07-03 09:25:12,4.0,37.53,77.81,9
2015-07-03 09:22:53,3.9,37.61,77.84,10
2015-07-03 09:20:05,3.2,37.06,78.17,8
2015-07-03 09:19:17,3.7,37.53,77.81,11
2015-07-03 09:13:17,4.6,37.57,77.88,8
2015-07-03 09:07:46,6.5,37.6,78.2,10
2015-07-01 19:31:38,3.0,36.84,121.69,6
2015-06-30 23:40:30,3.0,43.74,84.58,6
2015-06-30 14:42:10,3.1,21.74,111.8,9
2015-06-29 19:37:54,3.8,46.42,119.18,10
2015-06-29 07:16:18,3.1,38.63,120.76,10
2015-06-29 07:03:23,3.8,38.56,120.8,7
2015-06-29 04:41:11,3.0,33.35,116.76,14
2015-06-26 22:05:37,3.1,28.37,106.11,7
2015-06-26 01:55:01,3.2,30.37,101.6,10
2015-06-25 03:12:51,5.4,41.67,88.36,9
2015-06-23 19:32:08,3.3,37.81,86.4,3
2015-06-23 16:09:53,3.2,33.11,98.17,15
2015-06-23 08:43:26,3.1,26.18,100.89,13
2015-06-22 18:35:35,3.7,34.43,89.17,5
2015-06-22 09:44:32,3.2,33.27,88.34,8
2015-06-21 14:15:31,4.2,24.05,122.37,20
2015-06-21 12:02:48,3.6,32.67,83.16,7
2015-06-21 08:13:26,3.3,27.08,103.36,11
2015-06-21 07:12:21,3.0,34.86,85.88,7
2015-06-20 02:10:18,3.1,43.84,87.35,6
2015-06-17 21:29:01,3.7,29.75,115.72,6
2015-06-17 10:15:15,3.4,28.43,85.91,8
2015-06-16 23:16:07,3.8,23.6,121.69,6
2015-06-15 20:46:11,3.3,24.43,101.99,9
2015-06-15 15:45:41,3.3,40.47,77.6,10
2015-06-15 14:07:40,3.4,40.47,77.57,8
2015-06-14 15:38:53,3.6,24.46,101.98,10
2015-06-14 07:21:05,3.2,24.45,101.99,12
2015-06-13 20:10:10,3.0,23.9,114.47,9
2015-06-13 13:14:28,3.5,33.18,96.63,11
2015-06-12 21:01:53,3.0,38.37,75.54,129
2015-06-12 14:40:33,3.0,41.12,114.44,11
2015-06-11 08:23:53,3.1,24.42,102.01,12
2015-06-10 16:39:55,3.0,24.4,102.01,10
2015-06-09 22:46:31,3.4,32.97,98.9,10
2015-06-09 22:29:08,3.1,36.84,121.7,8
2015-06-05 18:30:46,4.0,30.29,102.77,18
2015-06-05 17:06:05,3.6,25.88,99.78,7
2015-06-05 15:56:45,3.7,34.12,87.57,7
2015-06-04 11:47:42,3.8,34.62,91.02,10
2015-06-02 18:51:42,3.2,37.78,112.51,5
2015-06-02 07:20:07,3.0,36.02,106.08,11
2015-06-02 07:14:04,3.0,39.85,75.35,11
2015-06-01 19:02:26,3.1,39.47,75.38,13
2015-06-01 04:41:55,3.2,38.02,122.38,10
2015-05-30 17:20:50,3.3,32.17,104.58,14
2015-05-30 08:04:46,4.4,34.67,91.0,6
2015-05-29 21:11:17,3.0,29.59,85.56,6
2015-05-28 15:57:43,4.0,24.06,122.34,8
2015-05-28 14:04:23,4.0,34.6,90.96,10
2015-05-26 08:56:55,4.2,24.03,122.41,9
2015-05-26 05:22:50,4.3,22.96,120.93,10
2015-05-23 23:51:27,3.2,28.12,104.78,10
2015-05-23 14:03:31,3.3,43.11,85.0,8
2015-05-22 00:05:24,4.6,36.9,121.9,10
2015-05-20 04:24:21,3.3,31.67,116.64,9
2015-05-19 09:19:27,3.2,35.53,87.68,5
2015-05-18 14:19:33,3.0,41.21,83.55,11
2015-05-18 07:22:08,3.3,32.28,92.0,7
2015-05-17 10:11:18,3.0,32.58,119.13,5
2015-05-17 09:20:16,3.2,39.27,100.14,18
2015-05-17 07:57:45,3.6,37.46,92.67,9
2015-05-16 16:33:04,3.0,31.48,103.56,17
2015-05-16 10:40:09,3.2,31.3,103.46,18
2015-05-15 20:30:11,3.8,35.37,87.67,7
2015-05-15 06:50:59,3.2,41.21,88.19,7
2015-05-15 05:52:36,3.2,23.91,114.46,12
2015-05-15 02:35:48,4.1,24.48,120.53,6
2015-05-14 06:03:57,3.2,25.51,101.93,13
2015-05-14 00:07:53,3.0,28.56,103.65,8
2015-05-13 14:53:09,3.8,28.3,85.95,7
2015-05-13 14:37:30,3.0,28.53,85.68,4
2015-05-13 14:26:22,3.8,28.46,86.3,9
2015-05-12 18:15:20,3.1,28.45,85.84,8
2015-05-12 07:43:15,4.3,23.96,121.47,8
2015-05-12 02:25:50,4.5,39.51,89.54,8
2015-05-11 16:53:57,4.1,24.52,120.44,10
2015-05-11 16:38:20,5.0,24.52,120.56,10
2015-05-08 23:43:32,3.2,46.08,90.83,6
2015-05-07 13:09:57,3.2,36.84,77.0,96
2015-05-07 00:10:54,4.0,41.18,84.54,6
2015-05-06 20:35:32,3.0,28.74,86.5,7
2015-05-03 21:09:07,4.4,24.07,122.36,7
2015-05-03 13:43:11,4.0,35.42,87.67,7
2015-05-02 10:28:18,3.2,41.99,84.8,7
2015-05-01 22:44:56,4.0,37.47,92.73,9
2015-05-01 20:54:43,3.6,24.45,120.58,6
2015-05-01 18:13:58,3.1,28.12,103.53,10
2015-04-30 17:00:19,3.3,28.5,96.35,7
2015-04-30 13:45:58,3.1,28.08,104.76,15
2015-04-30 06:10:52,3.9,28.5,87.3,8
2015-04-29 13:39:31,3.1,35.98,78.33,93
2015-04-28 09:12:53,3.3,39.49,74.79,6
2015-04-28 05:17:53,3.7,31.48,88.02,9
2015-04-26 19:49:48,3.1,40.96,93.71,9
2015-04-26 16:41:06,3.3,28.55,86.07,8
2015-04-26 04:01:35,5.3,23.98,122.53,8
2015-04-26 01:42:53,5.3,28.2,85.9,10
2015-04-25 23:15:50,3.0,34.1,96.89,5
2015-04-25 17:17:05,5.9,28.4,87.3,20
2015-04-25 16:05:39,3.6,28.52,85.42,8
2015-04-25 14:23:44,3.1,28.72,106.76,10
2015-04-24 19:49:02,3.8,28.16,104.73,8
2015-04-22 15:04:09,3.7,36.3,87.7,6
2015-04-21 20:06:05,3.0,43.24,91.9,9
2015-04-20 20:00:01,6.0,24.1,122.5,20
2015-04-20 19:45:12,5.9,24.1,122.51,20
2015-04-20 19:20:45,4.9,23.74,121.59,30
2015-04-20 09:42:55,6.4,24.0,122.5,7
2015-04-19 18:21:47,3.0,38.94,116.29,25
2015-04-17 06:05:50,4.1,26.92,92.86,7
2015-04-16 17:16:20,3.6,39.8,106.39,6
2015-04-16 03:48:37,4.0,22.84,121.28,7
2015-04-15 18:49:58,3.1,39.79,106.37,5
2015-04-15 15:44:33,4.0,39.76,106.28,5
2015-04-15 15:39:28,5.8,39.79,106.34,10
2015-04-15 15:08:36,4.5,35.36,104.02,9
2015-04-15 05:47:12,3.4,29.06,102.37,20
2015-04-15 04:36:55,3.0,40.22,77.78,6
2015-04-14 05:02:20,3.4,43.61,87.69,17
2015-04-14 01:13:57,4.2,23.98,121.06,9
2015-04-13 18:28:44,4.0,23.96,102.84,6
2015-04-13 04:26:32,3.3,40.16,77.85,9
2015-04-12 21:59:15,3.4,38.24,91.35,7
2015-04-12 15:32:17,3.0,39.83,96.53,7
2015-04-12 14:48:42,3.2,28.15,104.72,8
2015-04-11 09:17:47,3.2,28.06,104.84,12
2015-04-10 17:20:02,3.4,33.35,80.81,8
2015-04-10 03:37:01,3.8,34.66,105.56,15
2015-04-09 23:57:42,3.3,38.36,75.29,123
2015-04-09 11:50:12,3.0,36.5,82.55,4
2015-04-08 18:57:08,3.0,41.2,84.47,6
2015-04-07 12:41:54,4.9,33.1,83.3,10
2015-04-06 19:37:28,4.1,24.46,122.68,8
2015-04-05 01:26:06,3.9,37.91,82.85,8
2015-04-05 00:26:43,3.0,43.33,86.12,6
2015-04-03 15:20:59,3.1,26.65,108.84,8
2015-04-02 08:56:40,3.9,28.71,86.39,7
2015-04-01 11:12:23,3.3,42.77,122.98,0
2015-03-31 22:34:30,3.0,33.95,85.04,8
2015-03-31 22:14:49,3.4,34.18,85.3,11
2015-03-31 04:46:39,3.0,30.22,102.92,17
2015-03-31 04:21:55,3.4,26.55,108.85,10
2015-03-30 09:47:34,5.5,26.65,108.82,7
2015-03-29 14:05:43,3.0,36.53,105.51,8
2015-03-29 06:25:35,3.0,43.8,83.79,6
2015-03-28 03:09:39,3.7,22.35,121.48,9
2015-03-26 04:18:41,3.1,24.58,101.98,10
2015-03-25 12:43:35,3.0,28.42,104.84,11
2015-03-23 18:13:51,5.7,23.84,121.69,20
2015-03-23 07:27:07,3.3,26.67,108.78,8
2015-03-23 04:27:09,3.6,33.07,115.84,10
2015-03-22 19:14:12,3.0,32.88,94.79,8
2015-03-20 22:01:39,3.1,36.01,99.23,6
2015-03-20 21:10:01,3.3,36.01,99.22,6
2015-03-20 20:01:33,3.6,24.55,122.69,56
2015-03-19 22:43:43,3.0,41.78,84.02,6
2015-03-18 11:13:45,3.0,43.79,86.43,12
2015-03-14 14:13:32,4.3,32.99,115.86,10
2015-03-13 16:02:38,3.1,37.04,79.22,8
2015-03-13 16:02:11,3.1,37.18,79.26,6
2015-03-13 08:14:23,3.0,39.14,74.14,6
2015-03-13 07:41:49,3.0,43.84,87.88,10
2015-03-11 22:06:23,3.4,41.25,83.76,8
2015-03-11 01:52:00,4.1,35.8,76.75,11
2015-03-10 06:44:35,3.0,27.09,103.34,7
2015-03-09 17:59:42,4.5,25.33,103.1,12
2015-03-08 01:30:14,3.2,40.88,107.36,20
2015-03-04 22:32:08,3.9,38.04,103.67,59
2015-03-04 22:32:08,3.9,38.05,103.7,10
2015-03-04 19:15:58,3.4,38.96,92.7,8
2015-03-04 12:39:19,3.0,35.92,77.56,92
2015-03-04 01:25:19,3.0,37.62,95.75,8
2015-03-03 17:23:53,4.5,23.54,98.95,10
2015-03-03 17:10:46,3.0,38.87,80.2,10
2015-03-03 04:51:57,4.1,35.84,76.89,7
2015-03-01 20:36:52,4.0,23.5,98.9,10
2015-03-01 18:34:15,3.5,23.5,99.0,14
2015-03-01 18:24:40,5.5,23.46,98.91,11
2015-03-01 17:40:06,3.0,29.36,105.71,10
2015-03-01 12:38:12,3.7,31.78,104.08,11
2015-02-28 16:35:12,3.8,33.75,88.13,7
2015-02-28 08:50:56,3.0,33.15,103.9,19
2015-02-27 00:50:02,4.0,24.69,122.22,65
2015-02-26 16:02:31,3.0,40.69,79.71,8
2015-02-25 22:12:14,3.6,40.24,77.45,8
2015-02-24 08:52:07,3.7,31.66,104.02,10
2015-02-23 21:37:18,3.1,40.84,79.96,5
2015-02-23 14:16:01,3.5,33.6,92.3,10
2015-02-23 08:47:24,3.3,44.08,85.61,12
2015-02-22 14:42:56,5.0,44.14,85.67,4
2015-02-22 10:14:06,3.4,38.35,75.5,132
2015-02-22 04:05:42,4.0,42.61,83.98,7
2015-02-21 06:37:47,4.4,23.04,101.67,6
2015-02-20 15:31:25,3.8,36.53,82.55,6
2015-02-19 01:18:32,3.1,29.15,86.15,3
2015-02-17 18:23:23,3.0,44.66,82.97,8
2015-02-17 06:46:39,3.3,42.86,86.42,3
2015-02-17 06:28:47,4.0,44.67,124.09,8
2015-02-17 02:58:34,3.1,40.01,75.57,10
2015-02-15 22:46:05,3.3,37.13,76.33,96
2015-02-15 17:38:46,4.7,39.47,74.85,6
2015-02-14 08:44:40,3.5,31.17,80.7,8
2015-02-14 06:21:53,3.3,31.08,80.31,8
2015-02-14 04:06:28,6.2,22.61,121.54,7
2015-02-13 15:28:16,3.0,43.88,83.91,7
2015-02-12 15:35:33,3.8,24.31,121.71,10
2015-02-11 05:49:52,3.7,22.64,118.44,7
2015-02-10 23:45:28,3.3,27.09,103.28,8
2015-02-10 15:21:53,3.6,44.59,124.02,9
2015-02-10 07:48:41,3.2,27.1,103.36,10
2015-02-10 04:58:14,3.2,30.3,99.1,10
2015-02-09 12:40:47,4.0,22.54,118.46,7
2015-02-09 01:32:15,4.3,44.72,124.04,7
2015-02-08 11:10:31,3.0,28.4,104.86,9
2015-02-07 19:46:51,3.1,28.16,104.76,10
2015-02-07 14:27:17,4.1,33.04,83.51,7
2015-02-07 08:47:34,3.3,28.39,104.88,11
2015-02-07 05:01:06,4.5,28.34,104.94,10
2015-02-06 23:37:38,3.1,39.99,77.51,12
2015-02-06 01:00:01,3.6,22.55,118.46,7
2015-02-05 23:39:32,4.5,22.66,118.42,13
2015-02-05 09:49:02,3.3,38.34,106.25,4
2015-02-05 06:58:59,3.0,41.65,81.04,5
2015-02-05 06:18:44,3.7,36.71,106.1,6
2015-02-05 03:53:12,3.6,32.58,83.5,6
2015-02-04 19:53:14,4.1,34.73,98.99,9
2015-02-04 18:44:22,5.2,32.93,83.53,10
2015-02-04 16:14:43,3.2,24.57,121.7,6
2015-02-02 03:39:02,3.2,31.7,110.9,10
2015-02-01 16:06:47,3.2,43.89,88.18,2
2015-01-30 09:49:46,3.4,39.52,76.94,6
2015-01-28 22:43:43,3.6,28.42,104.94,11
2015-01-28 02:14:30,3.1,28.48,103.74,10
2015-01-26 08:53:22,3.3,32.65,91.61,7
2015-01-26 04:43:10,3.7,42.32,84.4,11
2015-01-25 02:31:28,3.0,39.59,75.5,6
2015-01-24 15:15:26,4.2,23.21,120.43,9
2015-01-23 20:53:17,3.2,32.72,89.52,7
2015-01-22 18:21:07,4.2,44.05,83.13,7
2015-01-21 04:44:20,4.0,24.16,122.07,7
2015-01-21 00:32:52,3.2,32.99,95.11,10
2015-01-20 17:40:02,3.1,42.04,84.61,8
2015-01-20 15:35:20,4.5,42.06,84.57,10
2015-01-20 00:39:58,3.0,46.11,90.2,6
2015-01-19 23:30:46,4.1,25.95,99.72,9
2015-01-19 16:15:25,3.2,31.59,104.0,19
2015-01-19 11:48:29,3.9,22.83,121.67,65
2015-01-19 11:34:05,3.8,22.86,121.65,65
2015-01-18 11:01:23,3.9,35.68,115.39,7
2015-01-17 03:12:15,4.4,24.48,121.85,6
2015-01-15 21:54:04,3.2,27.09,103.21,7
2015-01-14 13:21:39,5.0,29.32,103.19,14
2015-01-14 12:20:38,3.4,39.11,75.16,10
2015-01-12 20:28:56,3.0,40.26,77.51,10
2015-01-12 07:43:36,3.4,43.34,82.15,6
2015-01-10 14:50:57,5.0,40.21,77.27,10
2015-01-09 20:36:35,3.1,37.19,76.41,118
2015-01-07 12:48:31,5.2,24.34,121.7,10
2015-01-07 12:18:12,3.3,40.25,77.57,8
2015-01-07 11:36:19,3.1,32.96,106.19,6
2015-01-06 07:25:36,4.2,32.62,92.91,6
2015-01-05 19:51:45,3.0,35.58,77.21,8
2015-01-05 13:53:43,3.8,24.69,121.99,40
2015-01-03 08:16:20,3.0,28.49,103.77,16
2015-01-02 22:06:13,3.0,37.36,78.46,8
2015-01-02 15:08:38,3.0,40.94,79.29,6
2015-01-02 01:10:46,3.8,23.9,121.61,15
2015-01-01 12:46:48,3.0,38.37,75.25,137
2014-12-31 15:54:36,4.6,24.59,122.57,56
2014-12-31 11:06:03,3.8,24.9,121.72,41
2014-12-30 08:19:16,3.0,35.64,77.93,88
2014-12-30 00:08:31,3.6,28.14,104.68,15
2014-12-29 07:41:58,3.0,40.44,77.11,9
2014-12-28 16:46:21,3.0,44.26,87.53,3
2014-12-26 15:08:11,3.7,28.13,87.7,8
2014-12-26 07:55:18,3.0,42.06,83.29,4
2014-12-25 10:12:07,3.1,46.46,119.24,54
2014-12-24 13:38:26,4.0,36.16,76.0,8
2014-12-24 04:21:02,3.1,28.42,104.66,15
2014-12-22 18:44:37,3.2,39.22,88.81,8
2014-12-22 09:05:51,3.0,43.06,80.53,6
2014-12-22 07:49:36,3.4,34.4,105.36,19
2014-12-21 13:09:34,4.0,27.9,101.38,15
2014-12-21 04:29:27,3.1,24.01,122.23,8
2014-12-21 02:15:33,3.4,32.44,105.06,11
2014-12-19 23:12:47,3.7,41.97,82.64,10
2014-12-18 19:55:19,3.0,44.57,123.99,6
2014-12-16 11:03:39,3.0,30.33,103.07,13
2014-12-16 02:19:08,3.7,27.1,103.15,7
2014-12-15 00:35:13,3.3,30.37,103.05,15
2014-12-14 19:49:22,3.0,41.19,87.55,7
2014-12-14 18:31:19,3.0,26.85,100.75,16
2014-12-13 01:19:33,3.0,31.14,103.46,15
2014-12-11 05:03:44,6.2,25.6,122.4,260
2014-12-10 21:54:36,3.0,39.12,92.12,12
2014-12-10 13:21:37,3.2,39.06,92.16,7
2014-12-10 00:54:44,3.2,23.28,100.5,8
2014-12-09 19:28:49,3.1,32.52,105.08,13
2014-12-09 07:57:58,3.1,27.92,101.38,10
2014-12-08 11:43:53,3.6,41.45,97.09,17
2014-12-08 06:42:09,3.3,23.34,100.5,16
2014-12-08 03:58:48,3.2,38.39,99.5,3
2014-12-07 23:41:44,3.1,23.31,100.5,16
2014-12-07 17:23:04,4.7,23.3,100.5,15
2014-12-07 17:13:30,3.4,23.32,100.5,16
2014-12-06 18:20:00,5.9,23.32,100.5,10
2014-12-06 03:54:20,3.1,23.31,100.49,10
2014-12-06 03:49:26,3.1,23.34,100.49,9
2014-12-06 02:50:05,4.4,23.3,100.49,5
2014-12-06 02:46:42,3.2,23.29,100.5,5
2014-12-06 02:45:20,3.4,23.31,100.5,7
2014-12-06 02:43:44,5.8,23.31,100.5,9
2014-12-05 07:53:53,4.0,27.0,92.6,20
2014-12-04 06:39:34,3.0,32.37,105.33,16
2014-12-04 00:37:27,3.4,23.47,100.43,12
2014-12-03 08:59:34,3.0,39.94,75.11,5
2014-12-03 06:01:25,3.6,23.87,122.02,66
2014-12-02 21:32:58,3.1,42.76,123.01,0
2014-12-02 19:18:53,3.7,34.0,105.4,17
2014-11-30 10:51:08,3.0,35.65,78.21,6
2014-11-28 10:17:03,3.4,41.31,83.78,10
2014-11-26 21:12:03,3.2,27.92,101.43,11
2014-11-25 23:19:07,5.8,30.18,101.73,16
2014-11-24 22:49:42,3.0,32.81,105.44,9
2014-11-24 19:56:43,3.4,32.61,93.02,6
2014-11-24 17:10:16,3.3,44.94,82.66,10
2014-11-23 13:47:44,3.7,32.8,93.04,8
2014-11-23 02:16:37,3.3,32.08,104.47,20
2014-11-22 22:55:30,4.3,34.34,102.28,7
2014-11-22 16:55:25,6.3,30.26,101.69,18
2014-11-22 05:07:34,3.0,27.93,101.41,10
2014-11-22 00:08:16,3.0,43.31,89.37,8
2014-11-21 11:29:07,5.4,20.42,120.07,6
2014-11-21 11:15:23,4.3,33.04,101.4,15
2014-11-21 07:16:11,3.1,27.08,103.16,12
2014-11-21 00:25:33,3.0,36.25,78.22,105
2014-11-20 20:18:48,3.0,23.33,100.49,5
2014-11-20 17:50:29,4.3,23.31,100.49,8
2014-11-20 03:19:25,3.9,42.38,84.41,16
2014-11-20 01:55:29,4.2,24.96,121.96,10
2014-11-20 01:46:21,5.4,25.0,122.08,6
2014-11-19 08:38:09,3.2,40.63,97.56,3
2014-11-17 22:16:31,4.9,19.56,120.24,6
2014-11-17 22:13:41,4.9,19.64,120.23,8
2014-11-17 22:01:27,4.9,19.54,120.17,6
2014-11-15 08:28:00,3.2,23.32,100.45,15
2014-11-15 07:03:15,4.7,37.1,103.69,10
2014-11-13 23:11:21,3.0,23.31,100.5,5
2014-11-13 23:11:08,3.1,23.32,100.49,16
2014-11-13 20:49:51,3.1,31.87,85.04,6
2014-11-12 10:44:47,3.0,31.84,104.14,17
2014-11-12 04:09:45,3.3,44.79,81.04,9
2014-11-11 03:01:55,3.1,31.53,115.53,5
2014-11-10 21:20:04,3.7,38.78,75.48,8
2014-11-09 19:06:29,3.8,37.09,76.4,105
2014-11-09 07:39:34,3.8,44.0,83.4,6
2014-11-09 01:44:41,3.4,34.71,81.21,6
2014-11-09 01:37:44,3.5,37.57,96.96,10
2014-11-07 20:49:38,3.0,37.39,78.61,6
2014-11-07 03:32:10,3.0,40.25,76.15,9
2014-11-06 23:22:54,3.1,27.98,101.08,6
2014-11-06 14:54:20,3.3,31.28,103.23,15
2014-11-06 12:25:27,3.0,42.75,84.49,8
2014-11-06 07:26:42,3.8,44.02,83.41,10
2014-11-06 07:11:03,3.0,44.03,83.41,10
2014-11-06 06:22:42,3.0,31.47,115.49,5
2014-11-05 14:06:07,3.4,36.84,86.8,8
2014-11-03 01:12:59,3.2,27.1,103.32,8
2014-10-31 23:09:17,3.1,36.38,76.08,12
2014-10-31 03:56:14,3.0,40.19,77.23,11
2014-10-29 07:31:07,3.0,42.55,85.74,7
2014-10-28 19:33:25,3.0,31.5,115.5,5
2014-10-28 03:28:30,3.0,27.69,119.98,3
2014-10-27 21:06:20,3.0,30.32,103.01,15
2014-10-27 00:02:28,4.1,27.11,103.33,11
2014-10-26 12:47:01,4.0,24.73,122.25,52
2014-10-26 02:16:54,3.2,31.5,115.5,5
2014-10-26 01:25:23,3.4,31.54,115.56,18
2014-10-25 19:29:41,3.1,27.69,119.96,10
2014-10-25 18:42:19,4.2,27.71,119.96,7
2014-10-25 10:26:01,4.5,34.25,102.39,15
2014-10-24 15:46:38,3.1,30.3,102.99,16
2014-10-24 13:56:46,3.2,28.03,92.01,7
2014-10-23 18:27:59,3.5,23.99,112.35,10
2014-10-23 08:35:02,3.2,27.72,119.93,5
2014-10-23 03:53:37,3.0,33.11,93.28,6
2014-10-22 13:34:53,3.1,31.49,115.49,5
2014-10-22 04:26:45,3.1,36.09,78.08,88
2014-10-20 11:57:25,4.5,43.86,88.48,4
2014-10-20 08:32:24,3.8,31.45,105.21,19
2014-10-19 07:09:25,3.1,28.77,96.05,7
2014-10-19 02:12:24,3.1,23.35,100.5,10
2014-10-18 23:05:55,4.3,23.35,100.5,10
2014-10-18 15:29:28,3.1,31.29,103.58,18
2014-10-18 10:46:21,3.7,34.1,103.0,15
2014-10-17 14:53:10,3.1,23.36,100.44,8
2014-10-17 14:20:25,3.1,23.36,100.43,9
2014-10-17 04:51:51,3.0,24.97,97.85,5
2014-10-17 04:50:59,3.8,24.95,97.85,6
2014-10-16 11:51:19,3.6,23.34,100.46,14
2014-10-16 11:25:27,3.0,23.36,100.49,12
2014-10-15 16:37:24,3.6,27.71,119.94,7
2014-10-15 15:49:27,3.7,27.71,119.94,6
2014-10-15 15:46:34,3.2,27.71,119.95,4
2014-10-15 15:45:43,3.7,27.71,119.94,11
2014-10-15 03:08:39,3.0,23.38,100.47,13
2014-10-14 17:27:28,3.3,39.74,118.7,8
2014-10-14 05:43:13,3.8,40.81,79.95,6
2014-10-14 04:14:56,3.6,27.71,119.94,7
2014-10-13 09:25:09,3.1,44.57,84.04,12
2014-10-12 00:00:55,3.5,27.7,120.0,6
2014-10-11 16:13:36,3.9,34.31,79.13,5
2014-10-11 14:05:12,4.7,23.5,100.4,8
2014-10-11 11:00:24,3.1,27.71,119.95,10
2014-10-11 11:00:17,3.5,27.71,119.95,10
2014-10-10 00:17:52,3.4,23.39,100.47,10
2014-10-09 21:59:24,3.2,23.37,100.46,12
2014-10-09 13:20:32,3.1,27.41,106.23,4
2014-10-08 17:01:47,3.9,23.36,100.47,5
2014-10-08 10:28:51,3.2,23.35,100.46,5
2014-10-08 09:36:20,3.2,23.44,100.4,5
2014-10-08 06:51:53,3.1,23.42,100.43,5
2014-10-08 05:14:05,4.1,30.13,102.91,17
2014-10-08 03:01:13,4.2,23.36,100.5,10
2014-10-08 02:08:09,4.7,23.73,121.55,8
2014-10-07 22:38:50,4.2,23.34,100.52,9
2014-10-07 22:08:03,3.6,23.36,100.48,5
2014-10-07 22:06:46,3.3,23.39,100.47,5
2014-10-07 22:04:08,3.4,23.4,100.47,5
2014-10-07 22:03:06,3.4,23.4,100.46,5
2014-10-07 22:02:29,3.6,23.42,100.46,5
2014-10-07 21:53:22,3.4,23.41,100.45,5
2014-10-07 21:49:39,6.6,23.39,100.46,5
2014-10-07 07:25:19,3.1,27.12,103.28,10
2014-10-05 06:27:08,3.0,27.71,119.93,6
2014-10-05 02:28:52,3.3,39.24,82.43,9
2014-10-04 23:05:10,3.6,39.6,95.35,8
2014-10-04 11:02:53,3.0,38.16,88.79,8
2014-10-03 11:42:05,3.7,27.7,119.96,7
2014-10-02 23:56:31,5.1,36.35,97.76,16
2014-10-01 09:23:27,5.0,28.37,102.76,15
2014-10-01 09:01:35,3.0,31.98,101.58,10
2014-10-01 06:56:18,3.2,31.7,103.19,16
2014-10-01 01:44:17,3.8,28.28,104.82,14
2014-09-29 13:15:54,3.2,32.47,85.97,7
2014-09-29 10:16:54,3.2,35.98,82.38,9
2014-09-29 08:32:22,3.7,32.81,85.93,9
2014-09-28 05:41:10,3.3,41.28,83.77,8
2014-09-28 04:11:59,3.2,31.33,103.46,16
2014-09-27 08:30:44,3.8,27.71,119.94,6
2014-09-25 18:35:01,5.0,22.77,121.36,7
2014-09-24 08:28:23,3.1,31.09,110.18,5
2014-09-23 17:40:25,3.1,27.7,119.9,4
2014-09-23 14:12:29,3.0,27.7,120.0,3
2014-09-23 13:20:45,4.0,27.7,119.9,5
2014-09-23 10:17:39,3.1,31.92,93.02,7
2014-09-23 08:07:47,3.0,25.08,98.12,10
2014-09-23 03:39:19,3.0,31.33,103.4,12
2014-09-21 05:14:03,4.0,23.7,121.54,8
2014-09-17 22:37:31,3.1,41.18,83.7,7
2014-09-17 20:47:30,3.1,27.71,119.94,8
2014-09-16 23:33:50,4.2,25.03,98.48,9
2014-09-16 19:06:15,3.1,25.84,99.8,10
2014-09-16 14:43:33,3.3,36.85,121.68,4
2014-09-16 14:42:59,3.6,36.85,121.67,10
2014-09-16 00:55:36,3.2,32.82,95.84,7
2014-09-15 17:23:40,3.1,38.95,110.63,0
2014-09-15 13:23:31,3.1,27.71,119.94,6
2014-09-12 17:42:00,3.2,41.25,83.78,7
2014-09-12 01:12:19,3.4,32.68,105.37,15
2014-09-12 00:29:33,4.0,28.13,103.53,10
2014-09-11 06:38:29,3.0,31.56,103.3,9
2014-09-10 16:59:29,4.2,27.11,103.38,10
2014-09-10 13:12:28,4.0,24.33,122.1,5
2014-09-10 03:36:24,4.0,36.41,76.12,6
2014-09-09 20:04:57,3.4,42.29,84.96,6
2014-09-08 12:37:37,3.6,25.52,101.93,14
2014-09-08 10:40:36,3.2,27.12,103.44,5
2014-09-08 02:30:45,3.2,39.07,99.52,9
2014-09-07 07:33:11,4.3,24.2,122.4,5
2014-09-06 21:16:03,3.8,36.51,82.49,10
2014-09-06 18:37:41,4.3,40.3,115.4,10
2014-09-06 11:34:33,3.1,24.97,97.87,8
2014-09-05 19:31:49,3.4,38.58,102.36,6
2014-09-03 16:45:39,3.1,43.93,125.84,0
2014-09-03 14:22:43,3.1,39.17,106.05,0
2014-08-30 23:26:49,3.1,38.73,90.74,7
2014-08-30 16:43:25,3.3,37.66,76.06,114
2014-08-30 07:05:42,3.8,42.39,109.75,18
2014-08-29 19:01:19,3.1,30.08,88.21,5
2014-08-27 22:05:23,3.6,41.94,82.62,5
2014-08-27 19:57:53,3.0,42.34,84.47,8
2014-08-27 18:45:11,4.0,23.01,100.96,5
2014-08-26 09:10:10,3.8,39.02,101.17,26
2014-08-25 07:10:09,3.5,26.0,100.61,11
2014-08-24 09:08:51,3.0,27.94,101.36,15
2014-08-24 03:21:32,3.3,36.01,82.5,6
2014-08-23 10:29:12,3.0,27.05,103.38,5
2014-08-22 07:54:43,3.8,40.48,122.32,6
2014-08-22 03:29:36,3.3,32.56,105.27,14
2014-08-21 20:00:29,3.0,31.46,105.22,14
2014-08-21 13:26:40,3.1,38.34,76.22,7
2014-08-21 13:11:18,3.4,25.89,100.51,5
2014-08-21 12:11:01,4.2,25.86,100.48,12
2014-08-21 00:42:17,3.1,24.98,102.21,5
2014-08-20 18:20:52,4.0,28.12,103.55,11
2014-08-20 12:35:05,3.2,25.02,97.86,7
2014-08-20 01:43:50,3.2,39.29,78.3,9
2014-08-19 01:30:10,3.3,25.01,97.81,7
2014-08-18 20:05:52,3.0,24.95,97.78,7
2014-08-18 11:35:25,3.0,42.31,84.35,2
2014-08-18 04:42:07,3.0,47.2,121.36,8
2014-08-17 17:11:43,4.2,28.11,103.51,13
2014-08-17 16:45:51,4.0,28.11,103.51,12
2014-08-17 06:18:36,3.4,28.1,103.52,6
2014-08-17 06:08:58,3.5,28.11,103.54,5
2014-08-17 06:07:58,5.0,28.1,103.5,7
2014-08-15 13:06:55,3.0,42.04,83.19,5
2014-08-15 04:22:51,4.4,21.74,120.76,9
2014-08-15 04:19:54,3.2,44.68,92.95,0
2014-08-14 19:39:18,3.6,41.74,82.2,10
2014-08-14 17:20:03,3.8,40.71,77.58,10
2014-08-14 12:08:38,3.1,37.0,95.89,7
2014-08-13 20:16:27,3.3,27.07,103.4,15
2014-08-13 16:17:31,3.6,41.08,78.73,7
2014-08-13 04:36:25,3.7,30.04,88.21,6
2014-08-12 18:42:16,3.1,31.61,103.99,21
2014-08-11 20:17:12,4.0,33.3,88.04,6
2014-08-11 18:50:02,4.5,34.82,98.95,7
2014-08-11 04:32:53,3.4,45.76,90.72,9
2014-08-10 20:48:03,3.4,36.04,82.36,7
2014-08-10 12:39:11,3.5,27.04,103.42,9
2014-08-09 14:53:40,4.0,31.82,104.14,21
2014-08-09 11:31:28,3.2,39.46,77.31,10
2014-08-08 14:39:28,3.2,27.1,103.37,10
2014-08-08 10:18:38,3.0,39.81,106.33,10
2014-08-08 06:22:27,3.0,31.41,103.92,19
2014-08-07 18:28:37,3.5,33.19,96.54,6
2014-08-07 07:25:24,3.1,27.04,103.41,5
2014-08-06 11:46:12,4.5,22.2,121.5,60
2014-08-06 10:58:41,3.0,31.84,121.8,7
2014-08-05 11:50:58,4.0,39.65,82.6,3
2014-08-04 07:06:10,3.1,27.09,103.36,5
2014-08-04 03:30:31,4.2,27.08,103.36,5
2014-08-03 22:28:29,4.1,27.11,103.34,11
2014-08-03 21:47:07,4.1,27.12,103.36,5
2014-08-03 19:46:31,3.1,27.03,103.41,8
2014-08-03 19:07:20,4.0,27.09,103.39,5
2014-08-03 18:34:00,3.1,27.11,103.38,9
2014-08-03 18:12:41,3.1,27.09,103.37,5
2014-08-03 16:45:18,3.3,27.09,103.36,5
2014-08-03 16:30:10,6.5,27.1,103.34,12
2014-08-03 15:34:09,3.8,34.66,85.85,7
2014-08-03 14:20:59,3.3,41.15,84.4,4
2014-08-03 13:57:33,5.0,29.0,85.5,10
2014-08-03 13:46:22,3.7,28.8,85.4,9
2014-08-03 13:02:15,3.4,29.14,85.65,6
2014-08-02 23:29:47,3.0,41.8,123.9,0
2014-08-02 06:03:18,3.0,44.38,81.0,5
2014-08-01 16:18:18,3.0,30.1,116.22,5
2014-08-01 03:30:45,3.1,24.97,97.81,8
2014-07-31 16:57:25,3.0,39.14,106.1,0
2014-07-31 12:33:41,3.4,25.88,100.5,5
2014-07-31 10:17:05,3.0,28.8,116.79,5
2014-07-30 07:40:34,3.1,31.7,99.99,17
2014-07-30 04:10:05,3.0,24.96,97.77,5
2014-07-29 17:09:37,4.6,31.43,105.2,15
2014-07-29 16:20:14,4.9,31.48,105.25,15
2014-07-29 03:30:53,3.1,31.44,105.23,18
2014-07-29 01:27:29,3.3,31.42,105.21,16
2014-07-28 13:55:54,3.0,24.99,98.73,11
2014-07-27 13:40:19,3.2,44.12,83.1,7
2014-07-27 09:42:07,3.2,40.8,80.1,7
2014-07-27 00:11:01,3.1,42.85,82.04,10
2014-07-26 21:26:18,3.5,25.89,100.5,5
2014-07-26 17:12:04,3.1,31.79,104.1,11
2014-07-26 04:03:44,3.9,37.1,98.9,8
2014-07-25 00:48:52,3.2,31.99,117.48,12
2014-07-24 11:08:21,4.6,39.28,81.13,7
2014-07-20 18:03:46,3.7,31.52,104.06,20
2014-07-19 20:16:16,3.6,39.4,78.21,6
2014-07-18 12:55:27,3.4,39.9,100.65,5
2014-07-17 14:11:52,4.7,22.26,121.39,8
2014-07-17 12:12:25,3.2,40.54,77.27,9
2014-07-17 08:06:27,3.2,39.04,75.66,11
2014-07-16 12:06:36,3.6,37.17,85.85,7
2014-07-14 17:51:39,3.1,27.92,101.42,15
2014-07-14 04:36:34,3.0,41.92,83.95,7
2014-07-12 07:05:22,3.7,31.06,86.66,8
2014-07-11 21:11:47,5.1,26.3,125.9,130
2014-07-11 21:01:28,3.6,29.38,104.82,21
2014-07-11 19:56:42,3.6,29.64,103.1,16
2014-07-11 13:43:24,4.2,23.9,114.46,12
2014-07-09 22:09:16,3.0,32.7,92.71,8
2014-07-09 05:52:47,5.1,39.31,78.27,8
2014-07-09 02:18:46,4.0,36.63,77.48,100
2014-07-08 17:46:06,3.1,27.92,101.43,10
2014-07-08 08:31:09,3.0,39.82,75.89,8
2014-07-08 06:23:24,3.0,39.67,96.97,24
2014-07-06 12:15:09,4.2,38.46,89.05,7
2014-07-04 13:58:46,3.3,28.06,88.01,8
2014-07-04 12:11:26,3.3,27.89,101.43,8
2014-07-03 08:06:09,3.4,42.57,88.6,8
2014-07-03 05:05:28,3.2,35.71,81.96,6
2014-07-02 19:42:19,3.1,24.99,97.88,6
2014-06-30 04:47:59,3.2,33.69,89.86,6
2014-06-30 03:23:57,3.1,24.96,97.86,8
2014-06-30 00:46:34,3.0,38.81,75.37,10
2014-06-29 23:08:49,3.2,36.58,82.51,10
2014-06-29 12:51:12,3.4,22.66,102.31,10
2014-06-29 08:55:04,3.2,39.51,74.0,8
2014-06-28 06:12:11,3.5,33.98,92.47,6
2014-06-26 04:05:51,3.4,40.5,122.37,8
2014-06-25 08:03:12,3.1,27.94,101.43,12
2014-06-25 05:40:27,3.2,28.89,96.54,4
2014-06-24 08:15:37,3.6,28.13,104.67,15
2014-06-23 19:58:50,3.3,30.3,102.99,16
2014-06-22 20:26:11,3.9,24.67,122.71,60
2014-06-21 10:21:07,3.7,23.49,121.66,13
2014-06-21 03:35:55,4.0,40.18,75.97,10
2014-06-20 11:13:24,3.3,24.99,97.75,12
2014-06-20 11:03:57,3.3,37.6,95.93,10
2014-06-19 22:49:38,3.0,43.62,86.38,10
2014-06-19 10:30:09,3.1,38.99,110.58,0
2014-06-19 02:22:44,3.4,24.97,97.83,13
2014-06-18 02:40:51,3.0,43.45,81.96,7
2014-06-17 08:33:39,3.4,44.67,124.07,11
2014-06-17 01:39:45,4.3,24.99,97.75,11
2014-06-15 18:08:03,3.2,32.54,105.14,12
2014-06-15 06:22:46,4.5,23.81,121.46,14
2014-06-14 19:33:19,3.8,35.27,81.53,5
2014-06-14 15:27:30,3.7,31.58,104.15,12
2014-06-14 13:24:33,3.3,27.07,92.65,6
2014-06-14 00:16:13,3.6,29.85,86.02,8
2014-06-13 14:09:52,3.0,43.39,82.55,6
2014-06-13 07:52:50,3.2,43.14,88.52,8
2014-06-13 02:37:17,3.2,25.04,97.85,12
2014-06-11 22:46:44,3.1,31.25,103.6,15
2014-06-11 08:48:24,3.4,31.44,86.67,7
2014-06-10 09:28:07,3.6,32.54,105.14,9
2014-06-10 08:12:06,3.3,42.09,80.63,7
2014-06-10 07:54:13,4.8,32.56,105.17,15
2014-06-10 01:10:59,3.1,30.41,102.72,17
2014-06-09 22:58:29,3.0,24.96,97.86,5
2014-06-09 21:34:42,4.3,44.65,80.75,8
2014-06-09 20:51:16,3.2,38.13,100.11,2
2014-06-09 18:14:16,3.3,44.38,83.53,6
2014-06-09 03:32:42,3.0,42.03,87.9,6
2014-06-08 23:10:02,3.2,25.03,97.83,12
2014-06-07 23:00:45,3.2,28.41,95.52,5
2014-06-07 18:19:13,3.0,35.91,82.08,9
2014-06-06 08:16:35,4.4,34.25,89.26,8
2014-06-06 04:38:58,3.0,37.69,75.16,7
2014-06-05 13:58:03,3.0,30.31,103.02,13
2014-06-04 14:21:40,3.1,42.33,85.4,9
2014-06-04 11:01:40,3.3,24.98,97.83,13
2014-06-03 13:34:45,4.1,24.99,97.86,11
2014-05-31 21:20:53,3.0,35.98,82.4,9
2014-05-31 09:50:46,3.0,24.99,97.84,5
2014-05-31 03:19:37,3.4,25.0,97.82,11
2014-05-31 01:12:24,3.3,24.99,97.84,11
2014-05-30 23:53:36,4.5,24.97,97.86,5
2014-05-30 22:29:49,3.5,25.0,97.82,12
2014-05-30 21:57:06,3.2,25.03,97.82,14
2014-05-30 21:56:46,3.2,25.01,97.83,14
2014-05-30 19:39:12,3.0,25.02,97.86,7
2014-05-30 19:38:08,3.3,24.99,97.84,5
2014-05-30 19:36:10,3.4,25.02,97.87,7
2014-05-30 17:27:46,3.0,24.94,97.87,5
2014-05-30 15:03:48,3.2,24.96,97.87,5
2014-05-30 12:25:01,3.4,25.05,97.82,15
2014-05-30 11:26:46,3.1,25.04,97.85,11
2014-05-30 10:52:21,3.1,25.05,97.85,11
2014-05-30 10:50:33,3.0,25.02,97.82,14
2014-05-30 10:01:06,3.1,25.04,97.82,14
2014-05-30 09:59:55,3.1,25.04,97.82,13
2014-05-30 09:31:09,3.5,24.97,97.85,8
2014-05-30 09:24:18,3.5,24.96,97.87,15
2014-05-30 09:23:44,3.1,25.05,97.83,11
2014-05-30 09:22:25,3.2,24.96,97.88,9
2014-05-30 09:22:04,3.5,25.05,97.88,15
2014-05-30 09:21:09,4.3,24.99,97.86,8
2014-05-30 09:20:50,5.1,25.07,97.84,14
2014-05-30 09:20:12,6.1,25.03,97.82,12
2014-05-29 10:42:53,3.2,34.93,105.27,7
2014-05-29 00:58:07,4.3,21.8,121.64,9
2014-05-29 00:19:33,3.1,39.01,99.77,8
2014-05-29 00:17:29,3.2,39.01,99.78,4
2014-05-27 21:57:09,4.0,31.92,110.42,7
2014-05-27 15:52:22,4.1,44.69,124.12,7
2014-05-27 15:49:22,3.0,44.67,124.12,9
2014-05-27 15:43:44,3.0,25.0,97.81,12
2014-05-27 13:18:24,3.0,39.17,106.04,0
2014-05-27 09:00:14,3.0,40.5,77.61,9
2014-05-26 06:40:56,3.4,30.89,110.84,5
2014-05-26 04:03:06,3.4,38.39,120.83,12
2014-05-26 02:02:08,3.0,35.4,81.47,7
2014-05-26 01:26:08,3.4,25.02,97.83,12
2014-05-25 20:41:12,4.7,23.03,121.2,5
2014-05-24 07:41:40,3.0,25.02,97.81,13
2014-05-24 06:29:51,3.0,24.97,97.82,5
2014-05-24 05:55:11,3.9,25.0,97.8,5
2014-05-24 05:06:32,3.3,24.99,97.82,5
2014-05-24 05:00:39,3.3,25.05,97.83,15
2014-05-24 04:50:51,3.0,25.04,97.85,14
2014-05-24 04:49:21,5.6,25.01,97.82,12
2014-05-22 10:47:33,3.1,31.65,103.9,15
2014-05-22 00:32:26,3.6,40.17,75.85,8
2014-05-21 11:02:43,3.0,37.78,112.98,8
2014-05-21 08:21:14,5.7,23.7,121.5,20
2014-05-21 08:18:12,3.2,35.75,80.7,6
2014-05-20 22:26:46,3.3,40.65,77.64,9
2014-05-18 02:00:37,3.0,32.06,104.34,19
2014-05-17 18:31:29,3.0,43.6,82.88,8
2014-05-16 14:38:02,3.0,40.36,76.91,8
2014-05-14 13:41:54,3.4,30.84,99.88,10
2014-05-13 22:45:25,3.2,30.79,100.0,12
2014-05-13 17:47:18,3.6,39.21,75.59,8
2014-05-13 04:42:24,3.2,39.22,75.63,5
2014-05-09 17:51:57,3.6,27.93,101.43,13
2014-05-09 00:37:41,4.2,33.12,92.05,7
2014-05-08 22:13:16,3.0,25.48,101.92,11
2014-05-08 06:33:34,3.0,40.48,77.28,5
2014-05-07 22:11:41,4.7,25.5,101.9,13
2014-05-07 03:26:48,3.4,39.75,75.51,8
2014-05-06 10:41:24,3.4,33.12,88.3,8
2014-05-06 05:58:07,3.0,40.16,77.23,10
2014-05-05 04:23:29,4.9,40.66,77.68,10
2014-05-05 00:46:35,3.1,32.06,83.85,8
2014-05-04 22:29:23,3.0,31.44,86.54,6
2014-05-04 20:43:34,4.5,23.95,121.7,22
2014-05-04 15:09:38,3.0,31.94,104.48,14
2014-05-04 10:06:26,3.8,31.96,95.51,10
2014-05-04 08:59:42,3.8,31.96,95.49,10
2014-05-02 06:19:43,3.0,28.22,99.48,5
2014-05-01 19:30:30,3.2,42.04,80.77,8
2014-05-01 15:28:37,3.4,40.46,77.28,8
2014-04-30 14:20:54,5.1,43.06,94.29,9
2014-04-30 04:16:11,3.1,26.17,100.57,10
2014-04-29 21:17:51,3.2,28.24,104.98,10
2014-04-29 01:21:48,3.0,25.47,105.82,10
2014-04-28 10:08:35,3.9,39.23,96.85,6
2014-04-28 08:43:50,5.2,19.77,119.98,4
2014-04-27 22:22:14,3.2,30.82,83.5,7
2014-04-27 21:36:21,4.4,38.33,93.13,6
2014-04-27 19:05:24,3.0,39.59,82.91,6
2014-04-27 16:12:55,3.4,39.23,75.65,3
2014-04-27 04:10:26,3.4,37.11,105.99,5
2014-04-26 15:50:51,3.9,38.31,93.49,10
2014-04-26 00:33:05,3.9,23.61,121.35,7
2014-04-25 16:07:10,3.8,23.93,114.47,7
2014-04-25 14:53:25,3.0,39.26,78.29,7
2014-04-25 13:54:07,3.3,36.73,86.95,10
2014-04-25 05:56:08,3.3,36.74,86.72,8
2014-04-25 00:56:01,3.1,24.48,98.92,14
2014-04-24 01:19:38,3.0,28.1,103.53,7
2014-04-21 00:09:04,3.2,31.09,110.29,5
2014-04-20 16:00:43,4.3,31.4,116.11,10
2014-04-20 03:27:52,4.2,49.53,123.73,10
2014-04-19 18:41:44,3.0,38.17,75.46,92
2014-04-18 15:11:07,3.3,37.58,78.71,9
2014-04-18 09:07:28,3.2,40.48,122.33,10
2014-04-17 13:15:41,3.0,43.52,84.01,10
2014-04-16 03:31:58,3.1,35.05,104.52,6
2014-04-14 11:10:02,3.2,36.4,83.34,6
2014-04-14 00:00:34,3.1,42.12,82.15,10
2014-04-13 00:33:05,3.7,31.52,86.51,6
2014-04-13 00:00:34,3.1,29.95,94.14,5
2014-04-11 10:30:58,4.8,31.7,103.19,17
2014-04-10 22:46:17,3.2,40.36,77.42,8
2014-04-05 23:20:30,3.0,40.39,77.31,10
2014-04-05 19:25:34,3.0,40.4,77.31,10
2014-04-05 07:54:34,3.0,40.35,77.32,10
2014-04-05 06:40:31,5.3,28.13,103.59,13
2014-04-05 05:20:49,3.6,30.01,102.99,10
2014-04-05 01:37:04,3.2,37.93,121.16,5
2014-04-04 23:16:40,3.7,37.26,112.22,5
2014-04-04 19:59:33,3.0,44.4,80.71,6
2014-04-04 10:52:15,3.0,26.18,100.57,14
2014-04-04 09:36:24,3.1,26.17,100.58,9
2014-04-04 09:27:24,4.2,26.17,100.57,14
2014-04-04 00:12:16,4.0,36.8,121.7,9
2014-04-03 23:34:02,3.2,26.18,100.56,14
2014-04-03 21:36:02,3.4,39.57,77.21,9
2014-04-03 07:49:45,3.0,26.19,100.56,14
2014-04-02 14:04:41,4.0,31.18,103.6,15
2014-04-02 04:51:38,3.3,27.92,101.39,6
2014-04-01 17:54:49,3.0,39.12,106.07,5
2014-04-01 07:59:45,3.4,39.84,73.91,7
2014-04-01 03:48:33,4.8,36.9,124.5,10
2014-03-31 19:07:26,3.1,28.08,103.52,12
2014-03-31 01:58:12,3.8,31.41,86.45,7
2014-03-31 01:10:18,5.5,31.43,86.5,10
2014-03-31 00:56:42,3.0,35.93,82.39,6
2014-03-30 00:24:44,4.7,30.93,110.76,5
2014-03-29 10:20:37,3.0,28.25,104.94,11
2014-03-28 14:59:05,3.0,31.43,103.84,16
2014-03-27 23:54:57,3.1,35.94,82.45,7
2014-03-27 17:20:01,3.0,39.25,75.04,10
2014-03-27 00:20:05,4.3,30.92,110.8,7
2014-03-26 03:28:34,3.2,40.47,122.31,9
2014-03-24 02:07:54,3.2,36.01,82.35,8
2014-03-22 20:58:19,5.0,35.99,82.34,8
2014-03-22 03:43:45,3.8,36.24,82.85,6
2014-03-20 13:40:34,4.1,36.23,82.85,7
2014-03-19 20:19:24,5.6,24.06,122.35,8
2014-03-19 20:12:47,3.0,37.8,75.93,117
2014-03-18 08:58:30,3.0,38.47,103.96,8
2014-03-18 00:34:53,3.9,40.7,78.38,9
2014-03-17 22:43:04,3.0,24.71,99.58,5
2014-03-17 21:12:55,4.9,24.09,122.43,8
2014-03-16 04:04:36,4.7,22.26,121.36,9
2014-03-15 04:26:19,3.0,43.64,86.68,11
2014-03-14 20:35:41,3.1,41.84,121.93,5
2014-03-14 19:53:35,3.3,25.63,118.75,11
2014-03-14 02:17:19,3.5,33.87,92.63,9
2014-03-13 21:05:01,3.7,33.15,103.78,15
2014-03-13 14:27:51,3.0,37.7,77.86,10
2014-03-13 01:55:42,4.5,35.95,82.33,8
2014-03-12 21:48:03,3.0,34.85,80.85,8
2014-03-12 20:42:21,3.0,24.59,99.54,5
2014-03-12 08:30:48,3.6,37.6,102.26,4
2014-03-12 07:49:12,3.0,34.81,80.95,11
2014-03-12 04:12:43,3.9,38.47,93.09,8
2014-03-12 04:12:23,3.2,38.46,93.14,10
2014-03-10 21:09:11,3.0,38.86,74.74,7
2014-03-10 19:17:20,3.1,31.65,104.03,18
2014-03-08 21:08:59,3.1,34.39,80.02,8
2014-03-08 14:52:51,3.0,31.31,103.57,17
2014-03-07 16:41:59,4.2,31.5,91.18,5
2014-03-07 06:57:53,3.0,35.94,82.35,10
2014-03-04 07:10:14,3.0,36.22,82.54,6
2014-03-04 03:54:32,3.2,36.16,82.74,8
2014-03-02 22:47:54,3.2,41.3,102.19,8
2014-03-02 22:08:45,3.7,30.91,85.08,7
2014-03-02 05:08:27,3.2,35.73,98.09,2
2014-03-01 04:30:50,3.5,32.67,85.59,6
2014-02-28 11:11:47,3.1,34.89,80.84,7
2014-02-28 03:59:47,3.0,39.35,106.72,8
2014-02-28 02:52:59,3.8,39.32,106.72,7
2014-02-27 22:30:38,3.9,36.1,82.41,7
2014-02-27 16:06:10,3.4,36.23,82.98,6
2014-02-26 14:18:27,3.6,35.95,82.33,8
2014-02-25 10:00:51,3.7,38.23,90.74,10
2014-02-25 09:03:13,3.0,35.9,82.43,9
2014-02-24 13:49:21,3.0,36.19,82.9,7
2014-02-24 13:39:06,3.4,36.26,82.92,10
2014-02-24 10:30:13,3.0,40.51,122.32,5
2014-02-24 04:37:22,3.0,39.0,75.77,8
2014-02-24 01:04:53,3.7,27.14,92.73,8
2014-02-23 16:58:02,3.5,29.43,105.57,6
2014-02-23 10:41:27,3.1,36.08,82.38,6
2014-02-22 12:56:15,4.3,37.6,102.3,6
2014-02-22 04:25:15,4.3,24.77,121.58,63
2014-02-19 20:40:46,3.1,43.27,83.51,11
2014-02-19 01:06:11,3.3,41.21,84.4,4
2014-02-18 06:40:13,3.2,33.98,89.24,6
2014-02-17 19:34:07,3.7,41.22,84.39,10
2014-02-16 19:14:45,3.1,35.91,82.47,7
2014-02-16 09:57:58,3.0,35.98,82.48,7
2014-02-16 03:24:45,3.1,35.89,82.48,7
2014-02-15 20:32:59,4.6,36.02,82.34,8
2014-02-15 20:00:27,3.7,36.0,82.31,7
2014-02-15 15:20:10,3.0,35.86,82.5,6
2014-02-15 12:27:30,3.8,35.93,82.45,8
2014-02-15 09:17:13,3.0,35.99,82.45,6
2014-02-14 20:06:13,3.3,36.14,82.34,9
2014-02-14 19:21:52,3.1,36.04,82.4,7
2014-02-14 15:16:36,3.2,36.07,82.43,7
2014-02-14 14:02:01,3.2,36.01,82.45,8
2014-02-14 09:08:57,4.1,36.01,82.54,8
2014-02-14 05:37:17,4.0,36.02,82.43,7
2014-02-14 05:06:38,3.7,36.12,82.48,7
2014-02-14 04:56:06,3.1,33.81,89.3,8
2014-02-14 03:09:38,3.0,35.97,82.43,6
2014-02-14 03:04:57,3.0,35.72,82.51,9
2014-02-14 02:22:12,3.0,35.98,82.48,6
2014-02-14 00:19:11,3.8,34.43,87.59,7
2014-02-13 20:10:09,3.0,36.03,82.46,13
2014-02-13 17:51:39,3.8,36.12,82.4,7
2014-02-13 17:20:49,3.0,36.12,82.39,7
2014-02-13 15:34:18,4.1,36.12,82.49,8
2014-02-13 12:25:33,3.2,36.31,82.88,10
2014-02-13 12:03:07,3.2,35.95,82.39,9
2014-02-13 08:08:41,4.7,36.02,82.48,6
2014-02-13 08:07:03,4.5,35.95,82.54,7
2014-02-13 07:57:13,3.3,36.0,82.42,6
2014-02-13 05:39:16,3.3,35.9,82.55,7
2014-02-13 04:51:24,4.2,36.0,82.44,7
2014-02-13 03:09:22,4.9,36.03,82.4,6
2014-02-13 02:07:31,3.2,36.0,82.42,9
2014-02-13 02:00:06,4.5,35.93,82.39,7
2014-02-13 00:13:25,3.0,36.0,82.55,8
2014-02-12 22:36:26,3.4,36.04,82.5,6
2014-02-12 21:14:57,3.2,36.12,82.28,8
2014-02-12 20:26:41,4.2,36.21,82.95,6
2014-02-12 20:12:44,3.2,35.88,82.53,9
2014-02-12 19:31:01,3.7,35.98,82.51,6
2014-02-12 19:19:40,3.0,36.11,82.5,6
2014-02-12 19:14:20,4.6,36.15,82.51,8
2014-02-12 18:10:17,3.4,36.03,82.48,9
2014-02-12 18:04:58,3.2,36.09,82.45,6
2014-02-12 18:00:59,3.1,37.23,82.23,9
2014-02-12 18:00:07,4.9,36.04,82.46,6
2014-02-12 17:55:06,3.4,35.95,82.5,7
2014-02-12 17:41:49,3.8,36.1,82.51,6
2014-02-12 17:36:08,4.2,35.96,82.51,9
2014-02-12 17:33:04,3.0,37.02,82.23,12
2014-02-12 17:30:28,3.4,35.99,82.5,11
2014-02-12 17:29:44,3.3,35.95,82.44,8
2014-02-12 17:27:46,3.7,36.11,82.5,6
2014-02-12 17:26:43,4.2,36.1,82.6,14
2014-02-12 17:26:03,3.4,36.11,82.51,9
2014-02-12 17:25:55,3.6,36.11,82.5,6
2014-02-12 17:24:43,5.7,36.0,82.45,5
2014-02-12 17:23:27,4.1,36.1,82.5,5
2014-02-12 17:22:20,4.3,36.1,82.5,5
2014-02-12 17:19:50,7.3,36.1,82.5,12
2014-02-11 22:28:40,3.6,33.63,89.36,5
2014-02-11 20:33:47,3.1,36.11,82.53,7
2014-02-11 10:17:30,3.7,35.96,82.54,9
2014-02-11 10:14:57,5.4,36.1,82.4,11
2014-02-11 09:15:29,5.1,33.8,89.2,20
2014-02-11 09:15:09,3.2,40.44,122.33,8
2014-02-08 00:24:46,4.0,24.0,122.4,8
2014-02-07 16:56:37,4.3,31.97,90.35,6
2014-02-07 15:18:10,3.0,43.2,90.06,8
2014-02-06 12:13:55,4.0,37.94,75.77,112
2014-02-05 20:32:17,3.6,22.81,101.01,7
2014-02-05 03:42:22,3.8,30.38,85.83,7
2014-02-04 12:16:10,3.4,48.91,124.46,6
2014-02-03 02:51:08,4.9,20.32,120.26,6
2014-02-02 15:55:26,3.1,31.11,101.38,10
2014-01-30 20:13:30,3.6,30.16,99.86,12
2014-01-30 19:30:29,3.2,30.18,99.86,9
2014-01-30 05:04:06,3.0,31.33,103.46,18
2014-01-29 10:14:51,4.1,23.21,121.38,9
2014-01-29 08:46:07,3.0,40.13,75.73,7
2014-01-28 20:06:33,3.2,31.44,96.49,6
2014-01-28 20:01:59,4.6,22.54,101.14,10
2014-01-28 19:41:39,3.0,39.75,75.4,6
2014-01-26 16:28:13,3.3,39.39,76.98,8
2014-01-25 11:16:11,4.0,23.9,121.55,7
2014-01-24 14:57:10,4.0,36.75,86.72,10
2014-01-24 13:14:34,3.1,35.62,78.41,5
2014-01-24 06:51:28,3.9,24.64,122.78,8
2014-01-24 05:26:05,3.1,27.92,101.43,10
2014-01-22 15:29:30,3.6,30.04,88.19,7
2014-01-22 13:21:56,3.8,34.2,79.89,10
2014-01-21 22:08:21,3.5,25.84,100.6,5
2014-01-21 10:01:47,3.1,37.47,96.61,23
2014-01-21 02:55:18,3.3,32.92,103.96,9
2014-01-20 20:10:36,3.0,31.1,110.51,5
2014-01-19 23:33:09,4.2,32.97,93.81,10
2014-01-19 13:46:23,3.2,30.36,102.96,17
2014-01-19 12:32:16,3.0,32.23,104.53,17
2014-01-18 23:53:29,3.7,32.45,121.61,10
2014-01-18 22:01:05,3.5,25.01,97.82,14
2014-01-18 09:26:45,3.4,35.16,87.48,5
2014-01-17 17:30:58,3.1,31.52,103.94,16
2014-01-17 16:19:36,3.3,33.09,85.06,7
2014-01-17 04:53:23,3.1,32.07,105.39,17
2014-01-17 01:47:22,4.8,31.9,90.5,9
2014-01-16 20:43:26,3.0,31.67,109.65,7
2014-01-16 09:48:05,3.0,39.31,77.67,7
2014-01-15 04:49:12,3.5,33.29,87.13,17
2014-01-15 03:50:04,4.5,22.87,121.16,7
2014-01-15 03:17:42,4.4,26.88,101.18,11
2014-01-15 02:38:12,4.6,22.83,121.15,9
2014-01-15 00:44:26,4.4,23.91,120.99,7
2014-01-14 23:30:38,3.2,28.36,104.93,18
2014-01-13 00:07:54,3.6,31.94,90.27,8
2014-01-12 00:22:26,3.2,27.94,101.4,10
2014-01-08 07:16:21,3.2,31.46,103.26,5
2014-01-07 22:24:07,4.3,36.79,121.67,7
2014-01-07 02:49:44,4.4,25.47,122.58,216
2014-01-05 20:21:44,3.9,30.21,102.89,18
2014-01-04 15:35:24,3.0,38.83,75.23,7
2014-01-04 02:11:43,3.3,27.95,101.37,8
2014-01-02 17:15:31,3.0,37.84,104.52,7
